postal_code,place_name,admin_name1,admin_name2,admin_name3,latitude,longitude,punktow_w_kodzie,point_wkt
30-001,Kraków,Lesser Poland,Kraków,Kraków,50.0759,19.941,1,POINT(19.941000 50.075900)
30-002,Kraków,Lesser Poland,Kraków,Kraków,50.077,19.9364,1,POINT(19.936400 50.077000)
30-003,Kraków,Lesser Poland,Kraków,Kraków,50.0742,19.9324,1,POINT(19.932400 50.074200)
30-004,Kraków,Lesser Poland,Kraków,Kraków,50.0738,19.9349,1,POINT(19.934900 50.073800)
30-006,Kraków,Lesser Poland,Kraków,Kraków,50.0756,19.9314,1,POINT(19.931400 50.075600)
30-007,Kraków,Lesser Poland,Kraków,Kraków,50.0722,19.9302,1,POINT(19.930200 50.072200)
30-009,Kraków,Lesser Poland,Kraków,Kraków,50.077,19.9326,1,POINT(19.932600 50.077000)
30-010,Kraków,Lesser Poland,Kraków,Kraków,50.0773,19.9326,1,POINT(19.932600 50.077300)
30-011,Kraków,Lesser Poland,Kraków,Kraków,50.0778,19.9264,1,POINT(19.926400 50.077800)
30-012,Kraków,Lesser Poland,Kraków,Kraków,50.0791,19.9237,1,POINT(19.923700 50.079100)
30-014,Kraków,Lesser Poland,Kraków,Kraków,50.0768,19.9244,1,POINT(19.924400 50.076800)
30-015,Kraków,Lesser Poland,Kraków,Kraków,50.0743,19.9298,1,POINT(19.929800 50.074300)
30-016,Kraków,Lesser Poland,Kraków,Kraków,50.0839,19.9318,1,POINT(19.931800 50.083900)
30-017,Kraków,Lesser Poland,Kraków,Kraków,50.0791,19.9196,1,POINT(19.919600 50.079100)
30-018,Kraków,Lesser Poland,Kraków,Kraków,50.0733,19.9325,1,POINT(19.932500 50.073300)
30-019,Kraków,Lesser Poland,Kraków,Kraków,50.0748,19.9265,1,POINT(19.926500 50.074800)
30-020,Kraków,Lesser Poland,Kraków,Kraków,50.0757,19.9268,1,POINT(19.926800 50.075700)
30-021,Kraków,Lesser Poland,Kraków,Kraków,50.0748,19.9233,1,POINT(19.923300 50.074800)
30-022,Kraków,Lesser Poland,Kraków,Kraków,50.0772,19.9226,1,POINT(19.922600 50.077200)
30-023,Kraków,Lesser Poland,Kraków,Kraków,50.0752,19.9136,1,POINT(19.913600 50.075200)
30-024,Kraków,Lesser Poland,Kraków,Kraków,49.9898,19.9528,1,POINT(19.952800 49.989800)
30-033,Kraków,Lesser Poland,Kraków,Kraków,50.0712,19.9264,1,POINT(19.926400 50.071200)
30-034,Kraków,Lesser Poland,Kraków,Kraków,50.072,19.9268,1,POINT(19.926800 50.072000)
30-035,Kraków,Lesser Poland,Kraków,Kraków,50.0731,19.9261,1,POINT(19.926100 50.073100)
30-036,Kraków,Lesser Poland,Kraków,Kraków,50.0733,19.9295,1,POINT(19.929500 50.073300)
30-037,Kraków,Lesser Poland,Kraków,Kraków,50.0705,19.9273,1,POINT(19.927300 50.070500)
30-038,Kraków,Lesser Poland,Kraków,Kraków,50.0709,19.9271,1,POINT(19.927100 50.070900)
30-039,Kraków,Lesser Poland,Kraków,Kraków,50.071,19.9246,1,POINT(19.924600 50.071000)
30-040,Kraków,Lesser Poland,Kraków,Kraków,50.0719,19.9209,1,POINT(19.920900 50.071900)
30-042,Kraków,Lesser Poland,Kraków,Kraków,50.0732,19.9228,1,POINT(19.922800 50.073200)
30-043,Kraków,Lesser Poland,Kraków,Kraków,50.0735,19.9238,1,POINT(19.923800 50.073500)
30-045,Kraków,Lesser Poland,Kraków,Kraków,50.0693,19.9289,1,POINT(19.928900 50.069300)
30-046,Kraków,Lesser Poland,Kraków,Kraków,50.0702,19.9218,1,POINT(19.921800 50.070200)
30-047,Kraków,Lesser Poland,Kraków,Kraków,50.068,19.9222,1,POINT(19.922200 50.068000)
30-048,Kraków,Lesser Poland,Kraków,Kraków,50.0702,19.9202,1,POINT(19.920200 50.070200)
30-049,Kraków,Lesser Poland,Kraków,Kraków,50.0682,19.9197,1,POINT(19.919700 50.068200)
30-050,Borek Szlachecki,Lesser Poland,Powiat krakowski,Gmina Skawina,50.002633333333335,19.837033333333334,3,POINT(19.837033 50.002633)
30-051,Kraków,Lesser Poland,Kraków,Kraków,50.0691,19.9183,1,POINT(19.918300 50.069100)
30-052,Kraków,Lesser Poland,Kraków,Kraków,50.0712,19.9177,1,POINT(19.917700 50.071200)
30-053,Wola Radziszowska,Lesser Poland,Powiat krakowski,Gmina Skawina,49.9897,19.852249999999998,2,POINT(19.852250 49.989700)
30-054,Kraków,Lesser Poland,Kraków,Kraków,50.0521,19.9357,1,POINT(19.935700 50.052100)
30-055,Kraków,Lesser Poland,Kraków,Kraków,50.0674,19.9129,1,POINT(19.912900 50.067400)
30-056,Kraków,Lesser Poland,Kraków,Kraków,50.0693,19.9108,1,POINT(19.910800 50.069300)
30-057,Kraków,Lesser Poland,Kraków,Kraków,50.068,19.9166,1,POINT(19.916600 50.068000)
30-058,Kraków,Lesser Poland,Kraków,Kraków,50.0717,19.9104,1,POINT(19.910400 50.071700)
30-059,Kraków,Lesser Poland,Kraków,Kraków,50.0647,19.9166,1,POINT(19.916600 50.064700)
30-060,Kraków,Lesser Poland,Kraków,Kraków,50.0612,19.9208,1,POINT(19.920800 50.061200)
30-062,Kraków,Lesser Poland,Kraków,Kraków,50.0613,19.914,1,POINT(19.914000 50.061300)
30-063,Kraków,Lesser Poland,Kraków,Kraków,50.0609,19.9173,1,POINT(19.917300 50.060900)
30-064,Rudawa,Lesser Poland,Powiat krakowski,Zabierzów,50.1187,19.7066,1,POINT(19.706600 50.118700)
30-065,Kraków,Lesser Poland,Kraków,Kraków,50.0656,19.9051,1,POINT(19.905100 50.065600)
30-066,Kraków,Lesser Poland,Kraków,Kraków,50.0645,19.9043,1,POINT(19.904300 50.064500)
30-067,Kraków,Lesser Poland,Kraków,Kraków,50.0703,19.9048,1,POINT(19.904800 50.070300)
30-069,Kraków,Lesser Poland,Kraków,Kraków,50.0733,19.9067,1,POINT(19.906700 50.073300)
30-070,Kraków,Lesser Poland,Kraków,Kraków,50.0747,19.913,1,POINT(19.913000 50.074700)
30-071,Kraków,Lesser Poland,Kraków,Kraków,50.0712,19.9081,1,POINT(19.908100 50.071200)
30-072,Kraków,Lesser Poland,Kraków,Kraków,50.0686,19.9071,1,POINT(19.907100 50.068600)
30-073,Kraków,Lesser Poland,Kraków,Kraków,50.0668,19.9051,1,POINT(19.905100 50.066800)
30-074,Kraków,Lesser Poland,Kraków,Kraków,50.0733,19.9194,1,POINT(19.919400 50.073300)
30-075,Kraków,Lesser Poland,Kraków,Kraków,50.0753,19.9187,1,POINT(19.918700 50.075300)
30-076,Kraków,Lesser Poland,Kraków,Kraków,50.0759,19.9145,1,POINT(19.914500 50.075900)
30-077,Kraków,Lesser Poland,Kraków,Kraków,50.0758,19.9116,1,POINT(19.911600 50.075800)
30-078,Kraków,Lesser Poland,Kraków,Kraków,50.0738,19.9168,1,POINT(19.916800 50.073800)
30-079,Kraków,Lesser Poland,Kraków,Kraków,50.0753,19.9188,1,POINT(19.918800 50.075300)
30-080,Kraków,Lesser Poland,Kraków,Kraków,50.0728,19.9111,1,POINT(19.911100 50.072800)
30-081,Kraków,Lesser Poland,Kraków,Kraków,50.074,19.9147,1,POINT(19.914700 50.074000)
30-082,Karniowice,Lesser Poland,Powiat krakowski,Zabierzów,50.11625,19.84335,2,POINT(19.843350 50.116250)
30-083,Balice,Lesser Poland,Powiat krakowski,Zabierzów,50.07965,19.8532,2,POINT(19.853200 50.079650)
30-084,Kraków,Lesser Poland,Kraków,Kraków,50.077,19.9031,1,POINT(19.903100 50.077000)
30-085,Kraków,Lesser Poland,Kraków,Kraków,50.0784,19.9065,1,POINT(19.906500 50.078400)
30-086,Kraków,Lesser Poland,Kraków,Kraków,50.0801,19.9058,1,POINT(19.905800 50.080100)
30-087,Kraków,Lesser Poland,Kraków,Kraków,50.0794,19.9035,1,POINT(19.903500 50.079400)
30-090,Niedźwiedź,Lesser Poland,Powiat krakowski,Gmina Słomniki,50.2132,20.0698,2,POINT(20.069800 50.213200)
30-091,Kraków,Lesser Poland,Kraków,Kraków,50.0794,19.8967,1,POINT(19.896700 50.079400)
30-092,Kraków,Lesser Poland,Kraków,Kraków,50.0792,19.9003,1,POINT(19.900300 50.079200)
30-094,Kraków,Lesser Poland,Kraków,Kraków,50.0803,19.898,1,POINT(19.898000 50.080300)
30-095,Kraków,Lesser Poland,Kraków,Kraków,50.0818,19.8959,1,POINT(19.895900 50.081800)
30-101,Kraków,Lesser Poland,Kraków,Kraków,50.0566,19.9264,1,POINT(19.926400 50.056600)
30-102,Kraków,Lesser Poland,Kraków,Kraków,50.0565,19.9251,1,POINT(19.925100 50.056500)
30-103,Kraków,Lesser Poland,Kraków,Kraków,50.0552,19.9237,1,POINT(19.923700 50.055200)
30-105,Kraków,Lesser Poland,Kraków,Kraków,50.0538,19.9235,1,POINT(19.923500 50.053800)
30-106,Kraków,Lesser Poland,Kraków,Kraków,50.0548,19.9233,1,POINT(19.923300 50.054800)
30-107,Kraków,Lesser Poland,Kraków,Kraków,50.0545,19.9205,1,POINT(19.920500 50.054500)
30-108,Kraków,Lesser Poland,Kraków,Kraków,50.0555,19.9268,1,POINT(19.926800 50.055500)
30-109,Kraków,Lesser Poland,Kraków,Kraków,50.0549,19.9204,1,POINT(19.920400 50.054900)
30-110,Kraków,Lesser Poland,Kraków,Kraków,50.0561,19.9195,1,POINT(19.919500 50.056100)
30-111,Kraków,Lesser Poland,Kraków,Kraków,50.0581,19.9174,1,POINT(19.917400 50.058100)
30-112,Kraków,Lesser Poland,Kraków,Kraków,50.0575,19.9239,1,POINT(19.923900 50.057500)
30-113,Kraków,Lesser Poland,Kraków,Kraków,50.0723,19.9044,1,POINT(19.904400 50.072300)
30-114,Kraków,Lesser Poland,Kraków,Kraków,50.0528,19.9189,1,POINT(19.918900 50.052800)
30-116,Kraków,Lesser Poland,Kraków,Kraków,50.0555,19.9147,1,POINT(19.914700 50.055500)
30-117,Kraków,Lesser Poland,Kraków,Kraków,50.0565,19.9142,1,POINT(19.914200 50.056500)
30-118,Kraków,Lesser Poland,Kraków,Kraków,50.0569,19.9155,1,POINT(19.915500 50.056900)
30-119,Kraków,Lesser Poland,Kraków,Kraków,50.0577,19.9268,1,POINT(19.926800 50.057700)
30-120,Kraków,Lesser Poland,Kraków,Kraków,50.0645,19.8979,1,POINT(19.897900 50.064500)
30-121,Kraków,Lesser Poland,Kraków,Kraków,50.0822,19.8894,1,POINT(19.889400 50.082200)
30-122,Kraków,Lesser Poland,Kraków,Kraków,50.076,19.9014,1,POINT(19.901400 50.076000)
30-123,Kraków,Lesser Poland,Kraków,Kraków,50.0758,19.9034,1,POINT(19.903400 50.075800)
30-124,Kraków,Lesser Poland,Kraków,Kraków,50.0751,19.9038,1,POINT(19.903800 50.075100)
30-126,Kraków,Lesser Poland,Kraków,Kraków,50.0775,19.8992,1,POINT(19.899200 50.077500)
30-127,Kraków,Lesser Poland,Kraków,Kraków,50.0769,19.8974,1,POINT(19.897400 50.076900)
30-128,Kraków,Lesser Poland,Kraków,Kraków,50.0747,19.8966,1,POINT(19.896600 50.074700)
30-129,Kraków,Lesser Poland,Kraków,Kraków,50.0758,19.8988,1,POINT(19.898800 50.075800)
30-130,Kraków,Lesser Poland,Kraków,Kraków,50.0763,19.9003,1,POINT(19.900300 50.076300)
30-131,Kraków,Lesser Poland,Kraków,Kraków,50.0735,19.9013,1,POINT(19.901300 50.073500)
30-132,Kraków,Lesser Poland,Kraków,Kraków,50.0732,19.9026,1,POINT(19.902600 50.073200)
30-133,Kraków,Lesser Poland,Kraków,Kraków,50.0727,19.8968,1,POINT(19.896800 50.072700)
30-134,Kraków,Lesser Poland,Kraków,Kraków,50.0745,19.892,1,POINT(19.892000 50.074500)
30-135,Kraków,Lesser Poland,Kraków,Kraków,50.0743,19.8851,1,POINT(19.885100 50.074300)
30-136,Kraków,Lesser Poland,Kraków,Kraków,50.0736,19.8935,1,POINT(19.893500 50.073600)
30-138,Kraków,Lesser Poland,Kraków,Kraków,50.0748,19.8846,1,POINT(19.884600 50.074800)
30-139,Kraków,Lesser Poland,Kraków,Kraków,50.0794,19.8896,1,POINT(19.889600 50.079400)
30-142,Kraków,Lesser Poland,Kraków,Kraków,50.0695,19.8904,1,POINT(19.890400 50.069500)
30-143,Kraków,Lesser Poland,Kraków,Kraków,50.0675,19.8899,1,POINT(19.889900 50.067500)
30-144,Kraków,Lesser Poland,Kraków,Kraków,50.0689,19.8832,1,POINT(19.883200 50.068900)
30-145,Kraków,Lesser Poland,Kraków,Kraków,50.0706,19.8835,1,POINT(19.883500 50.070600)
30-146,Kraków,Lesser Poland,Kraków,Kraków,50.0724,19.8792,1,POINT(19.879200 50.072400)
30-147,Kraków,Lesser Poland,Kraków,Kraków,50.0755,19.8814,1,POINT(19.881400 50.075500)
30-148,Kraków,Lesser Poland,Kraków,Kraków,50.0787,19.874,1,POINT(19.874000 50.078700)
30-149,Kraków,Lesser Poland,Kraków,Kraków,50.0811,19.8707,1,POINT(19.870700 50.081100)
30-150,Kraków,Lesser Poland,Kraków,Kraków,50.0722,19.8944,1,POINT(19.894400 50.072200)
30-198,Kraków,Lesser Poland,Kraków,Kraków,50.084,19.8489,1,POINT(19.848900 50.084000)
30-199,Pisary,Lesser Poland,Powiat krakowski,Zabierzów,50.102466666666665,19.8073,3,POINT(19.807300 50.102467)
30-201,Kraków,Lesser Poland,Kraków,Kraków,50.054,19.9137,1,POINT(19.913700 50.054000)
30-202,Kraków,Lesser Poland,Kraków,Kraków,50.0553,19.907,1,POINT(19.907000 50.055300)
30-203,Kraków,Lesser Poland,Kraków,Kraków,50.0525,19.9091,1,POINT(19.909100 50.052500)
30-204,Kraków,Lesser Poland,Kraków,Kraków,50.052,19.8997,1,POINT(19.899700 50.052000)
30-205,Kraków,Lesser Poland,Kraków,Kraków,50.0506,19.8955,1,POINT(19.895500 50.050600)
30-206,Kraków,Lesser Poland,Kraków,Kraków,50.049,19.8998,1,POINT(19.899800 50.049000)
30-207,Kraków,Lesser Poland,Kraków,Kraków,50.0477,19.902,1,POINT(19.902000 50.047700)
30-208,Kraków,Lesser Poland,Kraków,Kraków,50.0521,19.9079,1,POINT(19.907900 50.052100)
30-209,Kraków,Lesser Poland,Kraków,Kraków,50.0559,19.9049,1,POINT(19.904900 50.055900)
30-210,Kraków,Lesser Poland,Kraków,Kraków,50.0583,19.8962,1,POINT(19.896200 50.058300)
30-211,Kraków,Lesser Poland,Kraków,Kraków,50.0589,19.8996,1,POINT(19.899600 50.058900)
30-212,Kraków,Lesser Poland,Kraków,Kraków,50.0605,19.8925,1,POINT(19.892500 50.060500)
30-213,Kraków,Lesser Poland,Kraków,Kraków,50.0604,19.8984,1,POINT(19.898400 50.060400)
30-214,Kraków,Lesser Poland,Kraków,Kraków,50.0619,19.892,1,POINT(19.892000 50.061900)
30-215,Kraków,Lesser Poland,Kraków,Kraków,50.0651,19.8871,1,POINT(19.887100 50.065100)
30-216,Kraków,Lesser Poland,Kraków,Kraków,50.0613,19.8864,1,POINT(19.886400 50.061300)
30-217,Kraków,Lesser Poland,Kraków,Kraków,50.0643,19.8853,1,POINT(19.885300 50.064300)
30-218,Kraków,Lesser Poland,Kraków,Kraków,50.0669,19.8758,1,POINT(19.875800 50.066900)
30-219,Kraków,Lesser Poland,Kraków,Kraków,50.063,19.8794,1,POINT(19.879400 50.063000)
30-220,Kraków,Lesser Poland,Kraków,Kraków,50.066,19.8633,1,POINT(19.863300 50.066000)
30-221,Kraków,Lesser Poland,Kraków,Kraków,50.0686,19.8749,1,POINT(19.874900 50.068600)
30-222,Kraków,Lesser Poland,Kraków,Kraków,50.069,19.8706,1,POINT(19.870600 50.069000)
30-223,Kraków,Lesser Poland,Kraków,Kraków,50.0673,19.8726,1,POINT(19.872600 50.067300)
30-224,Kraków,Lesser Poland,Kraków,Kraków,50.0663,19.8661,1,POINT(19.866100 50.066300)
30-225,Kraków,Lesser Poland,Kraków,Kraków,50.0607,19.8624,1,POINT(19.862400 50.060700)
30-227,Kraków,Lesser Poland,Kraków,Kraków,50.0667,19.8598,1,POINT(19.859800 50.066700)
30-228,Kraków,Lesser Poland,Kraków,Kraków,50.0653,19.8619,1,POINT(19.861900 50.065300)
30-229,Kraków,Lesser Poland,Kraków,Kraków,50.0639,19.8639,1,POINT(19.863900 50.063900)
30-230,Kraków,Lesser Poland,Kraków,Kraków,50.0616,19.867,1,POINT(19.867000 50.061600)
30-231,Kraków,Lesser Poland,Kraków,Kraków,50.0593,19.871,1,POINT(19.871000 50.059300)
30-232,Kraków,Lesser Poland,Kraków,Kraków,50.0598,19.8663,1,POINT(19.866300 50.059800)
30-233,Kraków,Lesser Poland,Kraków,Kraków,50.0628,19.8745,1,POINT(19.874500 50.062800)
30-234,Kraków,Lesser Poland,Kraków,Kraków,50.0699,19.8595,1,POINT(19.859500 50.069900)
30-235,Kraków,Lesser Poland,Kraków,Kraków,50.0716,19.8638,1,POINT(19.863800 50.071600)
30-236,Kraków,Lesser Poland,Kraków,Kraków,50.0729,19.8556,1,POINT(19.855600 50.072900)
30-237,Kraków,Lesser Poland,Kraków,Kraków,50.068,19.8489,1,POINT(19.848900 50.068000)
30-238,Kraków,Lesser Poland,Kraków,Kraków,50.066,19.8463,1,POINT(19.846300 50.066000)
30-239,Kraków,Lesser Poland,Kraków,Kraków,50.0688,19.8443,1,POINT(19.844300 50.068800)
30-240,Kraków,Lesser Poland,Kraków,Kraków,50.0619,19.8331,1,POINT(19.833100 50.061900)
30-241,Kraków,Lesser Poland,Kraków,Kraków,50.0683,19.8351,1,POINT(19.835100 50.068300)
30-243,Kraków,Lesser Poland,Kraków,Kraków,50.0438,19.825,1,POINT(19.825000 50.043800)
30-244,Kraków,Lesser Poland,Kraków,Kraków,50.0422,19.8241,1,POINT(19.824100 50.042200)
30-245,Kraków,Lesser Poland,Kraków,Kraków,50.0414,19.8294,1,POINT(19.829400 50.041400)
30-246,Kraków,Lesser Poland,Kraków,Kraków,50.0387,19.8228,1,POINT(19.822800 50.038700)
30-248,Kraków,Lesser Poland,Kraków,Kraków,50.0481,19.8313,1,POINT(19.831300 50.048100)
30-250,Kraków,Lesser Poland,Kraków,Kraków,50.0461,19.8613,1,POINT(19.861300 50.046100)
30-251,Kraków,Lesser Poland,Kraków,Kraków,50.049,19.8728,1,POINT(19.872800 50.049000)
30-252,Kraków,Lesser Poland,Kraków,Kraków,50.0492,19.8764,1,POINT(19.876400 50.049200)
30-253,Kraków,Lesser Poland,Kraków,Kraków,50.0476,19.8822,1,POINT(19.882200 50.047600)
30-254,Kraków,Lesser Poland,Kraków,Kraków,50.044,19.8843,1,POINT(19.884300 50.044000)
30-255,Kraków,Lesser Poland,Kraków,Kraków,50.045,19.8882,1,POINT(19.888200 50.045000)
30-289,Kraków,Lesser Poland,Kraków,Kraków,50.0009,19.8973,1,POINT(19.897300 50.000900)
30-298,Kraków,Lesser Poland,Kraków,Kraków,50.0705,19.8298,1,POINT(19.829800 50.070500)
30-301,Kraków,Lesser Poland,Kraków,Kraków,50.0524,19.9305,1,POINT(19.930500 50.052400)
30-302,Kraków,Lesser Poland,Kraków,Kraków,50.047,19.9326,1,POINT(19.932600 50.047000)
30-303,Kraków,Lesser Poland,Kraków,Kraków,50.0525,19.9281,1,POINT(19.928100 50.052500)
30-304,Kraków,Lesser Poland,Kraków,Kraków,50.051,19.9301,1,POINT(19.930100 50.051000)
30-305,Kraków,Lesser Poland,Kraków,Kraków,50.0507,19.9291,1,POINT(19.929100 50.050700)
30-306,Kraków,Lesser Poland,Kraków,Kraków,50.0506,19.927,1,POINT(19.927000 50.050600)
30-307,Kraków,Lesser Poland,Kraków,Kraków,50.0503,19.93,1,POINT(19.930000 50.050300)
30-308,Kraków,Lesser Poland,Kraków,Kraków,50.0485,19.9286,1,POINT(19.928600 50.048500)
30-311,Kraków,Lesser Poland,Kraków,Kraków,50.0465,19.9314,1,POINT(19.931400 50.046500)
30-312,Kraków,Lesser Poland,Kraków,Kraków,50.0443,19.9248,1,POINT(19.924800 50.044300)
30-313,Kraków,Lesser Poland,Kraków,Kraków,50.0465,19.9276,1,POINT(19.927600 50.046500)
30-314,Kraków,Lesser Poland,Kraków,Kraków,50.0452,19.9282,1,POINT(19.928200 50.045200)
30-315,Kraków,Lesser Poland,Kraków,Kraków,50.0442,19.9272,1,POINT(19.927200 50.044200)
30-316,Kraków,Lesser Poland,Kraków,Kraków,50.0422,19.9263,1,POINT(19.926300 50.042200)
30-317,Kraków,Lesser Poland,Kraków,Kraków,50.0493,19.9259,1,POINT(19.925900 50.049300)
30-318,Kraków,Lesser Poland,Kraków,Kraków,50.0493,19.9252,1,POINT(19.925200 50.049300)
30-319,Kraków,Lesser Poland,Kraków,Kraków,50.0443,19.9016,1,POINT(19.901600 50.044300)
30-320,Kraków,Lesser Poland,Kraków,Kraków,50.0441,19.9154,1,POINT(19.915400 50.044100)
30-321,Kraków,Lesser Poland,Kraków,Kraków,50.0447,19.9113,1,POINT(19.911300 50.044700)
30-322,Kraków,Lesser Poland,Kraków,Kraków,50.0473,19.915,1,POINT(19.915000 50.047300)
30-323,Kraków,Lesser Poland,Kraków,Kraków,50.0492,19.9136,1,POINT(19.913600 50.049200)
30-324,Kraków,Lesser Poland,Kraków,Kraków,50.0485,19.9231,1,POINT(19.923100 50.048500)
30-326,Kraków,Lesser Poland,Kraków,Kraków,50.048,19.9225,1,POINT(19.922500 50.048000)
30-327,Kraków,Lesser Poland,Kraków,Kraków,50.0473,19.9215,1,POINT(19.921500 50.047300)
30-328,Kraków,Lesser Poland,Kraków,Kraków,50.0492,19.9187,1,POINT(19.918700 50.049200)
30-329,Kraków,Lesser Poland,Kraków,Kraków,50.047,19.9125,1,POINT(19.912500 50.047000)
30-331,Kraków,Lesser Poland,Kraków,Kraków,50.0442,19.9383,1,POINT(19.938300 50.044200)
30-332,Kraków,Lesser Poland,Kraków,Kraków,50.0428,19.9366,1,POINT(19.936600 50.042800)
30-333,Kraków,Lesser Poland,Kraków,Kraków,50.0392,19.9312,1,POINT(19.931200 50.039200)
30-334,Kraków,Lesser Poland,Kraków,Kraków,50.0468,19.9321,1,POINT(19.932100 50.046800)
30-336,Kraków,Lesser Poland,Kraków,Kraków,50.0471,19.92,1,POINT(19.920000 50.047100)
30-337,Kraków,Lesser Poland,Kraków,Kraków,50.0467,19.9272,1,POINT(19.927200 50.046700)
30-340,Kraków,Lesser Poland,Kraków,Kraków,50.0238,19.9193,1,POINT(19.919300 50.023800)
30-343,Kraków,Lesser Poland,Kraków,Kraków,50.0013,19.9231,1,POINT(19.923100 50.001300)
30-346,Kraków,Lesser Poland,Kraków,Kraków,50.0427,19.9204,1,POINT(19.920400 50.042700)
30-347,Kraków,Lesser Poland,Kraków,Kraków,50.0376,19.928,1,POINT(19.928000 50.037600)
30-348,Kraków,Lesser Poland,Kraków,Kraków,50.0236,19.9046,1,POINT(19.904600 50.023600)
30-349,Kraków,Lesser Poland,Kraków,Kraków,50.0256,19.9214,1,POINT(19.921400 50.025600)
30-350,Kraków,Lesser Poland,Kraków,Kraków,50.0246,19.9074,1,POINT(19.907400 50.024600)
30-358,Kraków,Lesser Poland,Kraków,Kraków,50.0285,19.9141,1,POINT(19.914100 50.028500)
30-361,Kraków,Lesser Poland,Kraków,Kraków,50.0389,19.9267,1,POINT(19.926700 50.038900)
30-362,Kraków,Lesser Poland,Kraków,Kraków,50.0391,19.9226,1,POINT(19.922600 50.039100)
30-363,Kraków,Lesser Poland,Kraków,Kraków,50.033,19.9296,1,POINT(19.929600 50.033000)
30-364,Kraków,Lesser Poland,Kraków,Kraków,50.0368,19.9167,1,POINT(19.916700 50.036800)
30-373,Kraków,Lesser Poland,Kraków,Kraków,50.0323,19.8998,1,POINT(19.899800 50.032300)
30-374,Kraków,Lesser Poland,Kraków,Kraków,50.0424,19.9169,1,POINT(19.916900 50.042400)
30-375,Kraków,Lesser Poland,Kraków,Kraków,50.0097,19.8179,1,POINT(19.817900 50.009700)
30-376,Kraków,Lesser Poland,Kraków,Kraków,50.0328,19.8807,1,POINT(19.880700 50.032800)
30-377,Kraków,Lesser Poland,Kraków,Kraków,50.0347,19.8881,1,POINT(19.888100 50.034700)
30-379,Kraków,Lesser Poland,Kraków,Kraków,50.0387,19.8736,1,POINT(19.873600 50.038700)
30-380,Kraków,Lesser Poland,Kraków,Kraków,50.0352,19.8593,1,POINT(19.859300 50.035200)
30-381,Kraków,Lesser Poland,Kraków,Kraków,50.0247,19.8464,1,POINT(19.846400 50.024700)
30-382,Kraków,Lesser Poland,Kraków,Kraków,50.0148,19.9004,1,POINT(19.900400 50.014800)
30-383,Kraków,Lesser Poland,Kraków,Kraków,50.0133,19.9038,1,POINT(19.903800 50.013300)
30-384,Kraków,Lesser Poland,Kraków,Kraków,50.0203,19.9079,1,POINT(19.907900 50.020300)
30-385,Kraków,Lesser Poland,Kraków,Kraków,50.0237,19.9143,1,POINT(19.914300 50.023700)
30-386,Kraków,Lesser Poland,Kraków,Kraków,50.0248,19.9135,1,POINT(19.913500 50.024800)
30-387,Kraków,Lesser Poland,Kraków,Kraków,50.0271,19.9021,1,POINT(19.902100 50.027100)
30-388,Kraków,Lesser Poland,Kraków,Kraków,50.009,19.8936,1,POINT(19.893600 50.009000)
30-389,Kraków,Lesser Poland,Kraków,Kraków,50.0028,19.8951,1,POINT(19.895100 50.002800)
30-390,Kraków,Lesser Poland,Kraków,Kraków,50.0076,19.9005,1,POINT(19.900500 50.007600)
30-391,Kraków,Lesser Poland,Kraków,Kraków,50.0,19.8815,1,POINT(19.881500 50.000000)
30-392,Kraków,Lesser Poland,Kraków,Kraków,50.0135,19.8867,1,POINT(19.886700 50.013500)
30-393,Kraków,Lesser Poland,Kraków,Kraków,50.0069,19.885,1,POINT(19.885000 50.006900)
30-394,Kraków,Lesser Poland,Kraków,Kraków,50.0133,19.8714,1,POINT(19.871400 50.013300)
30-395,Kraków,Lesser Poland,Kraków,Kraków,50.0179,19.8819,1,POINT(19.881900 50.017900)
30-396,Kraków,Lesser Poland,Kraków,Kraków,50.01,19.8771,1,POINT(19.877100 50.010000)
30-397,Kraków,Lesser Poland,Kraków,Kraków,50.0064,19.859,1,POINT(19.859000 50.006400)
30-398,Kraków,Lesser Poland,Kraków,Kraków,50.0105,19.8182,1,POINT(19.818200 50.010500)
30-399,Kraków,Lesser Poland,Kraków,Kraków,49.985,19.873,1,POINT(19.873000 49.985000)
30-401,Kraków,Lesser Poland,Kraków,Kraków,50.0352,19.9341,1,POINT(19.934100 50.035200)
30-402,Kraków,Lesser Poland,Kraków,Kraków,50.036,19.9296,1,POINT(19.929600 50.036000)
30-403,Kraków,Lesser Poland,Kraków,Kraków,50.034,19.9346,1,POINT(19.934600 50.034000)
30-404,Kraków,Lesser Poland,Kraków,Kraków,50.0273,19.9327,1,POINT(19.932700 50.027300)
30-405,Kraków,Lesser Poland,Kraków,Kraków,50.0294,19.9326,1,POINT(19.932600 50.029400)
30-406,Kraków,Lesser Poland,Kraków,Kraków,50.0284,19.9301,1,POINT(19.930100 50.028400)
30-407,Kraków,Lesser Poland,Kraków,Kraków,50.0277,19.9304,1,POINT(19.930400 50.027700)
30-408,Kraków,Lesser Poland,Kraków,Kraków,50.027,19.9287,1,POINT(19.928700 50.027000)
30-409,Kraków,Lesser Poland,Kraków,Kraków,50.0283,19.922,1,POINT(19.922000 50.028300)
30-410,Kraków,Lesser Poland,Kraków,Kraków,50.0248,19.9229,1,POINT(19.922900 50.024800)
30-411,Kraków,Lesser Poland,Kraków,Kraków,50.0242,19.9247,1,POINT(19.924700 50.024200)
30-412,Kraków,Lesser Poland,Kraków,Kraków,50.0225,19.9255,1,POINT(19.925500 50.022500)
30-413,Kraków,Lesser Poland,Kraków,Kraków,50.0222,19.9235,1,POINT(19.923500 50.022200)
30-414,Kraków,Lesser Poland,Kraków,Kraków,50.0212,19.924,1,POINT(19.924000 50.021200)
30-415,Kraków,Lesser Poland,Kraków,Kraków,50.0337,19.9404,1,POINT(19.940400 50.033700)
30-416,Kraków,Lesser Poland,Kraków,Kraków,50.0328,19.9441,1,POINT(19.944100 50.032800)
30-417,Kraków,Lesser Poland,Kraków,Kraków,50.0331,19.9434,1,POINT(19.943400 50.033100)
30-418,Kraków,Lesser Poland,Kraków,Kraków,50.0186,19.932,1,POINT(19.932000 50.018600)
30-419,Kraków,Lesser Poland,Kraków,Kraków,50.0241,19.9318,1,POINT(19.931800 50.024100)
30-420,Kraków,Lesser Poland,Kraków,Kraków,49.9957,19.912,1,POINT(19.912000 49.995700)
30-421,Kraków,Lesser Poland,Kraków,Kraków,50.0165,19.9293,1,POINT(19.929300 50.016500)
30-422,Kraków,Lesser Poland,Kraków,Kraków,50.0113,19.9237,1,POINT(19.923700 50.011300)
30-423,Kraków,Lesser Poland,Kraków,Kraków,50.007,19.9225,1,POINT(19.922500 50.007000)
30-424,Kraków,Lesser Poland,Kraków,Kraków,50.0177,19.9257,1,POINT(19.925700 50.017700)
30-425,Kraków,Lesser Poland,Kraków,Kraków,50.0173,19.9245,1,POINT(19.924500 50.017300)
30-426,Kraków,Lesser Poland,Kraków,Kraków,50.0198,19.9256,1,POINT(19.925600 50.019800)
30-427,Kraków,Lesser Poland,Kraków,Kraków,50.0138,19.914,1,POINT(19.914000 50.013800)
30-428,Kraków,Lesser Poland,Kraków,Kraków,50.0196,19.9204,1,POINT(19.920400 50.019600)
30-429,Kraków,Lesser Poland,Kraków,Kraków,50.0197,19.9224,1,POINT(19.922400 50.019700)
30-430,Kraków,Lesser Poland,Kraków,Kraków,50.0219,19.9177,1,POINT(19.917700 50.021900)
30-431,Kraków,Lesser Poland,Kraków,Kraków,50.024,19.9166,1,POINT(19.916600 50.024000)
30-432,Kraków,Lesser Poland,Kraków,Kraków,50.0045,19.9284,1,POINT(19.928400 50.004500)
30-433,Kraków,Lesser Poland,Kraków,Kraków,50.0038,19.9284,1,POINT(19.928400 50.003800)
30-434,Kraków,Lesser Poland,Kraków,Kraków,49.9994,19.9228,1,POINT(19.922800 49.999400)
30-435,Kraków,Lesser Poland,Kraków,Kraków,49.9951,19.919,1,POINT(19.919000 49.995100)
30-436,Kraków,Lesser Poland,Kraków,Kraków,50.0089,19.9202,1,POINT(19.920200 50.008900)
30-437,Kraków,Lesser Poland,Kraków,Kraków,49.9991,19.9094,1,POINT(19.909400 49.999100)
30-438,Kraków,Lesser Poland,Kraków,Kraków,50.0034,19.9072,1,POINT(19.907200 50.003400)
30-439,Kraków,Lesser Poland,Kraków,Kraków,50.0044,19.9196,1,POINT(19.919600 50.004400)
30-440,Kraków,Lesser Poland,Kraków,Kraków,50.0051,19.9119,1,POINT(19.911900 50.005100)
30-441,Kraków,Lesser Poland,Kraków,Kraków,50.0043,19.9096,1,POINT(19.909600 50.004300)
30-442,Kraków,Lesser Poland,Kraków,Kraków,50.0077,19.918,1,POINT(19.918000 50.007700)
30-443,Kraków,Lesser Poland,Kraków,Kraków,50.0076,19.9315,1,POINT(19.931500 50.007600)
30-444,Kraków,Lesser Poland,Kraków,Kraków,50.0018,19.9115,1,POINT(19.911500 50.001800)
30-445,Kraków,Lesser Poland,Kraków,Kraków,50.0031,19.9094,1,POINT(19.909400 50.003100)
30-446,Kraków,Lesser Poland,Kraków,Kraków,50.0021,19.9063,1,POINT(19.906300 50.002100)
30-447,Kraków,Lesser Poland,Kraków,Kraków,50.0223,19.9292,1,POINT(19.929200 50.022300)
30-449,Kraków,Lesser Poland,Kraków,Kraków,49.9882,19.9168,1,POINT(19.916800 49.988200)
30-498,Kraków,Lesser Poland,Kraków,Kraków,49.9946,19.9128,1,POINT(19.912800 49.994600)
30-499,Kraków,Lesser Poland,Kraków,Kraków,49.9863,19.9112,1,POINT(19.911200 49.986300)
30-500,Kraków,Lesser Poland,Kraków,Kraków,50.0451,19.9515,1,POINT(19.951500 50.045100)
30-501,Kraków,Lesser Poland,Kraków,Kraków,50.0413,19.9384,1,POINT(19.938400 50.041300)
30-502,Kraków,Lesser Poland,Kraków,Kraków,50.0419,19.9387,1,POINT(19.938700 50.041900)
30-503,Kraków,Lesser Poland,Kraków,Kraków,50.0414,19.9403,1,POINT(19.940300 50.041400)
30-504,Kraków,Lesser Poland,Kraków,Kraków,50.0404,19.9428,1,POINT(19.942800 50.040400)
30-505,Kraków,Lesser Poland,Kraków,Kraków,50.0382,19.9401,1,POINT(19.940100 50.038200)
30-506,Kraków,Lesser Poland,Kraków,Kraków,50.0454,19.948,1,POINT(19.948000 50.045400)
30-507,Kraków,Lesser Poland,Kraków,Kraków,50.0448,19.9473,1,POINT(19.947300 50.044800)
30-508,Kraków,Lesser Poland,Kraków,Kraków,50.0453,19.9469,1,POINT(19.946900 50.045300)
30-509,Kraków,Lesser Poland,Kraków,Kraków,50.0431,19.9496,1,POINT(19.949600 50.043100)
30-510,Kraków,Lesser Poland,Kraków,Kraków,50.0438,19.9454,1,POINT(19.945400 50.043800)
30-512,Kraków,Lesser Poland,Kraków,Kraków,50.0426,19.943,1,POINT(19.943000 50.042600)
30-513,Kraków,Lesser Poland,Kraków,Kraków,50.0417,19.9422,1,POINT(19.942200 50.041700)
30-515,Kraków,Lesser Poland,Kraków,Kraków,50.0404,19.9405,1,POINT(19.940500 50.040400)
30-516,Kraków,Lesser Poland,Kraków,Kraków,50.0395,19.9408,1,POINT(19.940800 50.039500)
30-518,Kraków,Lesser Poland,Kraków,Kraków,50.0446,19.949,1,POINT(19.949000 50.044600)
30-519,Kraków,Lesser Poland,Kraków,Kraków,50.0397,19.9438,1,POINT(19.943800 50.039700)
30-520,Kraków,Lesser Poland,Kraków,Kraków,50.043,19.9452,1,POINT(19.945200 50.043000)
30-521,Kraków,Lesser Poland,Kraków,Kraków,50.0418,19.9444,1,POINT(19.944400 50.041800)
30-522,Kraków,Lesser Poland,Kraków,Kraków,50.0378,19.9418,1,POINT(19.941800 50.037800)
30-523,Kraków,Lesser Poland,Kraków,Kraków,50.0396,19.9442,1,POINT(19.944200 50.039600)
30-524,Kraków,Lesser Poland,Kraków,Kraków,50.0312,19.9545,1,POINT(19.954500 50.031200)
30-525,Kraków,Lesser Poland,Kraków,Kraków,50.0411,19.9458,1,POINT(19.945800 50.041100)
30-526,Kraków,Lesser Poland,Kraków,Kraków,50.0359,19.9448,1,POINT(19.944800 50.035900)
30-527,Kraków,Lesser Poland,Kraków,Kraków,50.0461,19.9505,1,POINT(19.950500 50.046100)
30-528,Kraków,Lesser Poland,Kraków,Kraków,50.0438,19.9608,1,POINT(19.960800 50.043800)
30-529,Kraków,Lesser Poland,Kraków,Kraków,50.0463,19.9523,1,POINT(19.952300 50.046300)
30-530,Kraków,Lesser Poland,Kraków,Kraków,50.0463,19.9524,1,POINT(19.952400 50.046300)
30-531,Kraków,Lesser Poland,Kraków,Kraków,50.0457,19.9508,1,POINT(19.950800 50.045700)
30-532,Kraków,Lesser Poland,Kraków,Kraków,50.0447,19.9598,1,POINT(19.959800 50.044700)
30-533,Kraków,Lesser Poland,Kraków,Kraków,50.044,19.9523,1,POINT(19.952300 50.044000)
30-534,Kraków,Lesser Poland,Kraków,Kraków,50.0447,19.9542,1,POINT(19.954200 50.044700)
30-535,Kraków,Lesser Poland,Kraków,Kraków,50.044,19.9528,1,POINT(19.952800 50.044000)
30-536,Kraków,Lesser Poland,Kraków,Kraków,50.0444,19.9543,1,POINT(19.954300 50.044400)
30-537,Kraków,Lesser Poland,Kraków,Kraków,50.043,19.9515,1,POINT(19.951500 50.043000)
30-538,Kraków,Lesser Poland,Kraków,Kraków,50.0413,19.9526,1,POINT(19.952600 50.041300)
30-539,Kraków,Lesser Poland,Kraków,Kraków,50.0424,19.9526,1,POINT(19.952600 50.042400)
30-540,Kraków,Lesser Poland,Kraków,Kraków,50.0417,19.9548,1,POINT(19.954800 50.041700)
30-542,Kraków,Lesser Poland,Kraków,Kraków,50.0375,19.9571,1,POINT(19.957100 50.037500)
30-543,Kraków,Lesser Poland,Kraków,Kraków,50.0394,19.9602,1,POINT(19.960200 50.039400)
30-544,Kraków,Lesser Poland,Kraków,Kraków,50.0395,19.9616,1,POINT(19.961600 50.039500)
30-545,Kraków,Lesser Poland,Kraków,Kraków,50.0408,19.9611,1,POINT(19.961100 50.040800)
30-546,Kraków,Lesser Poland,Kraków,Kraków,50.0408,19.9598,1,POINT(19.959800 50.040800)
30-547,Kraków,Lesser Poland,Kraków,Kraków,50.0466,19.9541,1,POINT(19.954100 50.046600)
30-548,Kraków,Lesser Poland,Kraków,Kraków,50.0457,19.9564,1,POINT(19.956400 50.045700)
30-549,Kraków,Lesser Poland,Kraków,Kraków,50.0466,19.9573,1,POINT(19.957300 50.046600)
30-550,Kraków,Lesser Poland,Kraków,Kraków,50.0463,19.9568,1,POINT(19.956800 50.046300)
30-551,Kraków,Lesser Poland,Kraków,Kraków,50.0445,19.9563,1,POINT(19.956300 50.044500)
30-552,Kraków,Lesser Poland,Kraków,Kraków,50.0352,19.9679,1,POINT(19.967900 50.035200)
30-553,Kraków,Lesser Poland,Kraków,Kraków,50.0424,19.9628,1,POINT(19.962800 50.042400)
30-554,Kraków,Lesser Poland,Kraków,Kraków,50.0401,19.9621,1,POINT(19.962100 50.040100)
30-555,Kraków,Lesser Poland,Kraków,Kraków,50.0349,19.9665,1,POINT(19.966500 50.034900)
30-556,Kraków,Lesser Poland,Kraków,Kraków,50.0343,19.9725,1,POINT(19.972500 50.034300)
30-559,Kraków,Lesser Poland,Kraków,Kraków,50.0325,19.9715,1,POINT(19.971500 50.032500)
30-560,Kraków,Lesser Poland,Kraków,Kraków,50.0286,19.9707,1,POINT(19.970700 50.028600)
30-563,Kraków,Lesser Poland,Kraków,Kraków,50.027,19.9741,1,POINT(19.974100 50.027000)
30-564,Kraków,Lesser Poland,Kraków,Kraków,50.0276,19.9706,1,POINT(19.970600 50.027600)
30-565,Kraków,Lesser Poland,Kraków,Kraków,50.0296,19.9681,1,POINT(19.968100 50.029600)
30-566,Kraków,Lesser Poland,Kraków,Kraków,50.0269,19.972,1,POINT(19.972000 50.026900)
30-567,Kraków,Lesser Poland,Kraków,Kraków,50.0555,19.9748,1,POINT(19.974800 50.055500)
30-568,Kraków,Lesser Poland,Kraków,Kraków,50.0414,19.9542,1,POINT(19.954200 50.041400)
30-570,Kraków,Lesser Poland,Kraków,Kraków,50.037,19.9489,1,POINT(19.948900 50.037000)
30-571,Kraków,Lesser Poland,Kraków,Kraków,50.0307,19.9694,1,POINT(19.969400 50.030700)
30-572,Kraków,Lesser Poland,Kraków,Kraków,50.0282,19.9652,1,POINT(19.965200 50.028200)
30-580,Kraków,Lesser Poland,Kraków,Kraków,50.0636,20.0031,1,POINT(20.003100 50.063600)
30-601,Kraków,Lesser Poland,Kraków,Kraków,50.0239,19.9391,1,POINT(19.939100 50.023900)
30-602,Kraków,Lesser Poland,Kraków,Kraków,50.0253,19.9395,1,POINT(19.939500 50.025300)
30-603,Kraków,Lesser Poland,Kraków,Kraków,50.0257,19.938,1,POINT(19.938000 50.025700)
30-604,Kraków,Lesser Poland,Kraków,Kraków,50.025,19.9405,1,POINT(19.940500 50.025000)
30-605,Kraków,Lesser Poland,Kraków,Kraków,50.0229,19.9431,1,POINT(19.943100 50.022900)
30-606,Kraków,Lesser Poland,Kraków,Kraków,50.0216,19.9442,1,POINT(19.944200 50.021600)
30-607,Kraków,Lesser Poland,Kraków,Kraków,50.0215,19.9409,1,POINT(19.940900 50.021500)
30-608,Kraków,Lesser Poland,Kraków,Kraków,50.021,19.9388,1,POINT(19.938800 50.021000)
30-609,Kraków,Lesser Poland,Kraków,Kraków,50.0203,19.9455,1,POINT(19.945500 50.020300)
30-610,Kraków,Lesser Poland,Kraków,Kraków,50.0099,19.9414,1,POINT(19.941400 50.009900)
30-611,Kraków,Lesser Poland,Kraków,Kraków,50.0103,19.9517,1,POINT(19.951700 50.010300)
30-612,Kraków,Lesser Poland,Kraków,Kraków,50.0125,19.9501,1,POINT(19.950100 50.012500)
30-613,Kraków,Lesser Poland,Kraków,Kraków,50.0075,19.946,1,POINT(19.946000 50.007500)
30-614,Kraków,Lesser Poland,Kraków,Kraków,50.0035,19.9521,1,POINT(19.952100 50.003500)
30-615,Kraków,Lesser Poland,Kraków,Kraków,49.9974,19.9554,1,POINT(19.955400 49.997400)
30-616,Kraków,Lesser Poland,Kraków,Kraków,49.9967,19.962,1,POINT(19.962000 49.996700)
30-617,Kraków,Lesser Poland,Kraków,Kraków,50.0006,19.9625,1,POINT(19.962500 50.000600)
30-618,Kraków,Lesser Poland,Kraków,Kraków,50.0097,19.9669,1,POINT(19.966900 50.009700)
30-619,Kraków,Lesser Poland,Kraków,Kraków,50.0136,19.9577,1,POINT(19.957700 50.013600)
30-620,Kraków,Lesser Poland,Kraków,Kraków,50.0166,19.9567,1,POINT(19.956700 50.016600)
30-621,Kraków,Lesser Poland,Kraków,Kraków,50.0174,19.957,1,POINT(19.957000 50.017400)
30-622,Kraków,Lesser Poland,Kraków,Kraków,50.0185,19.9517,1,POINT(19.951700 50.018500)
30-623,Kraków,Lesser Poland,Kraków,Kraków,50.0202,19.9507,1,POINT(19.950700 50.020200)
30-624,Kraków,Lesser Poland,Kraków,Kraków,50.0218,19.964,1,POINT(19.964000 50.021800)
30-625,Kraków,Lesser Poland,Kraków,Kraków,50.0231,19.9688,1,POINT(19.968800 50.023100)
30-626,Kraków,Lesser Poland,Kraków,Kraków,50.023,19.9697,1,POINT(19.969700 50.023000)
30-627,Kraków,Lesser Poland,Kraków,Kraków,50.0232,19.9712,1,POINT(19.971200 50.023200)
30-628,Kraków,Lesser Poland,Kraków,Kraków,50.0236,19.9727,1,POINT(19.972700 50.023600)
30-629,Kraków,Lesser Poland,Kraków,Kraków,50.0222,19.9748,1,POINT(19.974800 50.022200)
30-630,Kraków,Lesser Poland,Kraków,Kraków,50.0199,19.9751,1,POINT(19.975100 50.019900)
30-631,Kraków,Lesser Poland,Kraków,Kraków,50.021,19.9795,1,POINT(19.979500 50.021000)
30-632,Kraków,Lesser Poland,Kraków,Kraków,50.0211,19.9805,1,POINT(19.980500 50.021100)
30-633,Kraków,Lesser Poland,Kraków,Kraków,50.0221,19.959,1,POINT(19.959000 50.022100)
30-636,Kraków,Lesser Poland,Kraków,Kraków,50.0269,19.9609,1,POINT(19.960900 50.026900)
30-638,Kraków,Lesser Poland,Kraków,Kraków,50.019,19.9772,1,POINT(19.977200 50.019000)
30-641,Kraków,Lesser Poland,Kraków,Kraków,50.0209,19.9776,1,POINT(19.977600 50.020900)
30-643,Kraków,Lesser Poland,Kraków,Kraków,50.0237,19.975,1,POINT(19.975000 50.023700)
30-644,Kraków,Lesser Poland,Kraków,Kraków,50.027,19.9621,1,POINT(19.962100 50.027000)
30-645,Kraków,Lesser Poland,Kraków,Kraków,50.0222,19.9757,1,POINT(19.975700 50.022200)
30-646,Kraków,Lesser Poland,Kraków,Kraków,50.0243,19.9701,1,POINT(19.970100 50.024300)
30-648,Kraków,Lesser Poland,Kraków,Kraków,50.0236,19.9652,1,POINT(19.965200 50.023600)
30-649,Kraków,Lesser Poland,Kraków,Kraków,50.024,19.9654,1,POINT(19.965400 50.024000)
30-650,Kraków,Lesser Poland,Kraków,Kraków,50.0256,19.9671,1,POINT(19.967100 50.025600)
30-651,Kraków,Lesser Poland,Kraków,Kraków,50.0261,19.9644,1,POINT(19.964400 50.026100)
30-652,Kraków,Lesser Poland,Kraków,Kraków,50.0241,19.9632,1,POINT(19.963200 50.024100)
30-653,Kraków,Lesser Poland,Kraków,Kraków,50.0131,19.9634,1,POINT(19.963400 50.013100)
30-654,Kraków,Lesser Poland,Kraków,Kraków,50.0203,19.9558,1,POINT(19.955800 50.020300)
30-655,Kraków,Lesser Poland,Kraków,Kraków,50.0185,19.9555,1,POINT(19.955500 50.018500)
30-656,Kraków,Lesser Poland,Kraków,Kraków,50.0178,19.9606,1,POINT(19.960600 50.017800)
30-657,Kraków,Lesser Poland,Kraków,Kraków,50.0156,19.9617,1,POINT(19.961700 50.015600)
30-658,Kraków,Lesser Poland,Kraków,Kraków,50.0133,19.9667,1,POINT(19.966700 50.013300)
30-659,Kraków,Lesser Poland,Kraków,Kraków,50.0158,19.9644,1,POINT(19.964400 50.015800)
30-660,Kraków,Lesser Poland,Kraków,Kraków,50.0182,19.9657,1,POINT(19.965700 50.018200)
30-661,Kraków,Lesser Poland,Kraków,Kraków,50.0178,19.9692,1,POINT(19.969200 50.017800)
30-662,Kraków,Lesser Poland,Kraków,Kraków,50.0182,19.9649,1,POINT(19.964900 50.018200)
30-663,Kraków,Lesser Poland,Kraków,Kraków,50.0169,19.9933,1,POINT(19.993300 50.016900)
30-664,Kraków,Lesser Poland,Kraków,Kraków,50.0194,19.9819,1,POINT(19.981900 50.019400)
30-665,Kraków,Lesser Poland,Kraków,Kraków,50.02,19.9829,1,POINT(19.982900 50.020000)
30-666,Kraków,Lesser Poland,Kraków,Kraków,50.0198,19.9838,1,POINT(19.983800 50.019800)
30-667,Kraków,Lesser Poland,Kraków,Kraków,50.0158,19.9882,1,POINT(19.988200 50.015800)
30-668,Kraków,Lesser Poland,Kraków,Kraków,50.0178,19.9871,1,POINT(19.987100 50.017800)
30-669,Kraków,Lesser Poland,Kraków,Kraków,50.0115,19.985,1,POINT(19.985000 50.011500)
30-670,Kraków,Lesser Poland,Kraków,Kraków,50.018,19.9847,1,POINT(19.984700 50.018000)
30-682,Kraków,Lesser Poland,Kraków,Kraków,50.0174,19.9793,1,POINT(19.979300 50.017400)
30-683,Kraków,Lesser Poland,Kraków,Kraków,50.0174,19.9733,1,POINT(19.973300 50.017400)
30-684,Kraków,Lesser Poland,Kraków,Kraków,50.017,19.9821,1,POINT(19.982100 50.017000)
30-685,Kraków,Lesser Poland,Kraków,Kraków,50.0054,19.9747,1,POINT(19.974700 50.005400)
30-686,Kraków,Lesser Poland,Kraków,Kraków,50.0097,19.9809,1,POINT(19.980900 50.009700)
30-687,Kraków,Lesser Poland,Kraków,Kraków,50.0045,19.9893,1,POINT(19.989300 50.004500)
30-688,Kraków,Lesser Poland,Kraków,Kraków,50.0088,19.9934,1,POINT(19.993400 50.008800)
30-689,Kraków,Lesser Poland,Kraków,Kraków,50.007,19.9874,1,POINT(19.987400 50.007000)
30-690,Kraków,Lesser Poland,Kraków,Kraków,50.0131,19.9835,1,POINT(19.983500 50.013100)
30-691,Kraków,Lesser Poland,Kraków,Kraków,50.0122,19.9789,1,POINT(19.978900 50.012200)
30-693,Kraków,Lesser Poland,Kraków,Kraków,50.0085,19.9707,1,POINT(19.970700 50.008500)
30-694,Kraków,Lesser Poland,Kraków,Kraków,49.9979,19.9968,1,POINT(19.996800 49.997900)
30-695,Kraków,Lesser Poland,Kraków,Kraków,50.0064,20.0081,1,POINT(20.008100 50.006400)
30-696,Kraków,Lesser Poland,Kraków,Kraków,50.0071,20.0175,1,POINT(20.017500 50.007100)
30-697,Kraków,Lesser Poland,Kraków,Kraków,50.0095,19.8831,1,POINT(19.883100 50.009500)
30-698,Kraków,Lesser Poland,Kraków,Kraków,49.9863,19.948,1,POINT(19.948000 49.986300)
30-699,Kraków,Lesser Poland,Kraków,Kraków,49.9847,19.9821,1,POINT(19.982100 49.984700)
30-700,Kraków,Lesser Poland,Kraków,Kraków,50.025,20.0378,1,POINT(20.037800 50.025000)
30-701,Kraków,Lesser Poland,Kraków,Kraków,50.0496,19.9618,1,POINT(19.961800 50.049600)
30-702,Kraków,Lesser Poland,Kraków,Kraków,50.0471,19.9622,1,POINT(19.962200 50.047100)
30-703,Kraków,Lesser Poland,Kraków,Kraków,50.0462,19.9652,1,POINT(19.965200 50.046200)
30-704,Kraków,Lesser Poland,Kraków,Kraków,50.0457,19.9677,1,POINT(19.967700 50.045700)
30-705,Kraków,Lesser Poland,Kraków,Kraków,50.047,19.9699,1,POINT(19.969900 50.047000)
30-706,Kraków,Lesser Poland,Kraków,Kraków,50.0945,20.042,1,POINT(20.042000 50.094500)
30-707,Kraków,Lesser Poland,Kraków,Kraków,50.0441,19.9692,1,POINT(19.969200 50.044100)
30-709,Kraków,Lesser Poland,Kraków,Kraków,50.0507,19.9784,1,POINT(19.978400 50.050700)
30-710,Kraków,Lesser Poland,Kraków,Kraków,50.0434,19.9716,1,POINT(19.971600 50.043400)
30-711,Kraków,Lesser Poland,Kraków,Kraków,50.0433,19.9765,1,POINT(19.976500 50.043300)
30-712,Kraków,Lesser Poland,Kraków,Kraków,50.0424,19.9763,1,POINT(19.976300 50.042400)
30-713,Kraków,Lesser Poland,Kraków,Kraków,50.045,19.9783,1,POINT(19.978300 50.045000)
30-714,Kraków,Lesser Poland,Kraków,Kraków,50.0436,19.9796,1,POINT(19.979600 50.043600)
30-715,Kraków,Lesser Poland,Kraków,Kraków,50.0438,19.985,1,POINT(19.985000 50.043800)
30-716,Kraków,Lesser Poland,Kraków,Kraków,50.0422,19.9973,1,POINT(19.997300 50.042200)
30-717,Kraków,Lesser Poland,Kraków,Kraków,50.0478,19.987,1,POINT(19.987000 50.047800)
30-718,Kraków,Lesser Poland,Kraków,Kraków,50.0464,19.991,1,POINT(19.991000 50.046400)
30-719,Kraków,Lesser Poland,Kraków,Kraków,50.039,19.9768,1,POINT(19.976800 50.039000)
30-720,Kraków,Lesser Poland,Kraków,Kraków,50.0409,19.9852,1,POINT(19.985200 50.040900)
30-721,Kraków,Lesser Poland,Kraków,Kraków,50.0408,20.0046,1,POINT(20.004600 50.040800)
30-722,Kraków,Lesser Poland,Kraków,Kraków,50.0423,20.0341,1,POINT(20.034100 50.042300)
30-723,Kraków,Lesser Poland,Kraków,Kraków,50.0447,20.0196,1,POINT(20.019600 50.044700)
30-724,Kraków,Lesser Poland,Kraków,Kraków,50.0385,19.9893,1,POINT(19.989300 50.038500)
30-725,Kraków,Lesser Poland,Kraków,Kraków,50.0384,19.9928,1,POINT(19.992800 50.038400)
30-726,Kraków,Lesser Poland,Kraków,Kraków,50.0422,19.9757,1,POINT(19.975700 50.042200)
30-727,Kraków,Lesser Poland,Kraków,Kraków,50.0466,19.9743,1,POINT(19.974300 50.046600)
30-728,Kraków,Lesser Poland,Kraków,Kraków,50.0497,19.9844,1,POINT(19.984400 50.049700)
30-729,Kraków,Lesser Poland,Kraków,Kraków,50.0531,19.9845,1,POINT(19.984500 50.053100)
30-731,Kraków,Lesser Poland,Kraków,Kraków,50.0357,20.0003,1,POINT(20.000300 50.035700)
30-732,Kraków,Lesser Poland,Kraków,Kraków,50.0365,19.9995,1,POINT(19.999500 50.036500)
30-733,Kraków,Lesser Poland,Kraków,Kraków,50.0363,19.9989,1,POINT(19.998900 50.036300)
30-734,Kraków,Lesser Poland,Kraków,Kraków,50.0373,19.9891,1,POINT(19.989100 50.037300)
30-735,Kraków,Lesser Poland,Kraków,Kraków,50.0362,19.9879,1,POINT(19.987900 50.036200)
30-736,Kraków,Lesser Poland,Kraków,Kraków,50.041,20.0325,1,POINT(20.032500 50.041000)
30-737,Kraków,Lesser Poland,Kraków,Kraków,50.0432,20.0261,1,POINT(20.026100 50.043200)
30-738,Kraków,Lesser Poland,Kraków,Kraków,50.0445,20.0295,1,POINT(20.029500 50.044500)
30-739,Kraków,Lesser Poland,Kraków,Kraków,50.0469,20.0454,1,POINT(20.045400 50.046900)
30-740,Kraków,Lesser Poland,Kraków,Kraków,50.0343,20.0423,1,POINT(20.042300 50.034300)
30-741,Kraków,Lesser Poland,Kraków,Kraków,50.0362,20.0519,1,POINT(20.051900 50.036200)
30-742,Kraków,Lesser Poland,Kraków,Kraków,50.0354,20.0375,1,POINT(20.037500 50.035400)
30-758,Kraków,Lesser Poland,Kraków,Kraków,50.0254,20.0364,1,POINT(20.036400 50.025400)
30-789,Kraków,Lesser Poland,Kraków,Kraków,50.031,20.0558,1,POINT(20.055800 50.031000)
30-797,Kraków,Lesser Poland,Kraków,Kraków,50.0379,20.0522,1,POINT(20.052200 50.037900)
30-798,Kraków,Lesser Poland,Kraków,Kraków,50.0383,20.0577,1,POINT(20.057700 50.038300)
30-799,Kraków,Lesser Poland,Kraków,Kraków,50.0416,20.0727,1,POINT(20.072700 50.041600)
30-802,Kraków,Lesser Poland,Kraków,Kraków,50.026,19.9807,1,POINT(19.980700 50.026000)
30-803,Kraków,Lesser Poland,Kraków,Kraków,50.0252,19.9808,1,POINT(19.980800 50.025200)
30-804,Kraków,Lesser Poland,Kraków,Kraków,50.0246,19.9805,1,POINT(19.980500 50.024600)
30-805,Kraków,Lesser Poland,Kraków,Kraków,50.0263,19.9869,1,POINT(19.986900 50.026300)
30-806,Kraków,Lesser Poland,Kraków,Kraków,50.0258,19.9829,1,POINT(19.982900 50.025800)
30-807,Kraków,Lesser Poland,Kraków,Kraków,50.0247,19.9819,1,POINT(19.981900 50.024700)
30-808,Kraków,Lesser Poland,Kraków,Kraków,50.0192,19.9945,1,POINT(19.994500 50.019200)
30-809,Kraków,Lesser Poland,Kraków,Kraków,50.0167,19.9969,1,POINT(19.996900 50.016700)
30-811,Kraków,Lesser Poland,Kraków,Kraków,50.0195,19.9928,1,POINT(19.992800 50.019500)
30-812,Kraków,Lesser Poland,Kraków,Kraków,50.0249,19.9871,1,POINT(19.987100 50.024900)
30-814,Kraków,Lesser Poland,Kraków,Kraków,50.0231,19.9904,1,POINT(19.990400 50.023100)
30-815,Kraków,Lesser Poland,Kraków,Kraków,50.0234,19.9934,1,POINT(19.993400 50.023400)
30-816,Kraków,Lesser Poland,Kraków,Kraków,50.0198,19.9942,1,POINT(19.994200 50.019800)
30-817,Kraków,Lesser Poland,Kraków,Kraków,50.0229,19.992,1,POINT(19.992000 50.022900)
30-818,Kraków,Lesser Poland,Kraków,Kraków,50.0239,19.9877,1,POINT(19.987700 50.023900)
30-819,Kraków,Lesser Poland,Kraków,Kraków,50.022,19.9911,1,POINT(19.991100 50.022000)
30-820,Kraków,Lesser Poland,Kraków,Kraków,50.0215,19.9867,1,POINT(19.986700 50.021500)
30-821,Kraków,Lesser Poland,Kraków,Kraków,50.0237,19.9843,1,POINT(19.984300 50.023700)
30-822,Kraków,Lesser Poland,Kraków,Kraków,50.0214,19.9914,1,POINT(19.991400 50.021400)
30-823,Kraków,Lesser Poland,Kraków,Kraków,50.0209,19.9931,1,POINT(19.993100 50.020900)
30-824,Kraków,Lesser Poland,Kraków,Kraków,50.0266,19.9903,1,POINT(19.990300 50.026600)
30-825,Kraków,Lesser Poland,Kraków,Kraków,50.0267,19.992,1,POINT(19.992000 50.026700)
30-826,Kraków,Lesser Poland,Kraków,Kraków,50.0244,19.9978,1,POINT(19.997800 50.024400)
30-827,Kraków,Lesser Poland,Kraków,Kraków,50.0248,19.9964,1,POINT(19.996400 50.024800)
30-828,Kraków,Lesser Poland,Kraków,Kraków,50.0247,20.0003,1,POINT(20.000300 50.024700)
30-829,Kraków,Lesser Poland,Kraków,Kraków,50.0238,20.0055,1,POINT(20.005500 50.023800)
30-830,Kraków,Lesser Poland,Kraków,Kraków,50.0213,19.9979,1,POINT(19.997900 50.021300)
30-831,Kraków,Lesser Poland,Kraków,Kraków,50.0304,19.9641,1,POINT(19.964100 50.030400)
30-832,Kraków,Lesser Poland,Kraków,Kraków,50.0335,20.0115,1,POINT(20.011500 50.033500)
30-833,Kraków,Lesser Poland,Kraków,Kraków,50.0223,20.0067,1,POINT(20.006700 50.022300)
30-834,Kraków,Lesser Poland,Kraków,Kraków,50.0246,20.0018,1,POINT(20.001800 50.024600)
30-835,Kraków,Lesser Poland,Kraków,Kraków,50.0159,20.0079,1,POINT(20.007900 50.015900)
30-836,Kraków,Lesser Poland,Kraków,Kraków,50.0165,20.0095,1,POINT(20.009500 50.016500)
30-837,Kraków,Lesser Poland,Kraków,Kraków,50.0115,20.0165,1,POINT(20.016500 50.011500)
30-838,Kraków,Lesser Poland,Kraków,Kraków,50.0154,20.0174,1,POINT(20.017400 50.015400)
30-841,Kraków,Lesser Poland,Kraków,Kraków,50.0291,20.0486,1,POINT(20.048600 50.029100)
30-851,Kraków,Lesser Poland,Kraków,Kraków,50.0202,20.0309,1,POINT(20.030900 50.020200)
30-852,Kraków,Lesser Poland,Kraków,Kraków,50.0212,20.0225,1,POINT(20.022500 50.021200)
30-853,Kraków,Lesser Poland,Kraków,Kraków,50.0205,20.0255,1,POINT(20.025500 50.020500)
30-854,Kraków,Lesser Poland,Kraków,Kraków,50.0219,20.0185,1,POINT(20.018500 50.021900)
30-855,Kraków,Lesser Poland,Kraków,Kraków,50.0216,20.0168,1,POINT(20.016800 50.021600)
30-856,Kraków,Lesser Poland,Kraków,Kraków,50.02,20.0211,1,POINT(20.021100 50.020000)
30-857,Kraków,Lesser Poland,Kraków,Kraków,50.0179,20.0235,1,POINT(20.023500 50.017900)
30-858,Kraków,Lesser Poland,Kraków,Kraków,50.0256,20.0352,1,POINT(20.035200 50.025600)
30-860,Kraków,Lesser Poland,Kraków,Kraków,50.0121,20.0329,1,POINT(20.032900 50.012100)
30-863,Kraków,Lesser Poland,Kraków,Kraków,50.0145,20.022,1,POINT(20.022000 50.014500)
30-864,Kraków,Lesser Poland,Kraków,Kraków,50.0112,20.0293,1,POINT(20.029300 50.011200)
30-865,Kraków,Lesser Poland,Kraków,Kraków,50.0085,20.0159,1,POINT(20.015900 50.008500)
30-866,Kraków,Lesser Poland,Kraków,Kraków,50.0156,20.0197,1,POINT(20.019700 50.015600)
30-867,Kraków,Lesser Poland,Kraków,Kraków,50.0163,20.0033,1,POINT(20.003300 50.016300)
30-868,Kraków,Lesser Poland,Kraków,Kraków,50.0133,20.0065,1,POINT(20.006500 50.013300)
30-898,Kraków,Lesser Poland,Kraków,Kraków,50.012,20.0458,1,POINT(20.045800 50.012000)
30-899,Kraków,Lesser Poland,Kraków,Kraków,50.0164,20.0569,1,POINT(20.056900 50.016400)
30-901,Kraków,Lesser Poland,Kraków,Kraków,50.0444,19.9166,1,POINT(19.916600 50.044400)
30-949,Kraków,Lesser Poland,Kraków,Kraków,50.0322,19.9777,1,POINT(19.977700 50.032200)
30-960,Kraków,Lesser Poland,Kraków,Kraków,50.0465,19.9618,1,POINT(19.961800 50.046500)
30-969,Kraków,Lesser Poland,Kraków,Kraków,50.0785,20.0464,1,POINT(20.046400 50.078500)
30-998,Kraków,Lesser Poland,Kraków,Kraków,50.0178,19.8198,1,POINT(19.819800 50.017800)
31-001,Kraków,Lesser Poland,Kraków,Kraków,50.0571,19.9376,1,POINT(19.937600 50.057100)
31-002,Kraków,Lesser Poland,Kraków,Kraków,50.0574,19.9374,1,POINT(19.937400 50.057400)
31-003,Kraków,Lesser Poland,Kraków,Kraków,50.0554,19.9356,1,POINT(19.935600 50.055400)
31-004,Kraków,Lesser Poland,Kraków,Kraków,50.0592,19.9367,1,POINT(19.936700 50.059200)
31-005,Kraków,Lesser Poland,Kraków,Kraków,50.0602,19.9363,1,POINT(19.936300 50.060200)
31-006,Kraków,Lesser Poland,Kraków,Kraków,50.0594,19.9344,1,POINT(19.934400 50.059400)
31-007,Kraków,Lesser Poland,Kraków,Kraków,50.0605,19.9349,1,POINT(19.934900 50.060500)
31-008,Kraków,Lesser Poland,Kraków,Kraków,50.0613,19.9355,1,POINT(19.935500 50.061300)
31-009,Kraków,Lesser Poland,Kraków,Kraków,50.0626,19.9347,1,POINT(19.934700 50.062600)
31-010,Kraków,Lesser Poland,Kraków,Kraków,50.0621,19.9351,1,POINT(19.935100 50.062100)
31-011,Kraków,Lesser Poland,Kraków,Kraków,50.0634,19.9358,1,POINT(19.935800 50.063400)
31-012,Kraków,Lesser Poland,Kraków,Kraków,50.0646,19.9371,1,POINT(19.937100 50.064600)
31-013,Kraków,Lesser Poland,Kraków,Kraków,50.0625,19.9381,1,POINT(19.938100 50.062500)
31-014,Kraków,Lesser Poland,Kraków,Kraków,50.064,19.9374,1,POINT(19.937400 50.064000)
31-015,Kraków,Lesser Poland,Kraków,Kraków,50.065,19.9394,1,POINT(19.939400 50.065000)
31-016,Kraków,Lesser Poland,Kraków,Kraków,50.0641,19.9383,1,POINT(19.938300 50.064100)
31-017,Kraków,Lesser Poland,Kraków,Kraków,50.0635,19.9391,1,POINT(19.939100 50.063500)
31-018,Kraków,Lesser Poland,Kraków,Kraków,50.0638,19.9389,1,POINT(19.938900 50.063800)
31-019,Kraków,Lesser Poland,Kraków,Kraków,50.0633,19.9403,1,POINT(19.940300 50.063300)
31-020,Kraków,Lesser Poland,Kraków,Kraków,50.0622,19.9409,1,POINT(19.940900 50.062200)
31-021,Kraków,Lesser Poland,Kraków,Kraków,50.0636,19.9403,1,POINT(19.940300 50.063600)
31-022,Kraków,Lesser Poland,Kraków,Kraków,50.0633,19.9397,1,POINT(19.939700 50.063300)
31-023,Kraków,Lesser Poland,Kraków,Kraków,50.0631,19.943,1,POINT(19.943000 50.063100)
31-024,Kraków,Lesser Poland,Kraków,Kraków,50.0629,19.9417,1,POINT(19.941700 50.062900)
31-025,Kraków,Lesser Poland,Kraków,Kraków,50.0632,19.9462,1,POINT(19.946200 50.063200)
31-026,Kraków,Lesser Poland,Kraków,Kraków,50.0629,19.9469,1,POINT(19.946900 50.062900)
31-027,Kraków,Lesser Poland,Kraków,Kraków,50.0617,19.9417,1,POINT(19.941700 50.061700)
31-028,Kraków,Lesser Poland,Kraków,Kraków,50.0613,19.942,1,POINT(19.942000 50.061300)
31-029,Kraków,Lesser Poland,Kraków,Kraków,50.0607,19.9445,1,POINT(19.944500 50.060700)
31-030,Kraków,Lesser Poland,Kraków,Kraków,50.059,19.9463,1,POINT(19.946300 50.059000)
31-031,Kraków,Lesser Poland,Kraków,Kraków,50.0564,19.9472,1,POINT(19.947200 50.056400)
31-032,Kraków,Lesser Poland,Kraków,Kraków,50.0569,19.9452,1,POINT(19.945200 50.056900)
31-033,Kraków,Lesser Poland,Kraków,Kraków,50.0627,19.9423,1,POINT(19.942300 50.062700)
31-034,Kraków,Lesser Poland,Kraków,Kraków,50.0623,19.9462,1,POINT(19.946200 50.062300)
31-035,Kraków,Lesser Poland,Kraków,Kraków,50.0522,19.9499,1,POINT(19.949900 50.052200)
31-036,Kraków,Lesser Poland,Kraków,Kraków,50.0524,19.951,1,POINT(19.951000 50.052400)
31-038,Kraków,Lesser Poland,Kraków,Kraków,50.0566,19.9451,1,POINT(19.945100 50.056600)
31-039,Kraków,Lesser Poland,Kraków,Kraków,50.0541,19.9431,1,POINT(19.943100 50.054100)
31-041,Kraków,Lesser Poland,Kraków,Kraków,50.0609,19.9403,1,POINT(19.940300 50.060900)
31-042,Kraków,Lesser Poland,Kraków,Kraków,50.0615,19.94,1,POINT(19.940000 50.061500)
31-043,Kraków,Lesser Poland,Kraków,Kraków,50.0597,19.9389,1,POINT(19.938900 50.059700)
31-044,Kraków,Lesser Poland,Kraków,Kraków,50.057,19.938,1,POINT(19.938000 50.057000)
31-045,Kraków,Lesser Poland,Kraków,Kraków,50.0519,19.9643,1,POINT(19.964300 50.051900)
31-046,Kraków,Lesser Poland,Kraków,Kraków,50.0582,19.9411,1,POINT(19.941100 50.058200)
31-047,Kraków,Lesser Poland,Kraków,Kraków,50.0567,19.9427,1,POINT(19.942700 50.056700)
31-048,Kraków,Lesser Poland,Kraków,Kraków,50.0557,19.9409,1,POINT(19.940900 50.055700)
31-049,Kraków,Lesser Poland,Kraków,Kraków,50.0555,19.942,1,POINT(19.942000 50.055500)
31-050,Kraków,Lesser Poland,Kraków,Kraków,50.0542,19.9452,1,POINT(19.945200 50.054200)
31-051,Krzęcin,Lesser Poland,Powiat krakowski,Gmina Skawina,49.968,19.805780000000002,5,POINT(19.805780 49.968000)
31-052,Kraków,Lesser Poland,Kraków,Kraków,50.052,19.9494,1,POINT(19.949400 50.052000)
31-053,Kraków,Lesser Poland,Kraków,Kraków,50.0523,19.948,1,POINT(19.948000 50.052300)
31-054,Kraków,Lesser Poland,Kraków,Kraków,50.0529,19.9433,1,POINT(19.943300 50.052900)
31-055,Kraków,Lesser Poland,Kraków,Kraków,50.0523,19.9438,1,POINT(19.943800 50.052300)
31-056,Kraków,Lesser Poland,Kraków,Kraków,50.0513,19.9453,1,POINT(19.945300 50.051300)
31-057,Kraków,Lesser Poland,Kraków,Kraków,50.0519,19.9467,1,POINT(19.946700 50.051900)
31-058,Kraków,Lesser Poland,Kraków,Kraków,50.0521,19.9419,1,POINT(19.941900 50.052100)
31-059,Kraków,Lesser Poland,Kraków,Kraków,50.051,19.9437,1,POINT(19.943700 50.051000)
31-060,Kraków,Lesser Poland,Kraków,Kraków,50.0494,19.9469,1,POINT(19.946900 50.049400)
31-061,Kraków,Lesser Poland,Kraków,Kraków,50.0481,19.9459,1,POINT(19.945900 50.048100)
31-062,Kraków,Lesser Poland,Kraków,Kraków,50.05,19.9435,1,POINT(19.943500 50.050000)
31-063,Kraków,Lesser Poland,Kraków,Kraków,50.0501,19.9424,1,POINT(19.942400 50.050100)
31-064,Kraków,Lesser Poland,Kraków,Kraków,50.0492,19.9418,1,POINT(19.941800 50.049200)
31-065,Kraków,Lesser Poland,Kraków,Kraków,50.0497,19.9418,1,POINT(19.941800 50.049700)
31-066,Kraków,Lesser Poland,Kraków,Kraków,50.0472,19.9418,1,POINT(19.941800 50.047200)
31-067,Kraków,Lesser Poland,Kraków,Kraków,50.0473,19.9411,1,POINT(19.941100 50.047300)
31-068,Kraków,Lesser Poland,Kraków,Kraków,50.0527,19.9402,1,POINT(19.940200 50.052700)
31-069,Kraków,Lesser Poland,Kraków,Kraków,50.0521,19.9373,1,POINT(19.937300 50.052100)
31-070,Kraków,Lesser Poland,Kraków,Kraków,50.0506,19.9391,1,POINT(19.939100 50.050600)
31-071,Kraków,Lesser Poland,Kraków,Kraków,50.0518,19.9361,1,POINT(19.936100 50.051800)
31-072,Kraków,Lesser Poland,Kraków,Kraków,50.0586,19.945,1,POINT(19.945000 50.058600)
31-073,Kraków,Lesser Poland,Kraków,Kraków,50.0578,19.9458,1,POINT(19.945800 50.057800)
31-080,Zabierzów,Lesser Poland,Powiat krakowski,Zabierzów,50.1217,19.8028,1,POINT(19.802800 50.121700)
31-101,Kraków,Lesser Poland,Kraków,Kraków,50.0562,19.933,1,POINT(19.933000 50.056200)
31-102,Kraków,Lesser Poland,Kraków,Kraków,50.0574,19.9318,1,POINT(19.931800 50.057400)
31-103,Kraków,Lesser Poland,Kraków,Kraków,50.0579,19.9304,1,POINT(19.930400 50.057900)
31-104,Kraków,Lesser Poland,Kraków,Kraków,50.0552,19.9305,1,POINT(19.930500 50.055200)
31-105,Kraków,Lesser Poland,Kraków,Kraków,50.0569,19.9297,1,POINT(19.929700 50.056900)
31-106,Kraków,Lesser Poland,Kraków,Kraków,50.057,19.9277,1,POINT(19.927700 50.057000)
31-107,Kraków,Lesser Poland,Kraków,Kraków,50.0583,19.9291,1,POINT(19.929100 50.058300)
31-108,Kraków,Lesser Poland,Kraków,Kraków,50.0588,19.9294,1,POINT(19.929400 50.058800)
31-109,Kraków,Lesser Poland,Kraków,Kraków,50.0595,19.9303,1,POINT(19.930300 50.059500)
31-110,Kraków,Lesser Poland,Kraków,Kraków,50.0604,19.9302,1,POINT(19.930200 50.060400)
31-111,Kraków,Lesser Poland,Kraków,Kraków,50.0584,19.9265,1,POINT(19.926500 50.058400)
31-112,Kraków,Lesser Poland,Kraków,Kraków,50.0582,19.9266,1,POINT(19.926600 50.058200)
31-113,Kraków,Lesser Poland,Kraków,Kraków,50.0616,19.9315,1,POINT(19.931500 50.061600)
31-114,Kraków,Lesser Poland,Kraków,Kraków,50.0614,19.931,1,POINT(19.931000 50.061400)
31-115,Kraków,Lesser Poland,Kraków,Kraków,50.0615,19.928,1,POINT(19.928000 50.061500)
31-116,Kraków,Lesser Poland,Kraków,Kraków,50.0627,19.9301,1,POINT(19.930100 50.062700)
31-117,Kraków,Lesser Poland,Kraków,Kraków,50.0609,19.9261,1,POINT(19.926100 50.060900)
31-118,Kraków,Lesser Poland,Kraków,Kraków,50.0627,19.9321,1,POINT(19.932100 50.062700)
31-120,Kraków,Lesser Poland,Kraków,Kraków,50.0657,19.9266,1,POINT(19.926600 50.065700)
31-121,Kraków,Lesser Poland,Kraków,Kraków,50.0635,19.9259,1,POINT(19.925900 50.063500)
31-123,Kraków,Lesser Poland,Kraków,Kraków,50.0634,19.9289,1,POINT(19.928900 50.063400)
31-124,Kraków,Lesser Poland,Kraków,Kraków,50.0645,19.9295,1,POINT(19.929500 50.064500)
31-126,Kraków,Lesser Poland,Kraków,Kraków,50.0663,19.9273,1,POINT(19.927300 50.066300)
31-127,Kraków,Lesser Poland,Kraków,Kraków,50.0669,19.9263,1,POINT(19.926300 50.066900)
31-128,Kraków,Lesser Poland,Kraków,Kraków,50.0668,19.9284,1,POINT(19.928400 50.066800)
31-130,Kraków,Lesser Poland,Kraków,Kraków,50.0679,19.9299,1,POINT(19.929900 50.067900)
31-131,Kraków,Lesser Poland,Kraków,Kraków,50.0656,19.9323,1,POINT(19.932300 50.065600)
31-132,Kraków,Lesser Poland,Kraków,Kraków,50.0616,19.9228,1,POINT(19.922800 50.061600)
31-133,Kraków,Lesser Poland,Kraków,Kraków,50.0644,19.9332,1,POINT(19.933200 50.064400)
31-134,Kraków,Lesser Poland,Kraków,Kraków,50.0663,19.9365,1,POINT(19.936500 50.066300)
31-135,Kraków,Lesser Poland,Kraków,Kraków,50.0674,19.9299,1,POINT(19.929900 50.067400)
31-136,Kraków,Lesser Poland,Kraków,Kraków,50.0683,19.9312,1,POINT(19.931200 50.068300)
31-137,Kraków,Lesser Poland,Kraków,Kraków,50.0691,19.9304,1,POINT(19.930400 50.069100)
31-138,Kraków,Lesser Poland,Kraków,Kraków,50.0697,19.9282,1,POINT(19.928200 50.069700)
31-139,Kraków,Lesser Poland,Kraków,Kraków,50.0692,19.9329,1,POINT(19.932900 50.069200)
31-140,Kraków,Lesser Poland,Kraków,Kraków,50.0678,19.9331,1,POINT(19.933100 50.067800)
31-141,Kraków,Lesser Poland,Kraków,Kraków,50.0688,19.9369,1,POINT(19.936900 50.068800)
31-142,Kraków,Lesser Poland,Kraków,Kraków,50.0691,19.9363,1,POINT(19.936300 50.069100)
31-143,Kraków,Lesser Poland,Kraków,Kraków,50.0668,19.9375,1,POINT(19.937500 50.066800)
31-144,Kraków,Lesser Poland,Kraków,Kraków,50.0672,19.9324,1,POINT(19.932400 50.067200)
31-145,Kraków,Lesser Poland,Kraków,Kraków,50.0723,19.9313,1,POINT(19.931300 50.072300)
31-146,Kraków,Lesser Poland,Kraków,Kraków,50.0698,19.9371,1,POINT(19.937100 50.069800)
31-147,Kraków,Lesser Poland,Kraków,Kraków,50.07,19.9374,1,POINT(19.937400 50.070000)
31-148,Kraków,Lesser Poland,Kraków,Kraków,50.0713,19.9383,1,POINT(19.938300 50.071300)
31-149,Kraków,Lesser Poland,Kraków,Kraków,50.0677,19.9397,1,POINT(19.939700 50.067700)
31-150,Kraków,Lesser Poland,Kraków,Kraków,50.0679,19.9403,1,POINT(19.940300 50.067900)
31-152,Kraków,Lesser Poland,Kraków,Kraków,50.0706,19.9387,1,POINT(19.938700 50.070600)
31-153,Kraków,Lesser Poland,Kraków,Kraków,50.0712,19.9393,1,POINT(19.939300 50.071200)
31-154,Kraków,Lesser Poland,Kraków,Kraków,50.0675,19.9452,1,POINT(19.945200 50.067500)
31-155,Kraków,Lesser Poland,Kraków,Kraków,50.0695,19.9455,1,POINT(19.945500 50.069500)
31-156,Kraków,Lesser Poland,Kraków,Kraków,50.0635,19.9431,1,POINT(19.943100 50.063500)
31-157,Kraków,Lesser Poland,Kraków,Kraków,50.0672,19.9459,1,POINT(19.945900 50.067200)
31-158,Kraków,Lesser Poland,Kraków,Kraków,50.072,19.9325,1,POINT(19.932500 50.072000)
31-159,Kraków,Lesser Poland,Kraków,Kraków,50.0716,19.9305,1,POINT(19.930500 50.071600)
31-160,Kraków,Lesser Poland,Kraków,Kraków,50.0665,19.9368,1,POINT(19.936800 50.066500)
31-161,Kraków,Lesser Poland,Kraków,Kraków,50.0707,19.9344,1,POINT(19.934400 50.070700)
31-162,Kraków,Lesser Poland,Kraków,Kraków,50.0711,19.9327,1,POINT(19.932700 50.071100)
31-200,Kraków,Lesser Poland,Kraków,Kraków,50.0831,19.9375,1,POINT(19.937500 50.083100)
31-201,Kraków,Lesser Poland,Kraków,Kraków,50.084,19.9386,1,POINT(19.938600 50.084000)
31-202,Kraków,Lesser Poland,Kraków,Kraków,50.0846,19.9375,1,POINT(19.937500 50.084600)
31-203,Kraków,Lesser Poland,Kraków,Kraków,50.0865,19.9398,1,POINT(19.939800 50.086500)
31-207,Kraków,Lesser Poland,Kraków,Kraków,50.0865,19.9401,1,POINT(19.940100 50.086500)
31-208,Kraków,Lesser Poland,Kraków,Kraków,50.0872,19.935,1,POINT(19.935000 50.087200)
31-209,Kraków,Lesser Poland,Kraków,Kraków,50.0887,19.9356,1,POINT(19.935600 50.088700)
31-212,Kraków,Lesser Poland,Kraków,Kraków,50.0892,19.9467,1,POINT(19.946700 50.089200)
31-213,Kraków,Lesser Poland,Kraków,Kraków,50.0915,19.9476,1,POINT(19.947600 50.091500)
31-214,Kraków,Lesser Poland,Kraków,Kraków,50.0921,19.944,1,POINT(19.944000 50.092100)
31-215,Kraków,Lesser Poland,Kraków,Kraków,50.0856,19.9445,1,POINT(19.944500 50.085600)
31-216,Kraków,Lesser Poland,Kraków,Kraków,50.0876,19.9456,1,POINT(19.945600 50.087600)
31-217,Kraków,Lesser Poland,Kraków,Kraków,50.0886,19.9498,1,POINT(19.949800 50.088600)
31-218,Kraków,Lesser Poland,Kraków,Kraków,50.0662,19.8746,1,POINT(19.874600 50.066200)
31-221,Kraków,Lesser Poland,Kraków,Kraków,50.095,19.9368,1,POINT(19.936800 50.095000)
31-222,Kraków,Lesser Poland,Kraków,Kraków,50.0993,19.9308,1,POINT(19.930800 50.099300)
31-223,Kraków,Lesser Poland,Kraków,Kraków,50.0942,19.9267,1,POINT(19.926700 50.094200)
31-224,Kraków,Lesser Poland,Kraków,Kraków,50.096,19.9274,1,POINT(19.927400 50.096000)
31-226,Kraków,Lesser Poland,Kraków,Kraków,50.0973,19.9252,1,POINT(19.925200 50.097300)
31-227,Kraków,Lesser Poland,Kraków,Kraków,50.0953,19.9286,1,POINT(19.928600 50.095300)
31-228,Kraków,Lesser Poland,Kraków,Kraków,50.093,19.9349,1,POINT(19.934900 50.093000)
31-229,Kraków,Lesser Poland,Kraków,Kraków,50.0925,19.9309,1,POINT(19.930900 50.092500)
31-230,Kraków,Lesser Poland,Kraków,Kraków,50.0944,19.934,1,POINT(19.934000 50.094400)
31-231,Kraków,Lesser Poland,Kraków,Kraków,50.0948,19.9522,1,POINT(19.952200 50.094800)
31-232,Kraków,Lesser Poland,Kraków,Kraków,50.0933,19.9531,1,POINT(19.953100 50.093300)
31-234,Kraków,Lesser Poland,Kraków,Kraków,50.1018,19.9486,1,POINT(19.948600 50.101800)
31-235,Kraków,Lesser Poland,Kraków,Kraków,50.1033,19.9461,1,POINT(19.946100 50.103300)
31-236,Kraków,Lesser Poland,Kraków,Kraków,50.0993,19.9657,1,POINT(19.965700 50.099300)
31-241,Kraków,Lesser Poland,Kraków,Kraków,50.0986,19.9741,1,POINT(19.974100 50.098600)
31-242,Kraków,Lesser Poland,Kraków,Kraków,50.1082,19.9577,1,POINT(19.957700 50.108200)
31-244,Kraków,Lesser Poland,Kraków,Kraków,50.0418,19.8263,1,POINT(19.826300 50.041800)
31-261,Kraków,Lesser Poland,Kraków,Kraków,50.0853,19.9268,1,POINT(19.926800 50.085300)
31-262,Kraków,Lesser Poland,Kraków,Kraków,50.1052,19.912,1,POINT(19.912000 50.105200)
31-263,Kraków,Lesser Poland,Kraków,Kraków,50.1042,19.9069,1,POINT(19.906900 50.104200)
31-264,Kraków,Lesser Poland,Kraków,Kraków,50.1072,19.9088,1,POINT(19.908800 50.107200)
31-265,Kraków,Lesser Poland,Kraków,Kraków,50.1093,19.9031,1,POINT(19.903100 50.109300)
31-266,Kraków,Lesser Poland,Kraków,Kraków,50.1098,19.9067,1,POINT(19.906700 50.109800)
31-267,Kraków,Lesser Poland,Kraków,Kraków,50.1126,19.906,1,POINT(19.906000 50.112600)
31-268,Kraków,Lesser Poland,Kraków,Kraków,50.1116,19.9034,1,POINT(19.903400 50.111600)
31-269,Kraków,Lesser Poland,Kraków,Kraków,50.1135,19.899,1,POINT(19.899000 50.113500)
31-270,Kraków,Lesser Poland,Kraków,Kraków,50.115,19.8991,1,POINT(19.899100 50.115000)
31-271,Kraków,Lesser Poland,Kraków,Kraków,50.0872,19.93,1,POINT(19.930000 50.087200)
31-272,Kraków,Lesser Poland,Kraków,Kraków,50.0884,19.9278,1,POINT(19.927800 50.088400)
31-273,Kraków,Lesser Poland,Kraków,Kraków,50.0796,19.9218,1,POINT(19.921800 50.079600)
31-275,Kraków,Lesser Poland,Kraków,Kraków,50.0902,19.926,1,POINT(19.926000 50.090200)
31-276,Kraków,Lesser Poland,Kraków,Kraków,50.0907,19.9276,1,POINT(19.927600 50.090700)
31-277,Kraków,Lesser Poland,Kraków,Kraków,50.0906,19.9249,1,POINT(19.924900 50.090600)
31-278,Kraków,Lesser Poland,Kraków,Kraków,50.0905,19.9235,1,POINT(19.923500 50.090500)
31-279,Kraków,Lesser Poland,Kraków,Kraków,50.1036,19.9113,1,POINT(19.911300 50.103600)
31-280,Kraków,Lesser Poland,Kraków,Kraków,50.0914,19.9188,1,POINT(19.918800 50.091400)
31-301,Kraków,Lesser Poland,Kraków,Kraków,50.0875,19.9117,1,POINT(19.911700 50.087500)
31-302,Kraków,Lesser Poland,Kraków,Kraków,50.0828,19.9214,1,POINT(19.921400 50.082800)
31-303,Kraków,Lesser Poland,Kraków,Kraków,50.0835,19.9162,1,POINT(19.916200 50.083500)
31-305,Kraków,Lesser Poland,Kraków,Kraków,50.0831,19.9106,1,POINT(19.910600 50.083100)
31-306,Kraków,Lesser Poland,Kraków,Kraków,50.0842,19.9154,1,POINT(19.915400 50.084200)
31-307,Kraków,Lesser Poland,Kraków,Kraków,50.0842,19.9146,1,POINT(19.914600 50.084200)
31-308,Kraków,Lesser Poland,Kraków,Kraków,50.0846,19.914,1,POINT(19.914000 50.084600)
31-309,Kraków,Lesser Poland,Kraków,Kraków,50.0848,19.913,1,POINT(19.913000 50.084800)
31-310,Kraków,Lesser Poland,Kraków,Kraków,50.0848,19.912,1,POINT(19.912000 50.084800)
31-311,Kraków,Lesser Poland,Kraków,Kraków,50.0851,19.9111,1,POINT(19.911100 50.085100)
31-312,Kraków,Lesser Poland,Kraków,Kraków,50.0843,19.91,1,POINT(19.910000 50.084300)
31-314,Kraków,Lesser Poland,Kraków,Kraków,50.086,19.9078,1,POINT(19.907800 50.086000)
31-315,Kraków,Lesser Poland,Kraków,Kraków,50.085,19.8999,1,POINT(19.899900 50.085000)
31-316,Kraków,Lesser Poland,Kraków,Kraków,50.0857,19.9055,1,POINT(19.905500 50.085700)
31-317,Kraków,Lesser Poland,Kraków,Kraków,50.0853,19.9067,1,POINT(19.906700 50.085300)
31-318,Kraków,Lesser Poland,Kraków,Kraków,50.0865,19.9081,1,POINT(19.908100 50.086500)
31-319,Kraków,Lesser Poland,Kraków,Kraków,50.0857,19.9036,1,POINT(19.903600 50.085700)
31-320,Kraków,Lesser Poland,Kraków,Kraków,50.0868,19.8988,1,POINT(19.898800 50.086800)
31-321,Kraków,Lesser Poland,Kraków,Kraków,50.086,19.8966,1,POINT(19.896600 50.086000)
31-322,Kraków,Lesser Poland,Kraków,Kraków,50.0873,19.9135,1,POINT(19.913500 50.087300)
31-323,Kraków,Lesser Poland,Kraków,Kraków,50.0902,19.9142,1,POINT(19.914200 50.090200)
31-324,Kraków,Lesser Poland,Kraków,Kraków,50.0943,19.9131,1,POINT(19.913100 50.094300)
31-325,Kraków,Lesser Poland,Kraków,Kraków,50.0883,19.917,1,POINT(19.917000 50.088300)
31-326,Kraków,Lesser Poland,Kraków,Kraków,50.0874,19.9147,1,POINT(19.914700 50.087400)
31-327,Kraków,Lesser Poland,Kraków,Kraków,50.0874,19.9155,1,POINT(19.915500 50.087400)
31-328,Kraków,Lesser Poland,Kraków,Kraków,50.0867,19.9168,1,POINT(19.916800 50.086700)
31-330,Kraków,Lesser Poland,Kraków,Kraków,50.0894,19.8837,1,POINT(19.883700 50.089400)
31-331,Kraków,Lesser Poland,Kraków,Kraków,50.0918,19.9167,1,POINT(19.916700 50.091800)
31-332,Kraków,Lesser Poland,Kraków,Kraków,50.0929,19.9151,1,POINT(19.915100 50.092900)
31-333,Kraków,Lesser Poland,Kraków,Kraków,50.0921,19.915,1,POINT(19.915000 50.092100)
31-334,Kraków,Lesser Poland,Kraków,Kraków,50.1054,19.9041,1,POINT(19.904100 50.105400)
31-335,Kraków,Lesser Poland,Kraków,Kraków,50.1011,19.9071,1,POINT(19.907100 50.101100)
31-336,Kraków,Lesser Poland,Kraków,Kraków,50.1086,19.8967,1,POINT(19.896700 50.108600)
31-337,Kraków,Lesser Poland,Kraków,Kraków,50.1112,19.894,1,POINT(19.894000 50.111200)
31-338,Kraków,Lesser Poland,Kraków,Kraków,50.1114,19.8897,1,POINT(19.889700 50.111400)
31-339,Kraków,Lesser Poland,Kraków,Kraków,50.086,19.9092,1,POINT(19.909200 50.086000)
31-340,Kraków,Lesser Poland,Kraków,Kraków,50.093,19.9037,1,POINT(19.903700 50.093000)
31-341,Kraków,Lesser Poland,Kraków,Kraków,50.0951,19.9048,1,POINT(19.904800 50.095100)
31-342,Kraków,Lesser Poland,Kraków,Kraków,50.0888,19.8853,1,POINT(19.885300 50.088800)
31-343,Kraków,Lesser Poland,Kraków,Kraków,50.0924,19.8859,1,POINT(19.885900 50.092400)
31-344,Kraków,Lesser Poland,Kraków,Kraków,50.0981,19.8805,1,POINT(19.880500 50.098100)
31-345,Kraków,Lesser Poland,Kraków,Kraków,50.0931,19.8905,1,POINT(19.890500 50.093100)
31-346,Kraków,Lesser Poland,Kraków,Kraków,50.0967,19.8838,1,POINT(19.883800 50.096700)
31-347,Kraków,Lesser Poland,Kraków,Kraków,50.1004,19.8818,1,POINT(19.881800 50.100400)
31-348,Kraków,Lesser Poland,Kraków,Kraków,50.0982,19.8904,1,POINT(19.890400 50.098200)
31-349,Kraków,Lesser Poland,Kraków,Kraków,50.0961,19.9009,1,POINT(19.900900 50.096100)
31-350,Kraków,Lesser Poland,Kraków,Kraków,50.1049,19.8791,1,POINT(19.879100 50.104900)
31-351,Kraków,Lesser Poland,Kraków,Kraków,50.0864,19.8822,1,POINT(19.882200 50.086400)
31-352,Kraków,Lesser Poland,Kraków,Kraków,50.0894,19.8743,1,POINT(19.874300 50.089400)
31-353,Kraków,Lesser Poland,Kraków,Kraków,50.0891,19.8785,1,POINT(19.878500 50.089100)
31-354,Kraków,Lesser Poland,Kraków,Kraków,50.094,19.8752,1,POINT(19.875200 50.094000)
31-355,Kraków,Lesser Poland,Kraków,Kraków,50.102,19.8721,1,POINT(19.872100 50.102000)
31-356,Kraków,Lesser Poland,Kraków,Kraków,50.0849,19.8867,1,POINT(19.886700 50.084900)
31-357,Kraków,Lesser Poland,Kraków,Kraków,50.0882,19.8988,1,POINT(19.898800 50.088200)
31-358,Kraków,Lesser Poland,Kraków,Kraków,50.0933,19.9017,1,POINT(19.901700 50.093300)
31-363,Kraków,Lesser Poland,Kraków,Kraków,50.0843,19.9155,1,POINT(19.915500 50.084300)
31-376,Kraków,Lesser Poland,Kraków,Kraków,50.0341,19.8947,1,POINT(19.894700 50.034100)
31-398,Kraków,Lesser Poland,Kraków,Kraków,50.0864,19.8726,1,POINT(19.872600 50.086400)
31-401,Kraków,Lesser Poland,Kraków,Kraków,50.0773,19.9476,1,POINT(19.947600 50.077300)
31-403,Kraków,Lesser Poland,Kraków,Kraków,50.0767,19.9445,1,POINT(19.944500 50.076700)
31-404,Kraków,Lesser Poland,Kraków,Kraków,50.0736,19.9476,1,POINT(19.947600 50.073600)
31-406,Kraków,Lesser Poland,Kraków,Kraków,50.0907,19.9586,1,POINT(19.958600 50.090700)
31-408,Kraków,Lesser Poland,Kraków,Kraków,50.0883,19.9573,1,POINT(19.957300 50.088300)
31-409,Kraków,Lesser Poland,Kraków,Kraków,50.0865,19.9602,1,POINT(19.960200 50.086500)
31-410,Kraków,Lesser Poland,Kraków,Kraków,50.0848,19.9615,1,POINT(19.961500 50.084800)
31-411,Kraków,Lesser Poland,Kraków,Kraków,50.0831,19.9579,1,POINT(19.957900 50.083100)
31-413,Kraków,Lesser Poland,Kraków,Kraków,50.0818,19.9538,1,POINT(19.953800 50.081800)
31-414,Kraków,Lesser Poland,Kraków,Kraków,50.0829,19.9558,1,POINT(19.955800 50.082900)
31-416,Kraków,Lesser Poland,Kraków,Kraków,50.0893,19.9717,1,POINT(19.971700 50.089300)
31-417,Kraków,Lesser Poland,Kraków,Kraków,50.0908,19.9804,1,POINT(19.980400 50.090800)
31-418,Kraków,Lesser Poland,Kraków,Kraków,50.08,19.9671,1,POINT(19.967100 50.080000)
31-419,Kraków,Lesser Poland,Kraków,Kraków,50.0909,19.9777,1,POINT(19.977700 50.090900)
31-420,Kraków,Lesser Poland,Kraków,Kraków,50.0891,19.9709,1,POINT(19.970900 50.089100)
31-421,Kraków,Lesser Poland,Kraków,Kraków,50.0909,19.9737,1,POINT(19.973700 50.090900)
31-422,Kraków,Lesser Poland,Kraków,Kraków,50.0939,19.9691,1,POINT(19.969100 50.093900)
31-423,Kraków,Lesser Poland,Kraków,Kraków,50.0913,19.9642,1,POINT(19.964200 50.091300)
31-424,Kraków,Lesser Poland,Kraków,Kraków,50.0837,19.9539,1,POINT(19.953900 50.083700)
31-425,Kraków,Lesser Poland,Kraków,Kraków,50.0811,19.9499,1,POINT(19.949900 50.081100)
31-426,Kraków,Lesser Poland,Kraków,Kraków,50.0845,19.9533,1,POINT(19.953300 50.084500)
31-428,Kraków,Lesser Poland,Kraków,Kraków,50.0766,19.964,1,POINT(19.964000 50.076600)
31-429,Kraków,Lesser Poland,Kraków,Kraków,50.0752,19.9644,1,POINT(19.964400 50.075200)
31-431,Kraków,Lesser Poland,Kraków,Kraków,50.0798,19.962,1,POINT(19.962000 50.079800)
31-432,Kraków,Lesser Poland,Kraków,Kraków,50.0799,19.9634,1,POINT(19.963400 50.079900)
31-435,Kraków,Lesser Poland,Kraków,Kraków,50.0808,19.9623,1,POINT(19.962300 50.080800)
31-436,Kraków,Lesser Poland,Kraków,Kraków,50.0809,19.9636,1,POINT(19.963600 50.080900)
31-443,Kraków,Lesser Poland,Kraków,Kraków,50.0732,19.9827,1,POINT(19.982700 50.073200)
31-444,Kraków,Lesser Poland,Kraków,Kraków,50.0718,19.9786,1,POINT(19.978600 50.071800)
31-445,Kraków,Lesser Poland,Kraków,Kraków,50.07,19.977,1,POINT(19.977000 50.070000)
31-450,Kraków,Lesser Poland,Kraków,Kraków,50.0755,19.9851,1,POINT(19.985100 50.075500)
31-452,Kraków,Lesser Poland,Kraków,Kraków,50.0747,19.9828,1,POINT(19.982800 50.074700)
31-455,Kraków,Lesser Poland,Kraków,Kraków,50.0765,19.9808,1,POINT(19.980800 50.076500)
31-456,Kraków,Lesser Poland,Kraków,Kraków,50.0769,19.9807,1,POINT(19.980700 50.076900)
31-457,Kraków,Lesser Poland,Kraków,Kraków,50.0747,19.9797,1,POINT(19.979700 50.074700)
31-460,Kraków,Lesser Poland,Kraków,Kraków,50.0808,19.9793,1,POINT(19.979300 50.080800)
31-462,Kraków,Lesser Poland,Kraków,Kraków,50.0774,19.9722,1,POINT(19.972200 50.077400)
31-463,Kraków,Lesser Poland,Kraków,Kraków,50.074,19.969,1,POINT(19.969000 50.074000)
31-464,Kraków,Lesser Poland,Kraków,Kraków,50.0765,19.9734,1,POINT(19.973400 50.076500)
31-465,Kraków,Lesser Poland,Kraków,Kraków,50.08,19.9729,1,POINT(19.972900 50.080000)
31-466,Kraków,Lesser Poland,Kraków,Kraków,50.0852,19.9811,1,POINT(19.981100 50.085200)
31-467,Kraków,Lesser Poland,Kraków,Kraków,50.0843,19.9824,1,POINT(19.982400 50.084300)
31-469,Kraków,Lesser Poland,Kraków,Kraków,50.0827,19.97,1,POINT(19.970000 50.082700)
31-470,Kraków,Lesser Poland,Kraków,Kraków,50.0834,19.9735,1,POINT(19.973500 50.083400)
31-471,Kraków,Lesser Poland,Kraków,Kraków,50.0818,19.9659,1,POINT(19.965900 50.081800)
31-474,Kraków,Lesser Poland,Kraków,Kraków,50.0836,19.9714,1,POINT(19.971400 50.083600)
31-475,Kraków,Lesser Poland,Kraków,Kraków,50.0792,19.9644,1,POINT(19.964400 50.079200)
31-476,Kraków,Lesser Poland,Kraków,Kraków,50.0853,19.971,1,POINT(19.971000 50.085300)
31-477,Kraków,Lesser Poland,Kraków,Kraków,50.0817,19.9695,1,POINT(19.969500 50.081700)
31-478,Kraków,Lesser Poland,Kraków,Kraków,50.091,19.9823,1,POINT(19.982300 50.091000)
31-479,Kraków,Lesser Poland,Kraków,Kraków,50.0926,19.984,1,POINT(19.984000 50.092600)
31-480,Kraków,Lesser Poland,Kraków,Kraków,50.0916,19.9816,1,POINT(19.981600 50.091600)
31-481,Kraków,Lesser Poland,Kraków,Kraków,50.0872,19.9698,1,POINT(19.969800 50.087200)
31-482,Kraków,Lesser Poland,Kraków,Kraków,50.0819,19.9505,1,POINT(19.950500 50.081900)
31-501,Kraków,Lesser Poland,Kraków,Kraków,50.0626,19.9518,1,POINT(19.951800 50.062600)
31-502,Kraków,Lesser Poland,Kraków,Kraków,50.0606,19.9488,1,POINT(19.948800 50.060600)
31-503,Kraków,Lesser Poland,Kraków,Kraków,50.0645,19.9514,1,POINT(19.951400 50.064500)
31-504,Kraków,Lesser Poland,Kraków,Kraków,50.0653,19.9498,1,POINT(19.949800 50.065300)
31-505,Kraków,Lesser Poland,Kraków,Kraków,50.0664,19.9533,1,POINT(19.953300 50.066400)
31-506,Kraków,Lesser Poland,Kraków,Kraków,50.0667,19.9544,1,POINT(19.954400 50.066700)
31-508,Kraków,Lesser Poland,Kraków,Kraków,50.0671,19.9492,1,POINT(19.949200 50.067100)
31-509,Kraków,Lesser Poland,Kraków,Kraków,50.0675,19.9543,1,POINT(19.954300 50.067500)
31-510,Kraków,Lesser Poland,Kraków,Kraków,50.0711,19.9539,1,POINT(19.953900 50.071100)
31-511,Kraków,Lesser Poland,Kraków,Kraków,50.0661,19.9519,1,POINT(19.951900 50.066100)
31-512,Kraków,Lesser Poland,Kraków,Kraków,50.0661,19.9524,1,POINT(19.952400 50.066100)
31-513,Kraków,Lesser Poland,Kraków,Kraków,50.0719,19.959,1,POINT(19.959000 50.071900)
31-514,Kraków,Lesser Poland,Kraków,Kraków,50.0704,19.959,1,POINT(19.959000 50.070400)
31-515,Kraków,Lesser Poland,Kraków,Kraków,50.0712,19.9602,1,POINT(19.960200 50.071200)
31-516,Kraków,Lesser Poland,Kraków,Kraków,50.0719,19.9609,1,POINT(19.960900 50.071900)
31-517,Kraków,Lesser Poland,Kraków,Kraków,50.0715,19.9622,1,POINT(19.962200 50.071500)
31-518,Kraków,Lesser Poland,Kraków,Kraków,50.0708,19.9621,1,POINT(19.962100 50.070800)
31-519,Kraków,Lesser Poland,Kraków,Kraków,50.076,19.9601,1,POINT(19.960100 50.076000)
31-521,Kraków,Lesser Poland,Kraków,Kraków,50.0741,19.9614,1,POINT(19.961400 50.074100)
31-523,Kraków,Lesser Poland,Kraków,Kraków,50.0689,19.9653,1,POINT(19.965300 50.068900)
31-524,Kraków,Lesser Poland,Kraków,Kraków,50.0701,19.965,1,POINT(19.965000 50.070100)
31-525,Kraków,Lesser Poland,Kraków,Kraków,50.0668,19.962,1,POINT(19.962000 50.066800)
31-526,Kraków,Lesser Poland,Kraków,Kraków,50.0672,19.9633,1,POINT(19.963300 50.067200)
31-527,Kraków,Lesser Poland,Kraków,Kraków,50.0682,19.9688,1,POINT(19.968800 50.068200)
31-529,Kraków,Lesser Poland,Kraków,Kraków,50.0604,19.9501,1,POINT(19.950100 50.060400)
31-530,Kraków,Lesser Poland,Kraków,Kraków,50.0596,19.9498,1,POINT(19.949800 50.059600)
31-531,Kraków,Lesser Poland,Kraków,Kraków,50.0595,19.9558,1,POINT(19.955800 50.059500)
31-532,Kraków,Lesser Poland,Kraków,Kraków,50.0574,19.9542,1,POINT(19.954200 50.057400)
31-534,Kraków,Lesser Poland,Kraków,Kraków,50.0556,19.9543,1,POINT(19.954300 50.055600)
31-535,Kraków,Lesser Poland,Kraków,Kraków,50.0545,19.955,1,POINT(19.955000 50.054500)
31-536,Kraków,Lesser Poland,Kraków,Kraków,50.0537,19.953,1,POINT(19.953000 50.053700)
31-537,Kraków,Lesser Poland,Kraków,Kraków,50.0573,19.9509,1,POINT(19.950900 50.057300)
31-538,Kraków,Lesser Poland,Kraków,Kraków,50.0554,19.9511,1,POINT(19.951100 50.055400)
31-539,Kraków,Lesser Poland,Kraków,Kraków,50.0583,19.9581,1,POINT(19.958100 50.058300)
31-540,Kraków,Lesser Poland,Kraków,Kraków,50.0561,19.957,1,POINT(19.957000 50.056100)
31-541,Kraków,Lesser Poland,Kraków,Kraków,50.0607,19.961,1,POINT(19.961000 50.060700)
31-542,Kraków,Lesser Poland,Kraków,Kraków,50.0629,19.9631,1,POINT(19.963100 50.062900)
31-543,Kraków,Lesser Poland,Kraków,Kraków,50.0625,19.9664,1,POINT(19.966400 50.062500)
31-545,Kraków,Lesser Poland,Kraków,Kraków,50.0663,19.9695,1,POINT(19.969500 50.066300)
31-546,Kraków,Lesser Poland,Kraków,Kraków,50.0668,19.9677,1,POINT(19.967700 50.066800)
31-547,Kraków,Lesser Poland,Kraków,Kraków,50.0649,19.9618,1,POINT(19.961800 50.064900)
31-548,Kraków,Lesser Poland,Kraków,Kraków,50.0609,19.9771,1,POINT(19.977100 50.060900)
31-549,Kraków,Lesser Poland,Kraków,Kraków,50.0628,19.9608,1,POINT(19.960800 50.062800)
31-552,Kraków,Lesser Poland,Kraków,Kraków,50.0587,19.967,1,POINT(19.967000 50.058700)
31-553,Kraków,Lesser Poland,Kraków,Kraków,50.0633,19.9705,1,POINT(19.970500 50.063300)
31-559,Kraków,Lesser Poland,Kraków,Kraków,50.0577,19.9698,1,POINT(19.969800 50.057700)
31-560,Kraków,Lesser Poland,Kraków,Kraków,50.0588,19.9782,1,POINT(19.978200 50.058800)
31-563,Kraków,Lesser Poland,Kraków,Kraków,50.0628,19.9779,1,POINT(19.977900 50.062800)
31-564,Kraków,Lesser Poland,Kraków,Kraków,50.0635,19.9889,1,POINT(19.988900 50.063500)
31-566,Kraków,Lesser Poland,Kraków,Kraków,50.0557,19.9749,1,POINT(19.974900 50.055700)
31-567,Kraków,Lesser Poland,Kraków,Kraków,50.0568,19.9777,1,POINT(19.977700 50.056800)
31-571,Kraków,Lesser Poland,Kraków,Kraków,50.0705,19.9854,1,POINT(19.985400 50.070500)
31-572,Kraków,Lesser Poland,Kraków,Kraków,50.0666,19.9965,1,POINT(19.996500 50.066600)
31-573,Kraków,Lesser Poland,Kraków,Kraków,50.0585,19.9964,1,POINT(19.996400 50.058500)
31-574,Kraków,Lesser Poland,Kraków,Kraków,50.0531,20.0097,1,POINT(20.009700 50.053100)
31-578,Rząska,Lesser Poland,Powiat krakowski,Zabierzów,50.1026,19.8544,1,POINT(19.854400 50.102600)
31-579,Kraków,Lesser Poland,Kraków,Kraków,50.0724,20.0084,1,POINT(20.008400 50.072400)
31-580,Kraków,Lesser Poland,Kraków,Kraków,50.0713,20.0093,1,POINT(20.009300 50.071300)
31-581,Kraków,Lesser Poland,Kraków,Kraków,50.0713,20.0129,1,POINT(20.012900 50.071300)
31-586,Kraków,Lesser Poland,Kraków,Kraków,50.0647,20.0083,1,POINT(20.008300 50.064700)
31-587,Kraków,Lesser Poland,Kraków,Kraków,50.057,20.0155,1,POINT(20.015500 50.057000)
31-588,Kraków,Lesser Poland,Kraków,Kraków,50.0559,20.0199,1,POINT(20.019900 50.055900)
31-589,Kraków,Lesser Poland,Kraków,Kraków,50.0587,20.0268,1,POINT(20.026800 50.058700)
31-601,Kraków,Lesser Poland,Kraków,Kraków,50.0981,20.026,1,POINT(20.026000 50.098100)
31-603,Kraków,Lesser Poland,Kraków,Kraków,50.0893,20.0006,1,POINT(20.000600 50.089300)
31-604,Kraków,Lesser Poland,Kraków,Kraków,50.0902,20.0003,1,POINT(20.000300 50.090200)
31-605,Kraków,Lesser Poland,Kraków,Kraków,50.0912,20.0,1,POINT(20.000000 50.091200)
31-606,Kraków,Lesser Poland,Kraków,Kraków,50.0912,20.0027,1,POINT(20.002700 50.091200)
31-607,Kraków,Lesser Poland,Kraków,Kraków,50.0902,20.0026,1,POINT(20.002600 50.090200)
31-608,Kraków,Lesser Poland,Kraków,Kraków,50.0908,20.0041,1,POINT(20.004100 50.090800)
31-609,Kraków,Lesser Poland,Kraków,Kraków,50.0921,20.0051,1,POINT(20.005100 50.092100)
31-610,Kraków,Lesser Poland,Kraków,Kraków,50.0932,19.9996,1,POINT(19.999600 50.093200)
31-615,Kraków,Lesser Poland,Kraków,Kraków,50.0916,19.9981,1,POINT(19.998100 50.091600)
31-616,Kraków,Lesser Poland,Kraków,Kraków,50.0388,19.9779,1,POINT(19.977900 50.038800)
31-617,Kraków,Lesser Poland,Kraków,Kraków,50.0955,20.006,1,POINT(20.006000 50.095500)
31-618,Kraków,Lesser Poland,Kraków,Kraków,50.0956,19.9961,1,POINT(19.996100 50.095600)
31-619,Kraków,Lesser Poland,Kraków,Kraków,50.096,19.992,1,POINT(19.992000 50.096000)
31-620,Kraków,Lesser Poland,Kraków,Kraków,50.0964,20.0098,1,POINT(20.009800 50.096400)
31-621,Kraków,Lesser Poland,Kraków,Kraków,50.1009,20.0095,1,POINT(20.009500 50.100900)
31-623,Kraków,Lesser Poland,Kraków,Kraków,50.0955,20.0134,1,POINT(20.013400 50.095500)
31-624,Kraków,Lesser Poland,Kraków,Kraków,50.0992,20.0201,1,POINT(20.020100 50.099200)
31-625,Kraków,Lesser Poland,Kraków,Kraków,50.1002,20.0154,1,POINT(20.015400 50.100200)
31-626,Kraków,Lesser Poland,Kraków,Kraków,50.0962,20.0163,1,POINT(20.016300 50.096200)
31-630,Kraków,Lesser Poland,Kraków,Kraków,50.0916,20.009,1,POINT(20.009000 50.091600)
31-635,Kraków,Lesser Poland,Kraków,Kraków,50.0899,19.9942,1,POINT(19.994200 50.089900)
31-636,Kraków,Lesser Poland,Kraków,Kraków,50.0921,19.9918,1,POINT(19.991800 50.092100)
31-637,Kraków,Lesser Poland,Kraków,Kraków,50.0931,20.0182,1,POINT(20.018200 50.093100)
31-638,Kraków,Lesser Poland,Kraków,Kraków,50.0942,20.0267,1,POINT(20.026700 50.094200)
31-640,Kraków,Lesser Poland,Kraków,Kraków,50.0968,20.0213,1,POINT(20.021300 50.096800)
31-643,Kraków,Lesser Poland,Kraków,Kraków,50.1051,19.9963,1,POINT(19.996300 50.105100)
31-644,Kraków,Lesser Poland,Kraków,Kraków,50.0962,20.024,1,POINT(20.024000 50.096200)
31-651,Kraków,Lesser Poland,Kraków,Kraków,50.0951,20.0249,1,POINT(20.024900 50.095100)
31-670,Kraków,Lesser Poland,Kraków,Kraków,50.1047,19.9966,1,POINT(19.996600 50.104700)
31-698,Kraków,Lesser Poland,Kraków,Kraków,49.9973,19.9406,1,POINT(19.940600 49.997300)
31-701,Kraków,Lesser Poland,Kraków,Kraków,50.0951,20.0574,1,POINT(20.057400 50.095100)
31-702,Kraków,Lesser Poland,Kraków,Kraków,50.0968,20.0577,1,POINT(20.057700 50.096800)
31-703,Kraków,Lesser Poland,Kraków,Kraków,50.0951,20.0548,1,POINT(20.054800 50.095100)
31-704,Kraków,Lesser Poland,Kraków,Kraków,50.0967,20.0548,1,POINT(20.054800 50.096700)
31-705,Kraków,Lesser Poland,Kraków,Kraków,50.1022,20.0619,1,POINT(20.061900 50.102200)
31-706,Kraków,Lesser Poland,Kraków,Kraków,50.0958,20.0513,1,POINT(20.051300 50.095800)
31-707,Kraków,Lesser Poland,Kraków,Kraków,50.0941,20.0539,1,POINT(20.053900 50.094100)
31-708,Kraków,Lesser Poland,Kraków,Kraków,50.094,20.0455,1,POINT(20.045500 50.094000)
31-709,Kraków,Lesser Poland,Kraków,Kraków,50.094,20.0438,1,POINT(20.043800 50.094000)
31-710,Kraków,Lesser Poland,Kraków,Kraków,50.094,20.0486,1,POINT(20.048600 50.094000)
31-711,Kraków,Lesser Poland,Kraków,Kraków,50.096,20.0443,1,POINT(20.044300 50.096000)
31-712,Kraków,Lesser Poland,Kraków,Kraków,50.1003,20.0537,1,POINT(20.053700 50.100300)
31-721,Kraków,Lesser Poland,Kraków,Kraków,50.0932,20.0591,1,POINT(20.059100 50.093200)
31-722,Kraków,Lesser Poland,Kraków,Kraków,50.0965,20.0614,1,POINT(20.061400 50.096500)
31-723,Kraków,Lesser Poland,Kraków,Kraków,50.097,20.0642,1,POINT(20.064200 50.097000)
31-724,Kraków,Lesser Poland,Kraków,Kraków,50.0899,20.0362,1,POINT(20.036200 50.089900)
31-725,Kraków,Lesser Poland,Kraków,Kraków,50.0954,20.0626,1,POINT(20.062600 50.095400)
31-726,Kraków,Lesser Poland,Kraków,Kraków,50.0949,20.0638,1,POINT(20.063800 50.094900)
31-727,Kraków,Lesser Poland,Kraków,Kraków,50.0935,20.0616,1,POINT(20.061600 50.093500)
31-750,Kraków,Lesser Poland,Kraków,Kraków,50.0886,20.0525,1,POINT(20.052500 50.088600)
31-751,Kraków,Lesser Poland,Kraków,Kraków,50.0837,20.0455,1,POINT(20.045500 50.083700)
31-752,Kraków,Lesser Poland,Kraków,Kraków,50.0859,20.0532,1,POINT(20.053200 50.085900)
31-753,Kraków,Lesser Poland,Kraków,Kraków,50.0815,20.0621,1,POINT(20.062100 50.081500)
31-754,Kraków,Lesser Poland,Kraków,Kraków,50.0926,20.0469,1,POINT(20.046900 50.092600)
31-761,Kraków,Lesser Poland,Kraków,Kraków,50.1002,20.0376,1,POINT(20.037600 50.100200)
31-762,Kraków,Lesser Poland,Kraków,Kraków,50.1059,20.0473,1,POINT(20.047300 50.105900)
31-763,Kraków,Lesser Poland,Kraków,Kraków,50.1046,20.0605,1,POINT(20.060500 50.104600)
31-764,Kraków,Lesser Poland,Kraków,Kraków,50.1004,20.0751,1,POINT(20.075100 50.100400)
31-765,Kraków,Lesser Poland,Kraków,Kraków,50.102,20.0708,1,POINT(20.070800 50.102000)
31-766,Kraków,Lesser Poland,Kraków,Kraków,50.0954,20.0884,1,POINT(20.088400 50.095400)
31-767,Kraków,Lesser Poland,Kraków,Kraków,50.1002,20.071,1,POINT(20.071000 50.100200)
31-768,Kraków,Lesser Poland,Kraków,Kraków,50.0996,20.0789,1,POINT(20.078900 50.099600)
31-798,Kraków,Lesser Poland,Kraków,Kraków,50.0411,20.0529,1,POINT(20.052900 50.041100)
31-801,Kraków,Lesser Poland,Kraków,Kraków,50.0864,20.0185,1,POINT(20.018500 50.086400)
31-802,Kraków,Lesser Poland,Kraków,Kraków,50.0861,20.0153,1,POINT(20.015300 50.086100)
31-803,Kraków,Lesser Poland,Kraków,Kraków,50.0875,20.0154,1,POINT(20.015400 50.087500)
31-804,Kraków,Lesser Poland,Kraków,Kraków,50.0871,20.0169,1,POINT(20.016900 50.087100)
31-807,Kraków,Lesser Poland,Kraków,Kraków,50.0878,20.0036,1,POINT(20.003600 50.087800)
31-808,Kraków,Lesser Poland,Kraków,Kraków,50.0877,20.0099,1,POINT(20.009900 50.087700)
31-809,Kraków,Lesser Poland,Kraków,Kraków,50.0875,20.0084,1,POINT(20.008400 50.087500)
31-810,Kraków,Lesser Poland,Kraków,Kraków,50.0887,20.0077,1,POINT(20.007700 50.088700)
31-812,Kraków,Lesser Poland,Kraków,Kraków,50.09,20.0151,1,POINT(20.015100 50.090000)
31-813,Kraków,Lesser Poland,Kraków,Kraków,50.0916,20.015,1,POINT(20.015000 50.091600)
31-814,Kraków,Lesser Poland,Kraków,Kraków,50.0917,20.0131,1,POINT(20.013100 50.091700)
31-815,Kraków,Lesser Poland,Kraków,Kraków,50.0908,20.0156,1,POINT(20.015600 50.090800)
31-818,Kraków,Lesser Poland,Kraków,Kraków,50.0889,20.0196,1,POINT(20.019600 50.088900)
31-819,Kraków,Lesser Poland,Kraków,Kraków,50.0897,20.0179,1,POINT(20.017900 50.089700)
31-820,Kraków,Lesser Poland,Kraków,Kraków,50.0908,20.017,1,POINT(20.017000 50.090800)
31-826,Kraków,Lesser Poland,Kraków,Kraków,50.0914,20.0234,1,POINT(20.023400 50.091400)
31-827,Kraków,Lesser Poland,Kraków,Kraków,50.0908,20.026,1,POINT(20.026000 50.090800)
31-828,Kraków,Lesser Poland,Kraków,Kraków,50.0883,20.0282,1,POINT(20.028200 50.088300)
31-831,Kraków,Lesser Poland,Kraków,Kraków,50.0872,20.0318,1,POINT(20.031800 50.087200)
31-832,Kraków,Lesser Poland,Kraków,Kraków,50.0884,20.0231,1,POINT(20.023100 50.088400)
31-833,Kraków,Lesser Poland,Kraków,Kraków,50.0867,20.0251,1,POINT(20.025100 50.086700)
31-834,Kraków,Lesser Poland,Kraków,Kraków,50.0873,20.026,1,POINT(20.026000 50.087300)
31-835,Kraków,Lesser Poland,Kraków,Kraków,50.0881,20.0257,1,POINT(20.025700 50.088100)
31-836,Kraków,Lesser Poland,Kraków,Kraków,50.0877,20.0269,1,POINT(20.026900 50.087700)
31-837,Kraków,Lesser Poland,Kraków,Kraków,50.0892,20.0258,1,POINT(20.025800 50.089200)
31-839,Kraków,Lesser Poland,Kraków,Kraków,50.0842,20.0245,1,POINT(20.024500 50.084200)
31-840,Kraków,Lesser Poland,Kraków,Kraków,50.0846,20.0226,1,POINT(20.022600 50.084600)
31-841,Kraków,Lesser Poland,Kraków,Kraków,50.086,20.0235,1,POINT(20.023500 50.086000)
31-842,Kraków,Lesser Poland,Kraków,Kraków,50.0858,20.0223,1,POINT(20.022300 50.085800)
31-843,Kraków,Lesser Poland,Kraków,Kraków,50.0865,20.0222,1,POINT(20.022200 50.086500)
31-844,Kraków,Lesser Poland,Kraków,Kraków,50.0857,20.0211,1,POINT(20.021100 50.085700)
31-845,Kraków,Lesser Poland,Kraków,Kraków,50.0827,20.0277,1,POINT(20.027700 50.082700)
31-851,Kraków,Lesser Poland,Kraków,Kraków,50.0788,20.0174,1,POINT(20.017400 50.078800)
31-852,Kraków,Lesser Poland,Kraków,Kraków,50.0829,20.0206,1,POINT(20.020600 50.082900)
31-853,Kraków,Lesser Poland,Kraków,Kraków,50.083,20.0193,1,POINT(20.019300 50.083000)
31-854,Kraków,Lesser Poland,Kraków,Kraków,50.0821,20.0178,1,POINT(20.017800 50.082100)
31-855,Kraków,Lesser Poland,Kraków,Kraków,50.0809,20.0172,1,POINT(20.017200 50.080900)
31-858,Kraków,Lesser Poland,Kraków,Kraków,50.0845,20.0151,1,POINT(20.015100 50.084500)
31-859,Kraków,Lesser Poland,Kraków,Kraków,50.0829,20.0153,1,POINT(20.015300 50.082900)
31-860,Kraków,Lesser Poland,Kraków,Kraków,50.0763,20.0205,1,POINT(20.020500 50.076300)
31-861,Kraków,Lesser Poland,Kraków,Kraków,50.0813,20.0164,1,POINT(20.016400 50.081300)
31-862,Kraków,Lesser Poland,Kraków,Kraków,50.0798,20.0232,1,POINT(20.023200 50.079800)
31-863,Kraków,Lesser Poland,Kraków,Kraków,50.0761,20.0179,1,POINT(20.017900 50.076100)
31-864,Kraków,Lesser Poland,Kraków,Kraków,50.0748,19.9964,1,POINT(19.996400 50.074800)
31-866,Kraków,Lesser Poland,Kraków,Kraków,50.0815,19.9836,1,POINT(19.983600 50.081500)
31-867,Kraków,Lesser Poland,Kraków,Kraków,50.0785,20.0112,1,POINT(20.011200 50.078500)
31-868,Kraków,Lesser Poland,Kraków,Kraków,50.0774,20.0078,1,POINT(20.007800 50.077400)
31-869,Kraków,Lesser Poland,Kraków,Kraków,50.0791,20.0062,1,POINT(20.006200 50.079100)
31-870,Kraków,Lesser Poland,Kraków,Kraków,50.0754,20.0109,1,POINT(20.010900 50.075400)
31-871,Kraków,Lesser Poland,Kraków,Kraków,50.0828,20.0036,1,POINT(20.003600 50.082800)
31-872,Kraków,Lesser Poland,Kraków,Kraków,50.0849,20.0032,1,POINT(20.003200 50.084900)
31-873,Kraków,Lesser Poland,Kraków,Kraków,50.0816,20.0014,1,POINT(20.001400 50.081600)
31-874,Kraków,Lesser Poland,Kraków,Kraków,50.0855,20.0109,1,POINT(20.010900 50.085500)
31-875,Kraków,Lesser Poland,Kraków,Kraków,50.082,20.011,1,POINT(20.011000 50.082000)
31-876,Kraków,Lesser Poland,Kraków,Kraków,50.0856,19.9868,1,POINT(19.986800 50.085600)
31-877,Kraków,Lesser Poland,Kraków,Kraków,50.0802,20.0039,1,POINT(20.003900 50.080200)
31-878,Kraków,Lesser Poland,Kraków,Kraków,50.0816,20.0026,1,POINT(20.002600 50.081600)
31-880,Kraków,Lesser Poland,Kraków,Kraków,50.0748,20.0082,1,POINT(20.008200 50.074800)
31-881,Kraków,Lesser Poland,Kraków,Kraków,50.0757,19.9895,1,POINT(19.989500 50.075700)
31-884,Kraków,Lesser Poland,Kraków,Kraków,50.0849,20.0209,1,POINT(20.020900 50.084900)
31-898,Kraków,Lesser Poland,Kraków,Kraków,50.0206,20.0486,1,POINT(20.048600 50.020600)
31-901,Kraków,Lesser Poland,Kraków,Kraków,50.0725,20.0501,1,POINT(20.050100 50.072500)
31-902,Kraków,Lesser Poland,Kraków,Kraków,50.0718,20.0515,1,POINT(20.051500 50.071800)
31-903,Kraków,Lesser Poland,Kraków,Kraków,50.079,20.0445,1,POINT(20.044500 50.079000)
31-905,Kraków,Lesser Poland,Kraków,Kraków,50.0705,20.0474,1,POINT(20.047400 50.070500)
31-906,Kraków,Lesser Poland,Kraków,Kraków,50.0703,20.0496,1,POINT(20.049600 50.070300)
31-907,Kraków,Lesser Poland,Kraków,Kraków,50.0699,20.052,1,POINT(20.052000 50.069900)
31-908,Kraków,Lesser Poland,Kraków,Kraków,50.0675,20.0504,1,POINT(20.050400 50.067500)
31-909,Kraków,Lesser Poland,Kraków,Kraków,50.0691,20.0438,1,POINT(20.043800 50.069100)
31-910,Kraków,Lesser Poland,Kraków,Kraków,50.0686,20.0469,1,POINT(20.046900 50.068600)
31-911,Kraków,Lesser Poland,Kraków,Kraków,50.0672,20.0472,1,POINT(20.047200 50.067200)
31-912,Kraków,Lesser Poland,Kraków,Kraków,50.0678,20.0438,1,POINT(20.043800 50.067800)
31-913,Kraków,Lesser Poland,Kraków,Kraków,50.0665,20.0458,1,POINT(20.045800 50.066500)
31-914,Kraków,Lesser Poland,Kraków,Kraków,50.0659,20.0503,1,POINT(20.050300 50.065900)
31-915,Kraków,Lesser Poland,Kraków,Kraków,50.0713,20.045,1,POINT(20.045000 50.071300)
31-916,Kraków,Lesser Poland,Kraków,Kraków,50.0708,20.0437,1,POINT(20.043700 50.070800)
31-917,Kraków,Lesser Poland,Kraków,Kraków,50.0738,20.0458,1,POINT(20.045800 50.073800)
31-918,Kraków,Lesser Poland,Kraków,Kraków,50.073,20.044,1,POINT(20.044000 50.073000)
31-919,Kraków,Lesser Poland,Kraków,Kraków,50.0725,20.0451,1,POINT(20.045100 50.072500)
31-920,Kraków,Lesser Poland,Kraków,Kraków,50.0745,20.0484,1,POINT(20.048400 50.074500)
31-921,Kraków,Lesser Poland,Kraków,Kraków,50.0744,20.0496,1,POINT(20.049600 50.074400)
31-922,Kraków,Lesser Poland,Kraków,Kraków,50.074,20.0515,1,POINT(20.051500 50.074000)
31-923,Kraków,Lesser Poland,Kraków,Kraków,50.0553,20.0091,1,POINT(20.009100 50.055300)
31-924,Kraków,Lesser Poland,Kraków,Kraków,50.072,20.0413,1,POINT(20.041300 50.072000)
31-925,Kraków,Lesser Poland,Kraków,Kraków,50.0719,20.0402,1,POINT(20.040200 50.071900)
31-926,Kraków,Lesser Poland,Kraków,Kraków,50.0694,20.0198,1,POINT(20.019800 50.069400)
31-927,Kraków,Lesser Poland,Kraków,Kraków,50.0742,20.0408,1,POINT(20.040800 50.074200)
31-928,Kraków,Lesser Poland,Kraków,Kraków,50.0734,20.0398,1,POINT(20.039800 50.073400)
31-929,Kraków,Lesser Poland,Kraków,Kraków,50.0742,20.0374,1,POINT(20.037400 50.074200)
31-930,Kraków,Lesser Poland,Kraków,Kraków,50.0768,20.0303,1,POINT(20.030300 50.076800)
31-931,Kraków,Lesser Poland,Kraków,Kraków,50.0739,20.0364,1,POINT(20.036400 50.073900)
31-932,Kraków,Lesser Poland,Kraków,Kraków,50.0734,20.0343,1,POINT(20.034300 50.073400)
31-933,Kraków,Lesser Poland,Kraków,Kraków,50.0725,20.0342,1,POINT(20.034200 50.072500)
31-934,Kraków,Lesser Poland,Kraków,Kraków,50.07,20.0392,1,POINT(20.039200 50.070000)
31-935,Kraków,Lesser Poland,Kraków,Kraków,50.0737,20.0307,1,POINT(20.030700 50.073700)
31-936,Kraków,Lesser Poland,Kraków,Kraków,50.0747,20.0323,1,POINT(20.032300 50.074700)
31-937,Kraków,Lesser Poland,Kraków,Kraków,50.0733,20.0321,1,POINT(20.032100 50.073300)
31-938,Kraków,Lesser Poland,Kraków,Kraków,50.0749,20.0274,1,POINT(20.027400 50.074900)
31-939,Kraków,Lesser Poland,Kraków,Kraków,50.0737,20.0276,1,POINT(20.027600 50.073700)
31-940,Kraków,Lesser Poland,Kraków,Kraków,50.0739,20.0234,1,POINT(20.023400 50.073900)
31-941,Kraków,Lesser Poland,Kraków,Kraków,50.0748,20.0217,1,POINT(20.021700 50.074800)
31-943,Kraków,Lesser Poland,Kraków,Kraków,50.0769,20.0277,1,POINT(20.027700 50.076900)
31-944,Kraków,Lesser Poland,Kraków,Kraków,50.0779,20.028,1,POINT(20.028000 50.077900)
31-945,Kraków,Lesser Poland,Kraków,Kraków,50.0794,20.0294,1,POINT(20.029400 50.079400)
31-946,Kraków,Lesser Poland,Kraków,Kraków,50.0803,20.025,1,POINT(20.025000 50.080300)
31-947,Kraków,Lesser Poland,Kraków,Kraków,50.0803,20.0309,1,POINT(20.030900 50.080300)
31-948,Kraków,Lesser Poland,Kraków,Kraków,50.0807,20.0332,1,POINT(20.033200 50.080700)
31-949,Kraków,Lesser Poland,Kraków,Kraków,50.0762,20.0342,1,POINT(20.034200 50.076200)
31-950,Kraków,Lesser Poland,Kraków,Kraków,50.0765,20.0354,1,POINT(20.035400 50.076500)
31-951,Kraków,Lesser Poland,Kraków,Kraków,50.0771,20.0335,1,POINT(20.033500 50.077100)
31-952,Kraków,Lesser Poland,Kraków,Kraków,50.0777,20.0361,1,POINT(20.036100 50.077700)
31-953,Kraków,Lesser Poland,Kraków,Kraków,50.0787,20.0375,1,POINT(20.037500 50.078700)
31-954,Kraków,Lesser Poland,Kraków,Kraków,50.0776,20.0378,1,POINT(20.037800 50.077600)
31-956,Kraków,Lesser Poland,Kraków,Kraków,50.0767,20.0419,1,POINT(20.041900 50.076700)
31-957,Kraków,Lesser Poland,Kraków,Kraków,50.0751,20.0309,1,POINT(20.030900 50.075100)
31-958,Kraków,Lesser Poland,Kraków,Kraków,50.0778,20.0402,1,POINT(20.040200 50.077800)
31-959,Kraków,Lesser Poland,Kraków,Kraków,50.0801,20.0366,1,POINT(20.036600 50.080100)
31-960,Kraków,Lesser Poland,Kraków,Kraków,50.0804,20.039,1,POINT(20.039000 50.080400)
31-961,Kraków,Lesser Poland,Kraków,Kraków,50.081,20.0373,1,POINT(20.037300 50.081000)
31-962,Kraków,Lesser Poland,Kraków,Kraków,50.0829,20.0374,1,POINT(20.037400 50.082900)
31-963,Kraków,Lesser Poland,Kraków,Kraków,50.0833,20.0381,1,POINT(20.038100 50.083300)
31-964,Kraków,Lesser Poland,Kraków,Kraków,50.0822,20.0381,1,POINT(20.038100 50.082200)
31-965,Kraków,Lesser Poland,Kraków,Kraków,50.0818,20.0441,1,POINT(20.044100 50.081800)
31-966,Kraków,Lesser Poland,Kraków,Kraków,50.081,20.0441,1,POINT(20.044100 50.081000)
31-968,Kraków,Lesser Poland,Kraków,Kraków,50.0804,20.0425,1,POINT(20.042500 50.080400)
31-970,Kraków,Lesser Poland,Kraków,Kraków,50.0792,20.0443,1,POINT(20.044300 50.079200)
31-971,Kraków,Lesser Poland,Kraków,Kraków,50.0796,20.0414,1,POINT(20.041400 50.079600)
31-972,Kraków,Lesser Poland,Kraków,Kraków,50.0763,20.0327,1,POINT(20.032700 50.076300)
31-974,Kraków,Lesser Poland,Kraków,Kraków,50.079,20.0654,1,POINT(20.065400 50.079000)
31-975,Kraków,Lesser Poland,Kraków,Kraków,50.0757,20.0472,1,POINT(20.047200 50.075700)
31-976,Kraków,Lesser Poland,Kraków,Kraków,50.0778,20.037,1,POINT(20.037000 50.077800)
31-977,Kraków,Lesser Poland,Kraków,Kraków,50.0782,20.0477,1,POINT(20.047700 50.078200)
31-978,Kraków,Lesser Poland,Kraków,Kraków,50.0706,20.0482,1,POINT(20.048200 50.070600)
31-979,Kraków,Lesser Poland,Kraków,Kraków,50.0607,20.0574,1,POINT(20.057400 50.060700)
31-980,Kraków,Lesser Poland,Kraków,Kraków,50.0568,20.0428,1,POINT(20.042800 50.056800)
31-981,Kraków,Lesser Poland,Kraków,Kraków,50.0589,20.0791,1,POINT(20.079100 50.058900)
31-982,Kraków,Lesser Poland,Kraków,Kraków,50.07,20.0184,1,POINT(20.018400 50.070000)
31-983,Kraków,Lesser Poland,Kraków,Kraków,50.0644,20.1086,1,POINT(20.108600 50.064400)
31-985,Kraków,Lesser Poland,Kraków,Kraków,50.0573,20.1341,1,POINT(20.134100 50.057300)
31-987,Kraków,Lesser Poland,Kraków,Kraków,50.0843,20.1139,1,POINT(20.113900 50.084300)
31-988,Kraków,Lesser Poland,Kraków,Kraków,50.0943,20.1427,1,POINT(20.142700 50.094300)
31-989,Kraków,Lesser Poland,Kraków,Kraków,50.0567,20.1587,1,POINT(20.158700 50.056700)
31-990,Kraków,Lesser Poland,Kraków,Kraków,50.1003,20.1231,1,POINT(20.123100 50.100300)
31-991,Kraków,Lesser Poland,Kraków,Kraków,50.0586,20.0408,1,POINT(20.040800 50.058600)
31-992,Kraków,Lesser Poland,Kraków,Kraków,50.1061,20.1519,1,POINT(20.151900 50.106100)
31-997,Kraków,Lesser Poland,Kraków,Kraków,50.1132,20.1868,1,POINT(20.186800 50.113200)
31-998,Kraków,Lesser Poland,Kraków,Kraków,50.0659,20.1791,1,POINT(20.179100 50.065900)
31-999,Kraków,Lesser Poland,Kraków,Kraków,50.1016,20.1492,1,POINT(20.149200 50.101600)
32-010,Wilczkowice,Lesser Poland,Powiat krakowski,Gmina Michałowice,50.152033333333335,20.103966666666665,27,POINT(20.103967 50.152033)
32-020,Rzeszotary,Lesser Poland,Powiat krakowski,Świątniki Górne,49.929,19.95805,2,POINT(19.958050 49.929000)
32-031,Gaj,Lesser Poland,Powiat krakowski,Gmina Mogilany,49.95097,19.88767,10,POINT(19.887670 49.950970)
32-040,Świątniki Górne,Lesser Poland,Powiat krakowski,Świątniki Górne,49.941919999999996,19.95562,5,POINT(19.955620 49.941920)
32-043,Sobiesęki,Lesser Poland,Powiat krakowski,Gmina Skała,50.2217125,19.88051875,16,POINT(19.880519 50.221713)
32-045,Sułoszowa,Lesser Poland,Powiat krakowski,Sułoszowa,50.248775,19.78315,4,POINT(19.783150 50.248775)
32-046,Minoga,Lesser Poland,Powiat krakowski,Gmina Skała,50.23528461538462,19.890746153846155,13,POINT(19.890746 50.235285)
32-047,Ojców,Lesser Poland,Powiat krakowski,Gmina Skała,50.2149,19.8159,1,POINT(19.815900 50.214900)
32-048,Gotkowice,Lesser Poland,Powiat krakowski,Gmina Jerzmanowice-Przeginia,50.20474,19.74368,5,POINT(19.743680 50.204740)
32-049,Przeginia,Lesser Poland,Powiat krakowski,Gmina Jerzmanowice-Przeginia,50.2178,19.71022,5,POINT(19.710220 50.217800)
32-050,Ochodza,Lesser Poland,Powiat krakowski,Gmina Skawina,49.95162727272727,19.771199999999997,11,POINT(19.771200 49.951627)
32-051,Kopanka,Lesser Poland,Powiat krakowski,Gmina Skawina,49.96661111111111,19.738588888888888,9,POINT(19.738589 49.966611)
32-052,Skawina,Lesser Poland,Powiat krakowski,Gmina Skawina,49.94341,19.78132,10,POINT(19.781320 49.943410)
32-053,Wola Radziszowska,Lesser Poland,Powiat krakowski,Gmina Skawina,49.91589999999999,19.764200000000002,2,POINT(19.764200 49.915900)
32-058,Polanka Hallera,Lesser Poland,Powiat krakowski,Gmina Skawina,50.013,19.828533333333333,3,POINT(19.828533 50.013000)
32-060,Morawica,Lesser Poland,Powiat krakowski,Gmina Liszki,50.03585882352941,19.74655294117647,17,POINT(19.746553 50.035859)
32-061,Czułówek,Lesser Poland,Powiat krakowski,Czernichów,50.0388,19.662425,4,POINT(19.662425 50.038800)
32-064,Krzeszowice,Lesser Poland,Powiat krakowski,Gmina Krzeszowice,50.12885714285714,19.72350714285714,14,POINT(19.723507 50.128857)
32-065,Krzeszowice,Lesser Poland,Powiat krakowski,Gmina Krzeszowice,50.14666666666667,19.63083333333333,15,POINT(19.630833 50.146667)
32-067,Węgrzce,Lesser Poland,Powiat krakowski,Gmina Zielonki,50.1094,19.663442857142858,7,POINT(19.663443 50.109400)
32-070,Kłokoczyn,Lesser Poland,Powiat krakowski,Czernichów,50.00105,19.6642625,8,POINT(19.664262 50.001050)
32-071,Kamień,Lesser Poland,Powiat krakowski,Czernichów,50.01206666666667,19.6116,3,POINT(19.611600 50.012067)
32-077,Cianowice,Lesser Poland,Powiat krakowski,Gmina Skała,50.189699999999995,19.865,3,POINT(19.865000 50.189700)
32-080,Kleszczów,Lesser Poland,Powiat krakowski,Zabierzów,50.12536363636364,19.786327272727274,11,POINT(19.786327 50.125364)
32-082,Kobylany,Lesser Poland,Powiat krakowski,Zabierzów,50.130520000000004,19.79103,10,POINT(19.791030 50.130520)
32-083,Burów,Lesser Poland,Powiat krakowski,Zabierzów,50.1014,19.78535,4,POINT(19.785350 50.101400)
32-084,Brzoskwinia,Lesser Poland,Powiat krakowski,Zabierzów,50.092875,19.752175,12,POINT(19.752175 50.092875)
32-085,Prądnik Korzkiewski,Lesser Poland,Powiat krakowski,Gmina Wielka Wieś,50.151300000000006,19.83626,10,POINT(19.836260 50.151300)
32-086,Pękowice,Lesser Poland,Powiat krakowski,Gmina Zielonki,50.12874,19.959039999999998,10,POINT(19.959040 50.128740)
32-087,Garlica Murowana,Lesser Poland,Powiat krakowski,Gmina Zielonki,50.1407125,19.94586875,16,POINT(19.945869 50.140712)
32-088,Grębynice,Lesser Poland,Powiat krakowski,Gmina Zielonki,50.150875000000006,19.906724999999998,12,POINT(19.906725 50.150875)
32-089,Biały Kościół,Lesser Poland,Powiat krakowski,Gmina Wielka Wieś,50.16121,19.826839999999997,10,POINT(19.826840 50.161210)
32-090,Lipna Wola,Lesser Poland,Powiat krakowski,Gmina Słomniki,50.244736,20.084688,25,POINT(20.084688 50.244736)
32-091,Więcławice Stare,Lesser Poland,Powiat krakowski,Gmina Michałowice,50.15882222222222,20.00756666666667,18,POINT(20.007567 50.158822)
32-095,Żerkowice,Lesser Poland,Powiat krakowski,Iwanowice,50.223912500000004,19.966762499999998,24,POINT(19.966762 50.223913)
32-125,Pobiednik Mały,Lesser Poland,Powiat krakowski,Gmina Igołomia-Wawrzeńczyce,50.10322,20.260706666666668,15,POINT(20.260707 50.103220)
32-199,Rząska,Lesser Poland,Powiat krakowski,Zabierzów,50.0986,19.8344,1,POINT(19.834400 50.098600)
32-840,Czułów,Lesser Poland,Powiat krakowski,Gmina Liszki,50.0712,19.6822,1,POINT(19.682200 50.071200)
33-209,Iwanowice Dworskie,Lesser Poland,Powiat krakowski,Iwanowice,50.2203,19.982,1,POINT(19.982000 50.220300)
38-080,Zabierzów,Lesser Poland,Powiat krakowski,Zabierzów,50.1053,19.8016,1,POINT(19.801600 50.105300)
