zip_code,type,predicted_revenue
00-002,fast food,18055.36
00-002,restaurant,33734.61
00-004,restaurant,14211.36
00-007,fast food,23013.36
00-008,restaurant,17062.1
00-012,restaurant,28297.82
00-013,restaurant,33202.06
00-014,restaurant,15320.34
00-015,restaurant,14282.11
00-017,fast food,20566.75
00-017,restaurant,11461.25
00-018,restaurant,24905.11
00-019,fast food,28385.96
00-019,restaurant,30083.03
00-020,fast food,44977.94
00-020,restaurant,44550.26
00-021,fast food,73201.83
00-021,restaurant,41998.89
00-023,fast food,76064.75
00-023,restaurant,17921.81
00-024,fast food,30843.47
00-024,restaurant,58177.52
00-025,fast food,13484.65
00-025,restaurant,35350.32
00-026,restaurant,16340.15
00-027,restaurant,17545.91
00-028,fast food,39935.92
00-028,restaurant,27207.93
00-029,fast food,43536.06
00-029,restaurant,47706.22
00-031,restaurant,34741.31
00-038,restaurant,16347.6
00-042,fast food,69436.93
00-042,restaurant,75820.67
00-046,restaurant,14468.11
00-049,fast food,93838.05
00-049,restaurant,29794.74
00-050,restaurant,31728.06
00-052,fast food,18292.09
00-052,restaurant,22786.77
00-055,restaurant,13939.33
00-061,restaurant,79113.81
00-062,restaurant,37357.09
00-063,fast food,14475.77
00-065,restaurant,44489.71
00-071,fast food,72642.6
00-071,restaurant,49295.2
00-072,restaurant,16416.19
00-075,restaurant,19284.37
00-076,fast food,16992.3
00-076,restaurant,22393.47
00-077,restaurant,35345.24
00-078,fast food,18362.79
00-079,fast food,82184.06
00-079,restaurant,47237.01
00-080,fast food,23650.04
00-082,restaurant,14592.34
00-085,restaurant,10711.05
00-086,restaurant,34565.17
00-087,fast food,12395.32
00-087,restaurant,12229.5
00-094,restaurant,23383.97
00-095,restaurant,38778.25
00-099,restaurant,22467.55
00-103,restaurant,27603.56
00-104,restaurant,18117.32
00-105,fast food,77446.04
00-105,restaurant,48909.16
00-107,restaurant,50897.52
00-108,restaurant,59836.17
00-109,fast food,19627.12
00-110,fast food,16105.96
00-110,restaurant,16684.13
00-113,restaurant,14059.36
00-114,restaurant,15680.48
00-116,fast food,27361.88
00-116,restaurant,44109.8
00-118,restaurant,40840.64
00-120,fast food,123208.24
00-120,restaurant,58072.63
00-121,restaurant,18400.34
00-124,restaurant,14259.08
00-131,restaurant,65859.04
00-132,fast food,75988.08
00-132,restaurant,69587.32
00-133,fast food,14720.25
00-136,restaurant,10695.77
00-137,restaurant,11007.2
00-138,restaurant,48811.72
00-139,restaurant,10711.05
00-140,fast food,44859.39
00-140,restaurant,17602.67
00-141,restaurant,12272.64
00-147,restaurant,33803.75
00-148,fast food,80789.9
00-150,restaurant,15300.59
00-151,fast food,13828.39
00-151,restaurant,24043.29
00-152,restaurant,12579.75
00-157,restaurant,17370.38
00-159,fast food,83892.99
00-159,restaurant,23108.08
00-160,restaurant,15672.5
00-168,restaurant,14999.07
00-175,fast food,44336.21
00-175,restaurant,45770.62
00-180,restaurant,11007.2
00-189,restaurant,18422.36
00-193,restaurant,20106.68
00-194,restaurant,15344.23
00-195,restaurant,15997.73
00-199,fast food,29090.09
00-199,restaurant,22390.42
00-201,fast food,13575.08
00-201,restaurant,13114.64
00-206,restaurant,17079.93
00-207,fast food,14617.69
00-209,restaurant,16630.03
00-213,restaurant,15577.58
00-221,fast food,33042.75
00-221,restaurant,14105.01
00-227,restaurant,35658.66
00-229,restaurant,19088.59
00-231,restaurant,23550.47
00-233,restaurant,14324.06
00-236,restaurant,14422.13
00-238,restaurant,42592.31
00-240,fast food,31945.32
00-240,restaurant,27161.75
00-241,restaurant,27195.51
00-246,fast food,13417.82
00-246,restaurant,13653.2
00-252,fast food,30498.05
00-252,restaurant,21338.89
00-255,restaurant,11779.71
00-256,restaurant,46696.92
00-259,restaurant,19843.86
00-261,restaurant,17857.89
00-264,restaurant,15509.06
00-265,restaurant,34741.66
00-266,restaurant,22983.65
00-267,restaurant,44190.44
00-268,restaurant,15191.12
00-270,restaurant,28732.28
00-271,fast food,24800.42
00-271,restaurant,48637.99
00-272,restaurant,51447.43
00-277,restaurant,14871.67
00-281,restaurant,14871.67
00-288,restaurant,17168.32
00-303,restaurant,11932.91
00-310,restaurant,10711.05
00-312,restaurant,46963.82
00-316,restaurant,13521.61
00-317,fast food,84864.14
00-317,restaurant,31891.02
00-321,fast food,14856.73
00-322,restaurant,17254.54
00-324,fast food,14485.87
00-325,fast food,42307.6
00-325,restaurant,17195.79
00-327,restaurant,11932.91
00-332,fast food,14025.01
00-332,restaurant,34587.06
00-333,restaurant,21382.66
00-339,fast food,29329.03
00-339,restaurant,22680.9
00-341,fast food,17718.11
00-341,restaurant,37179.66
00-342,restaurant,17292.05
00-344,restaurant,57418.21
00-347,restaurant,32620.92
00-349,fast food,14316.21
00-349,restaurant,37072.08
00-351,restaurant,60897.71
00-355,restaurant,15448.63
00-357,restaurant,56794.19
00-358,restaurant,13636.53
00-360,fast food,18830.57
00-362,restaurant,13181.17
00-363,restaurant,41186.74
00-364,restaurant,14187.8
00-366,restaurant,73351.18
00-367,restaurant,38677.49
00-372,restaurant,64870.23
00-373,fast food,17371.35
00-373,restaurant,31148.51
00-374,restaurant,29335.31
00-375,restaurant,12836.44
00-377,restaurant,16696.15
00-378,restaurant,18345.1
00-379,restaurant,25486.89
00-380,fast food,15879.05
00-380,restaurant,24595.85
00-381,fast food,10827.11
00-381,restaurant,16369.81
00-382,fast food,32575.37
00-382,restaurant,19690.51
00-384,restaurant,14954.01
00-385,restaurant,14648.87
00-388,restaurant,16702.91
00-389,restaurant,10826.0
00-390,restaurant,34641.89
00-394,fast food,19702.63
00-402,restaurant,15680.48
00-405,restaurant,20048.1
00-410,restaurant,15320.34
00-411,restaurant,47173.82
00-412,fast food,17850.95
00-412,restaurant,30987.33
00-414,restaurant,15063.45
00-439,fast food,16567.68
00-441,restaurant,21850.81
00-443,restaurant,14999.07
00-446,restaurant,13583.68
00-447,restaurant,12119.57
00-449,fast food,25160.94
00-450,restaurant,23632.43
00-451,restaurant,14604.56
00-453,restaurant,11471.06
00-454,fast food,13757.54
00-454,restaurant,17444.05
00-459,restaurant,23722.98
00-460,restaurant,104356.21
00-465,restaurant,15632.34
00-467,restaurant,35115.89
00-468,restaurant,25466.36
00-484,restaurant,30002.79
00-490,fast food,24764.28
00-490,restaurant,29261.89
00-491,restaurant,27267.86
00-493,fast food,17049.1
00-495,fast food,94090.39
00-495,restaurant,18248.34
00-496,fast food,8926.64
00-496,restaurant,44534.43
00-497,restaurant,52323.08
00-498,restaurant,13830.87
00-499,fast food,44853.15
00-499,restaurant,17335.01
00-503,restaurant,36220.8
00-505,restaurant,13636.53
00-508,restaurant,30477.43
00-509,restaurant,20890.37
00-510,restaurant,13521.61
00-511,fast food,78384.9
00-511,restaurant,42460.13
00-513,fast food,18020.33
00-513,restaurant,53449.6
00-514,fast food,40020.45
00-514,restaurant,49334.79
00-515,fast food,73610.87
00-515,restaurant,47248.0
00-516,restaurant,14468.11
00-519,restaurant,30985.04
00-521,fast food,14463.88
00-521,restaurant,38760.77
00-522,restaurant,23272.63
00-525,restaurant,70856.96
00-526,fast food,16822.98
00-526,restaurant,48789.28
00-530,restaurant,14012.33
00-535,restaurant,15161.35
00-537,restaurant,14480.94
00-539,restaurant,13895.85
00-540,restaurant,12119.57
00-542,restaurant,17726.26
00-543,restaurant,15054.31
00-544,restaurant,39665.0
00-545,restaurant,18210.19
00-547,restaurant,33106.44
00-548,restaurant,19101.22
00-549,fast food,49318.11
00-549,restaurant,27392.05
00-551,restaurant,30414.78
00-552,restaurant,17691.36
00-560,fast food,73234.71
00-560,restaurant,34132.4
00-561,fast food,27922.5
00-561,restaurant,31780.27
00-564,fast food,14893.01
00-564,restaurant,39761.87
00-567,restaurant,17816.21
00-570,fast food,59478.63
00-570,restaurant,30852.97
00-576,restaurant,16435.46
00-580,fast food,27497.58
00-580,restaurant,36622.58
00-581,restaurant,25569.5
00-583,restaurant,12119.57
00-585,restaurant,16520.75
00-589,restaurant,19508.82
00-590,fast food,40082.07
00-590,restaurant,41279.98
00-594,restaurant,19984.48
00-608,restaurant,16664.52
00-611,restaurant,16346.03
00-613,restaurant,15314.25
00-614,restaurant,37847.03
00-621,fast food,20474.61
00-623,restaurant,19254.28
00-626,restaurant,18633.85
00-628,restaurant,32469.52
00-629,restaurant,13114.64
00-633,restaurant,13155.87
00-635,restaurant,14327.08
00-637,restaurant,14868.54
00-638,restaurant,21745.86
00-639,fast food,34707.18
00-639,restaurant,16881.4
00-640,fast food,26598.31
00-640,restaurant,39674.89
00-644,restaurant,26846.77
00-645,fast food,48112.26
00-645,restaurant,11783.32
00-647,fast food,70521.96
00-647,restaurant,33933.42
00-649,restaurant,19712.91
00-650,restaurant,16229.61
00-651,restaurant,17137.6
00-653,restaurant,21425.83
00-654,restaurant,17447.08
00-655,restaurant,21218.86
00-656,restaurant,28728.01
00-657,restaurant,66020.63
00-658,restaurant,18438.56
00-659,restaurant,40002.24
00-660,fast food,52884.12
00-660,restaurant,24548.01
00-664,restaurant,16114.47
00-666,fast food,14058.8
00-666,restaurant,20263.12
00-667,fast food,70369.85
00-667,restaurant,48040.14
00-669,restaurant,13895.85
00-670,restaurant,17943.79
00-671,restaurant,20918.28
00-672,restaurant,51112.93
00-675,fast food,19574.58
00-678,restaurant,12795.52
00-679,restaurant,68068.22
00-680,restaurant,50562.3
00-681,fast food,38191.7
00-681,restaurant,23965.73
00-682,restaurant,13860.19
00-683,restaurant,28673.98
00-684,restaurant,15228.42
00-685,restaurant,13406.58
00-687,restaurant,12644.7
00-688,restaurant,12048.89
00-689,restaurant,37672.08
00-691,fast food,34090.44
00-691,restaurant,32239.09
00-692,restaurant,23720.41
00-693,restaurant,17955.72
00-695,restaurant,51520.26
00-697,fast food,63826.82
00-697,restaurant,38764.59
00-710,fast food,13676.61
00-710,restaurant,13999.03
00-711,restaurant,13416.59
00-712,fast food,10280.68
00-712,restaurant,15804.54
00-713,fast food,14813.22
00-713,restaurant,24276.61
00-714,fast food,19666.3
00-716,fast food,10985.99
00-716,restaurant,12214.96
00-717,restaurant,13566.79
00-718,fast food,13052.73
00-719,fast food,19854.28
00-720,fast food,15885.01
00-721,restaurant,14339.89
00-722,restaurant,16346.03
00-724,restaurant,31961.31
00-727,fast food,14883.22
00-727,restaurant,15149.62
00-728,fast food,19580.68
00-728,restaurant,16246.19
00-730,restaurant,11471.06
00-738,fast food,16092.96
00-738,restaurant,29230.59
00-739,restaurant,15069.24
00-745,fast food,21809.03
00-748,restaurant,20042.13
00-753,fast food,18829.56
00-753,restaurant,15796.48
00-754,restaurant,13155.87
00-761,fast food,14481.34
00-761,restaurant,18743.61
00-762,restaurant,13857.2
00-765,restaurant,14580.08
00-773,fast food,16600.58
00-773,restaurant,29429.6
00-775,restaurant,17040.84
00-777,restaurant,18951.39
00-778,restaurant,21538.14
00-790,restaurant,14161.36
00-791,restaurant,18902.05
00-801,fast food,20962.09
00-801,restaurant,25164.53
00-803,restaurant,16948.58
00-806,fast food,15049.01
00-806,restaurant,24004.33
00-807,fast food,31413.2
00-807,restaurant,17404.16
00-808,restaurant,16530.46
00-809,fast food,21564.47
00-809,restaurant,21429.58
00-811,fast food,17566.74
00-815,restaurant,19530.64
00-819,restaurant,75364.2
00-820,restaurant,13217.85
00-821,restaurant,14412.12
00-823,fast food,18947.27
00-830,fast food,19557.04
00-830,restaurant,37746.57
00-832,fast food,19787.95
00-833,restaurant,17651.57
00-834,restaurant,19948.89
00-835,restaurant,15540.3
00-836,restaurant,12927.58
00-837,restaurant,10861.13
00-838,fast food,69288.02
00-838,restaurant,32606.81
00-841,fast food,21088.26
00-841,restaurant,56659.09
00-842,restaurant,15672.5
00-844,fast food,72023.86
00-844,restaurant,47094.86
00-845,fast food,49155.17
00-845,restaurant,28054.5
00-849,restaurant,34292.96
00-850,restaurant,18842.94
00-851,restaurant,94557.71
00-854,restaurant,13511.58
00-855,restaurant,56774.26
00-863,restaurant,12822.18
00-864,restaurant,15386.52
00-865,restaurant,15672.5
00-866,restaurant,66103.81
00-867,restaurant,34748.06
00-869,fast food,15292.71
00-869,restaurant,13022.06
00-870,restaurant,17523.56
00-872,restaurant,13895.85
00-876,fast food,16525.91
00-876,restaurant,14277.14
00-877,restaurant,15672.5
00-879,fast food,41326.14
00-879,restaurant,25753.46
00-891,restaurant,17123.89
00-892,restaurant,15054.31
00-893,restaurant,17059.27
00-898,restaurant,13066.41
00-910,restaurant,13851.15
01-001,fast food,12587.31
01-001,restaurant,16543.86
01-002,restaurant,16894.9
01-003,fast food,63573.65
01-003,restaurant,23529.23
01-004,restaurant,16229.61
01-008,restaurant,14636.41
01-009,restaurant,13406.9
01-010,restaurant,13155.87
01-012,restaurant,16346.03
01-014,restaurant,14610.4
01-015,fast food,11626.6
01-016,fast food,21798.73
01-018,restaurant,11662.75
01-023,fast food,12283.91
01-024,restaurant,20687.31
01-029,restaurant,11007.2
01-031,fast food,13089.92
01-031,restaurant,52616.9
01-034,restaurant,13935.49
01-038,fast food,60104.49
01-038,restaurant,12657.23
01-040,restaurant,14259.74
01-042,restaurant,31362.7
01-043,restaurant,22750.98
01-044,restaurant,11471.06
01-045,restaurant,14013.58
01-048,restaurant,18125.1
01-059,restaurant,13747.79
01-063,restaurant,15672.5
01-066,fast food,51003.09
01-066,restaurant,45744.34
01-100,restaurant,18964.73
01-102,restaurant,10848.42
01-104,restaurant,15063.45
01-105,fast food,28266.99
01-105,restaurant,15901.91
01-106,restaurant,14871.67
01-110,restaurant,15320.34
01-111,fast food,13990.19
01-111,restaurant,9000.55
01-117,fast food,15313.37
01-121,fast food,10665.53
01-128,restaurant,15587.52
01-131,fast food,13079.28
01-131,restaurant,9130.53
01-141,fast food,12272.89
01-141,restaurant,12821.86
01-142,fast food,14638.02
01-142,restaurant,12335.22
01-146,restaurant,13636.17
01-147,restaurant,14581.3
01-156,restaurant,15439.81
01-161,fast food,16753.34
01-161,restaurant,18308.88
01-163,restaurant,10778.72
01-164,restaurant,13654.95
01-167,fast food,17165.01
01-167,restaurant,19564.24
01-170,fast food,15267.92
01-174,restaurant,13425.68
01-186,fast food,19244.51
01-186,restaurant,11207.07
01-187,fast food,16615.19
01-187,restaurant,11712.49
01-189,restaurant,12644.7
01-192,restaurant,14259.74
01-198,restaurant,12878.11
01-204,fast food,25991.5
01-204,restaurant,41815.57
01-206,fast food,16567.68
01-207,fast food,32318.85
01-207,restaurant,16576.29
01-208,restaurant,37077.33
01-209,fast food,11777.72
01-210,restaurant,43850.76
01-211,fast food,13890.79
01-211,restaurant,30107.19
01-217,fast food,19067.76
01-221,restaurant,16994.78
01-222,restaurant,18462.21
01-230,restaurant,25658.48
01-231,restaurant,16989.66
01-234,fast food,38563.62
01-234,restaurant,18799.08
01-237,restaurant,29397.93
01-242,restaurant,30245.08
01-248,fast food,21403.21
01-248,restaurant,18914.25
01-249,fast food,14127.37
01-249,restaurant,13911.87
01-258,restaurant,12805.37
01-267,restaurant,13738.86
01-302,restaurant,49387.31
01-303,restaurant,12681.59
01-307,restaurant,15245.72
01-308,fast food,14328.37
01-314,fast food,24257.21
01-315,restaurant,16296.56
01-318,fast food,15006.42
01-318,restaurant,9418.03
01-319,restaurant,14513.51
01-320,fast food,12354.54
01-320,restaurant,13095.59
01-321,fast food,15534.92
01-337,restaurant,15785.58
01-354,restaurant,13431.59
01-355,fast food,21934.42
01-355,restaurant,8280.72
01-378,fast food,40661.94
01-378,restaurant,27718.56
01-381,fast food,46086.95
01-381,restaurant,12383.63
01-390,restaurant,13985.87
01-401,fast food,18967.15
01-401,restaurant,10164.01
01-402,restaurant,13762.88
01-408,restaurant,15564.69
01-410,restaurant,15805.11
01-424,restaurant,13396.16
01-432,fast food,11953.41
01-433,restaurant,16416.19
01-434,restaurant,13571.8
01-445,fast food,14406.82
01-445,restaurant,11974.26
01-459,fast food,83327.75
01-459,restaurant,12929.71
01-460,fast food,29929.39
01-460,restaurant,22018.4
01-461,restaurant,14866.3
01-466,fast food,18286.17
01-466,restaurant,15429.7
01-471,restaurant,18528.96
01-473,restaurant,15765.85
01-476,fast food,20745.42
01-476,restaurant,29952.48
01-479,fast food,18379.6
01-479,restaurant,28629.02
01-480,restaurant,13066.57
01-481,fast food,13601.32
01-485,fast food,40583.69
01-485,restaurant,25997.04
01-493,fast food,23606.15
01-493,restaurant,13065.61
01-494,fast food,14520.83
01-494,restaurant,14894.7
01-496,fast food,7213.25
01-496,restaurant,8170.31
01-497,restaurant,12556.73
01-503,fast food,18444.17
01-517,fast food,33084.9
01-517,restaurant,19026.57
01-518,restaurant,17707.45
01-524,restaurant,16346.03
01-529,fast food,18353.12
01-531,restaurant,15709.91
01-548,restaurant,16696.15
01-552,fast food,75741.94
01-552,restaurant,33302.85
01-562,fast food,33131.1
01-562,restaurant,13513.14
01-586,restaurant,12403.48
01-588,restaurant,15773.04
01-595,restaurant,23565.07
01-601,restaurant,10826.0
01-615,restaurant,39913.63
01-616,restaurant,12579.75
01-619,restaurant,15912.98
01-625,fast food,16607.47
01-625,restaurant,16759.64
01-626,restaurant,14489.05
01-627,restaurant,21725.49
01-634,restaurant,20521.51
01-651,restaurant,18586.06
01-652,fast food,11247.3
01-652,restaurant,11926.74
01-656,restaurant,16871.42
01-674,fast food,17138.5
01-680,restaurant,21725.68
01-682,restaurant,12556.73
01-684,fast food,21294.38
01-684,restaurant,13991.28
01-687,restaurant,20558.45
01-689,restaurant,14786.44
01-690,restaurant,19510.44
01-703,restaurant,11675.67
01-710,restaurant,15440.29
01-737,restaurant,11162.42
01-745,restaurant,15161.35
01-748,restaurant,19677.07
01-756,fast food,13836.15
01-756,restaurant,13787.19
01-771,restaurant,10437.58
01-772,restaurant,16615.23
01-783,restaurant,14552.02
01-786,restaurant,19554.78
01-793,restaurant,34304.45
01-794,restaurant,12304.49
01-796,restaurant,19667.33
01-797,fast food,11786.2
01-797,restaurant,13621.46
01-801,restaurant,15568.56
01-802,restaurant,13276.22
01-809,restaurant,15568.56
01-813,restaurant,23618.69
01-815,fast food,15647.81
01-820,restaurant,24139.33
01-823,fast food,19747.33
01-823,restaurant,72440.36
01-825,fast food,46716.34
01-825,restaurant,11962.18
01-826,restaurant,13038.42
01-828,restaurant,15437.36
01-836,restaurant,10727.67
01-840,fast food,12468.77
01-840,restaurant,10494.39
01-842,fast food,18198.58
01-842,restaurant,14591.42
01-843,restaurant,18864.43
01-846,restaurant,13390.44
01-854,fast food,13884.34
01-855,fast food,13132.67
01-858,restaurant,19898.43
01-864,fast food,20219.13
01-864,restaurant,9347.07
01-865,restaurant,15481.94
01-876,fast food,16036.9
01-882,fast food,19884.94
01-882,restaurant,11455.64
01-885,restaurant,20713.18
01-891,fast food,14185.34
01-891,restaurant,10722.5
01-892,restaurant,11778.91
01-908,fast food,18787.19
01-909,fast food,19282.97
01-909,restaurant,16482.37
01-912,restaurant,17393.91
01-918,fast food,17345.67
01-922,restaurant,18897.46
01-923,restaurant,12941.04
01-926,restaurant,14964.69
01-929,restaurant,17907.96
01-934,restaurant,13950.14
01-937,fast food,19039.62
01-938,fast food,16326.72
01-938,restaurant,16108.3
01-943,fast food,51815.46
01-943,restaurant,46538.29
01-949,fast food,10425.88
01-949,restaurant,16014.72
01-951,restaurant,20238.93
01-960,fast food,19855.81
01-960,restaurant,19841.09
01-961,fast food,23072.49
01-961,restaurant,12560.46
01-963,fast food,13714.99
01-963,restaurant,16772.26
01-969,fast food,22120.57
01-973,restaurant,17025.18
01-974,fast food,19039.62
01-991,restaurant,17174.12
02-001,fast food,14892.63
02-001,restaurant,42711.01
02-004,restaurant,22490.89
02-006,restaurant,14902.45
02-007,restaurant,13830.87
02-008,restaurant,63662.35
02-010,restaurant,23153.46
02-013,restaurant,39526.02
02-017,fast food,19410.51
02-017,restaurant,40243.61
02-018,restaurant,18007.28
02-021,restaurant,15313.81
02-022,restaurant,14930.99
02-025,restaurant,19830.5
02-030,fast food,12486.84
02-030,restaurant,39966.4
02-032,restaurant,15631.18
02-034,restaurant,18150.17
02-042,restaurant,17721.81
02-053,restaurant,39516.1
02-056,restaurant,10828.36
02-057,fast food,13354.15
02-057,restaurant,16660.92
02-087,fast food,81066.53
02-087,restaurant,45811.74
02-091,fast food,9810.65
02-091,restaurant,32292.92
02-092,restaurant,119710.09
02-093,restaurant,14568.34
02-094,restaurant,18660.8
02-095,restaurant,11793.49
02-096,fast food,18793.54
02-097,restaurant,24411.1
02-101,fast food,8566.96
02-101,restaurant,12829.88
02-106,fast food,13768.65
02-106,restaurant,18203.12
02-107,restaurant,18517.72
02-109,restaurant,15279.34
02-117,restaurant,10711.05
02-118,fast food,21758.58
02-118,restaurant,19626.25
02-122,fast food,16365.63
02-123,fast food,15310.11
02-124,restaurant,12304.49
02-127,fast food,12781.12
02-127,restaurant,14625.41
02-131,restaurant,17222.66
02-132,restaurant,16714.1
02-133,fast food,14483.14
02-134,restaurant,11959.92
02-137,restaurant,14258.78
02-143,restaurant,35647.5
02-146,fast food,111294.22
02-146,restaurant,13184.14
02-147,restaurant,15765.85
02-148,restaurant,30026.04
02-156,restaurant,21865.9
02-158,restaurant,11279.87
02-159,restaurant,10946.55
02-170,restaurant,18294.36
02-172,fast food,12732.08
02-172,restaurant,15971.49
02-180,restaurant,26342.46
02-183,fast food,99490.1
02-183,restaurant,19115.27
02-197,fast food,25294.3
02-197,restaurant,38658.44
02-201,restaurant,18331.0
02-202,restaurant,43214.75
02-213,restaurant,18531.94
02-219,restaurant,36939.57
02-220,fast food,18275.45
02-220,restaurant,16721.73
02-221,fast food,13541.96
02-222,fast food,31061.9
02-222,restaurant,40106.68
02-230,restaurant,15265.08
02-231,fast food,90034.34
02-231,restaurant,13826.42
02-232,restaurant,16742.04
02-235,restaurant,14133.51
02-237,restaurant,16727.04
02-239,restaurant,11917.29
02-247,restaurant,12370.83
02-255,restaurant,21065.15
02-256,restaurant,17869.24
02-273,restaurant,12583.84
02-284,restaurant,15486.3
02-285,fast food,15738.04
02-285,restaurant,22304.04
02-301,fast food,58905.91
02-301,restaurant,15397.96
02-302,restaurant,15638.27
02-305,fast food,46263.2
02-305,restaurant,27103.0
02-308,restaurant,14050.75
02-309,restaurant,13064.46
02-316,fast food,15439.36
02-316,restaurant,15320.34
02-320,restaurant,12155.97
02-324,restaurant,10455.13
02-326,fast food,41081.74
02-326,restaurant,23480.17
02-337,restaurant,12813.02
02-339,fast food,12381.07
02-339,restaurant,21552.38
02-348,fast food,45543.9
02-348,restaurant,13420.11
02-353,restaurant,20907.94
02-366,fast food,27056.46
02-366,restaurant,26826.97
02-367,restaurant,14131.08
02-368,fast food,12160.68
02-372,fast food,16638.79
02-379,restaurant,16696.15
02-382,fast food,17009.05
02-382,restaurant,14987.09
02-383,fast food,13303.65
02-384,restaurant,23768.8
02-386,restaurant,17113.62
02-387,restaurant,13286.82
02-389,restaurant,19522.09
02-390,fast food,21934.3
02-390,restaurant,17743.18
02-393,restaurant,22543.75
02-404,restaurant,13432.44
02-409,restaurant,13100.49
02-417,restaurant,31596.74
02-419,restaurant,15811.02
02-427,fast food,14787.49
02-427,restaurant,27509.03
02-432,restaurant,16663.07
02-436,restaurant,11661.55
02-437,restaurant,12861.79
02-445,restaurant,17005.32
02-454,restaurant,13698.59
02-456,restaurant,12772.5
02-457,fast food,22772.73
02-468,restaurant,14765.76
02-472,fast food,16402.08
02-473,fast food,8707.01
02-473,restaurant,12750.79
02-479,restaurant,15667.37
02-482,fast food,13304.34
02-483,restaurant,14097.0
02-485,restaurant,11398.66
02-486,fast food,30272.45
02-486,restaurant,34813.69
02-492,restaurant,18726.23
02-493,restaurant,50349.34
02-495,fast food,26869.71
02-495,restaurant,18665.98
02-496,fast food,39470.77
02-496,restaurant,27123.4
02-497,fast food,41828.92
02-497,restaurant,28937.47
02-507,fast food,31577.23
02-507,restaurant,16114.88
02-508,restaurant,20066.7
02-509,restaurant,16544.3
02-511,restaurant,14079.24
02-512,fast food,26990.27
02-512,restaurant,32717.3
02-513,restaurant,19894.0
02-515,fast food,50436.4
02-515,restaurant,20020.6
02-516,restaurant,19625.47
02-517,fast food,13488.76
02-517,restaurant,18459.3
02-519,restaurant,12927.58
02-520,fast food,12357.28
02-520,restaurant,8388.03
02-521,fast food,22076.07
02-521,restaurant,22591.72
02-524,restaurant,14259.74
02-525,restaurant,12644.7
02-528,restaurant,14604.56
02-532,restaurant,14999.37
02-536,fast food,11095.35
02-536,restaurant,20264.84
02-540,restaurant,15922.46
02-541,restaurant,19098.19
02-544,restaurant,23342.47
02-548,restaurant,20713.95
02-554,restaurant,21252.83
02-555,restaurant,56272.31
02-558,restaurant,27613.41
02-559,restaurant,32305.79
02-560,restaurant,14079.24
02-564,restaurant,13114.64
02-566,fast food,18000.05
02-566,restaurant,38869.27
02-567,restaurant,15540.3
02-572,restaurant,18036.58
02-579,restaurant,15922.46
02-585,restaurant,20901.05
02-591,restaurant,14259.74
02-593,fast food,24048.85
02-593,restaurant,16894.19
02-595,restaurant,24773.44
02-603,fast food,28031.61
02-603,restaurant,24190.29
02-604,restaurant,35990.17
02-605,restaurant,17079.93
02-606,restaurant,16278.76
02-620,restaurant,92257.36
02-622,fast food,23848.23
02-622,restaurant,10987.11
02-624,restaurant,13541.21
02-625,restaurant,14696.01
02-626,restaurant,11471.06
02-627,restaurant,16837.03
02-634,restaurant,48776.29
02-637,restaurant,17476.25
02-640,restaurant,14372.5
02-641,fast food,14001.56
02-641,restaurant,13814.25
02-643,restaurant,21643.31
02-644,fast food,15885.01
02-645,fast food,16224.43
02-645,restaurant,12882.81
02-647,restaurant,17816.21
02-651,restaurant,28095.34
02-652,restaurant,14545.94
02-653,restaurant,11125.33
02-654,restaurant,14041.81
02-656,restaurant,11007.2
02-658,restaurant,17137.6
02-659,fast food,15052.57
02-659,restaurant,12988.04
02-662,fast food,21540.93
02-662,restaurant,20340.06
02-665,fast food,30022.8
02-665,restaurant,11913.01
02-668,fast food,39782.7
02-668,restaurant,20953.07
02-670,restaurant,31833.54
02-672,fast food,22109.29
02-672,restaurant,18137.91
02-673,fast food,22940.34
02-673,restaurant,27867.08
02-674,restaurant,27325.33
02-675,fast food,89048.55
02-675,restaurant,44880.64
02-676,fast food,24479.89
02-676,restaurant,17755.75
02-677,fast food,15240.25
02-677,restaurant,16433.46
02-678,restaurant,20308.64
02-679,fast food,13124.86
02-679,restaurant,13016.83
02-683,restaurant,14018.72
02-684,restaurant,14531.46
02-690,restaurant,11683.11
02-691,restaurant,34284.39
02-695,fast food,16008.03
02-695,restaurant,12589.43
02-697,fast food,18387.93
02-697,restaurant,11113.26
02-698,restaurant,12878.11
02-699,fast food,15701.55
02-699,restaurant,22193.26
02-702,restaurant,28452.0
02-703,fast food,20689.43
02-703,restaurant,19036.86
02-704,restaurant,59648.49
02-705,restaurant,35789.93
02-707,fast food,15202.46
02-715,fast food,20444.63
02-716,restaurant,18323.86
02-722,restaurant,16316.04
02-737,fast food,24991.15
02-737,restaurant,44144.92
02-739,fast food,25972.95
02-739,restaurant,20112.44
02-740,restaurant,15344.23
02-744,restaurant,13396.16
02-757,restaurant,15777.29
02-758,restaurant,18139.87
02-761,restaurant,26470.9
02-764,restaurant,18841.57
02-765,restaurant,14948.44
02-768,restaurant,15029.28
02-775,restaurant,11113.92
02-776,fast food,21075.26
02-776,restaurant,23415.26
02-777,fast food,28927.11
02-777,restaurant,25151.77
02-778,restaurant,10828.36
02-781,fast food,23759.53
02-781,restaurant,28153.79
02-784,fast food,13428.33
02-784,restaurant,24286.99
02-785,restaurant,16274.06
02-786,fast food,11714.26
02-786,restaurant,12532.47
02-787,restaurant,22053.85
02-791,fast food,17973.12
02-791,restaurant,18334.44
02-792,fast food,12863.54
02-792,restaurant,16042.91
02-793,fast food,17346.81
02-793,restaurant,22918.84
02-796,fast food,38057.56
02-796,restaurant,27928.26
02-797,fast food,37156.21
02-797,restaurant,41069.81
02-798,restaurant,15514.25
02-801,restaurant,22753.64
02-812,restaurant,15501.48
02-819,fast food,15999.74
02-822,restaurant,11624.47
02-826,restaurant,11346.74
02-834,fast food,15303.3
02-834,restaurant,22628.84
02-838,restaurant,15083.03
02-843,fast food,58647.75
02-843,restaurant,16338.65
02-844,fast food,26324.26
02-844,restaurant,36095.15
02-845,restaurant,15589.34
02-849,restaurant,22540.45
02-856,fast food,16140.16
02-860,restaurant,14377.51
02-885,restaurant,13550.64
02-886,restaurant,18720.51
02-903,fast food,25781.79
02-903,restaurant,22718.42
02-904,fast food,19206.18
02-904,restaurant,14390.24
02-907,restaurant,15889.77
02-909,restaurant,14687.38
02-916,restaurant,15997.73
02-920,restaurant,24642.16
02-922,fast food,23739.12
02-922,restaurant,27953.7
02-924,restaurant,15540.3
02-925,fast food,17225.23
02-930,restaurant,14131.2
02-936,restaurant,15118.93
02-942,fast food,14270.79
02-942,restaurant,16162.75
02-952,fast food,59652.24
02-952,restaurant,13046.77
02-954,fast food,22025.78
02-954,restaurant,9542.54
02-956,restaurant,21817.92
02-957,fast food,13167.2
02-957,restaurant,20339.17
02-958,fast food,31060.57
02-958,restaurant,50268.57
02-962,fast food,83199.59
02-962,restaurant,23893.91
02-964,restaurant,13669.7
02-971,restaurant,14587.22
02-972,fast food,55738.53
02-972,restaurant,23877.26
02-973,restaurant,46395.07
02-981,fast food,13675.13
02-981,restaurant,62233.6
02-986,restaurant,15852.22
02-987,restaurant,12439.25
02-989,fast food,45932.09
02-989,restaurant,16249.62
02-990,fast food,14934.36
02-990,restaurant,19534.15
02-992,restaurant,35561.22
02-996,fast food,15036.91
02-996,restaurant,15086.33
02-999,restaurant,24308.93
03-005,restaurant,14933.48
03-020,restaurant,15083.03
03-032,restaurant,18700.66
03-042,fast food,20218.72
03-042,restaurant,22634.26
03-043,fast food,14226.24
03-043,restaurant,10135.15
03-044,restaurant,16391.53
03-046,restaurant,14837.84
03-113,restaurant,20108.87
03-114,fast food,18995.33
03-114,restaurant,17524.53
03-115,restaurant,16346.16
03-116,restaurant,15962.7
03-118,restaurant,17760.87
03-119,restaurant,18149.87
03-120,fast food,21104.83
03-127,fast food,25146.8
03-131,restaurant,22855.74
03-137,fast food,18225.11
03-137,restaurant,16738.87
03-138,restaurant,13978.21
03-139,restaurant,16019.06
03-140,fast food,20986.31
03-140,restaurant,14376.17
03-141,restaurant,20709.88
03-142,restaurant,11398.94
03-144,fast food,69366.29
03-144,restaurant,21322.82
03-149,fast food,35452.02
03-149,restaurant,18390.67
03-151,fast food,13395.15
03-151,restaurant,12467.25
03-152,restaurant,12049.09
03-153,restaurant,17190.04
03-171,restaurant,15302.92
03-184,restaurant,14496.26
03-185,fast food,9565.4
03-185,restaurant,20134.64
03-187,restaurant,14061.62
03-188,fast food,19625.0
03-188,restaurant,13575.96
03-191,restaurant,13881.32
03-193,fast food,17547.56
03-193,restaurant,8516.76
03-197,restaurant,15501.48
03-199,fast food,94074.46
03-199,restaurant,25894.52
03-203,restaurant,13388.52
03-216,restaurant,15058.19
03-219,fast food,14938.38
03-228,restaurant,14310.06
03-236,fast food,38907.98
03-236,restaurant,18928.75
03-242,fast food,24101.1
03-242,restaurant,17618.61
03-251,fast food,26041.06
03-252,restaurant,15765.85
03-253,restaurant,10357.14
03-257,fast food,15708.32
03-274,restaurant,12805.84
03-284,restaurant,15512.4
03-285,fast food,37569.32
03-285,restaurant,25135.96
03-286,fast food,34614.91
03-286,restaurant,15040.96
03-287,fast food,25527.02
03-287,restaurant,17599.2
03-289,fast food,15727.99
03-289,restaurant,25629.24
03-290,fast food,16650.75
03-291,fast food,24081.77
03-291,restaurant,25036.47
03-301,fast food,13505.49
03-301,restaurant,31129.89
03-302,restaurant,15320.51
03-310,restaurant,10463.3
03-315,fast food,15779.66
03-318,restaurant,11917.29
03-329,restaurant,18515.44
03-335,restaurant,14538.85
03-343,fast food,12223.24
03-343,restaurant,11310.35
03-350,restaurant,11588.74
03-352,fast food,17405.45
03-352,restaurant,26056.12
03-353,fast food,18980.67
03-358,restaurant,15340.55
03-362,restaurant,20493.35
03-368,restaurant,7269.13
03-382,restaurant,16876.54
03-390,restaurant,17682.96
03-402,restaurant,63431.33
03-408,fast food,26299.59
03-408,restaurant,24478.27
03-409,restaurant,14720.28
03-412,restaurant,67804.92
03-414,restaurant,39032.23
03-419,restaurant,14167.45
03-420,restaurant,13085.72
03-425,restaurant,9266.95
03-429,restaurant,12645.82
03-436,restaurant,14609.15
03-443,restaurant,15304.3
03-446,restaurant,11793.49
03-450,restaurant,11117.24
03-461,restaurant,15320.34
03-463,restaurant,16696.15
03-468,restaurant,22321.7
03-473,fast food,16922.55
03-474,restaurant,16696.15
03-480,restaurant,15838.76
03-481,restaurant,15333.85
03-484,restaurant,17168.68
03-503,restaurant,18512.07
03-504,restaurant,20678.87
03-510,restaurant,16312.32
03-531,fast food,30787.43
03-531,restaurant,13201.68
03-548,restaurant,13807.56
03-550,fast food,13809.29
03-552,fast food,19917.2
03-560,restaurant,18211.4
03-563,fast food,24262.11
03-565,restaurant,10365.13
03-580,restaurant,12631.99
03-589,restaurant,18546.33
03-607,fast food,22385.18
03-641,restaurant,14697.43
03-643,fast food,74485.55
03-643,restaurant,29064.23
03-663,fast food,16494.35
03-663,restaurant,33529.38
03-674,restaurant,15765.85
03-683,restaurant,14028.4
03-687,fast food,21208.19
03-694,fast food,18963.38
03-707,fast food,13456.2
03-707,restaurant,12663.31
03-710,restaurant,33250.55
03-712,restaurant,17318.74
03-714,restaurant,24431.08
03-716,restaurant,15320.34
03-719,restaurant,23069.51
03-721,fast food,19635.92
03-721,restaurant,12980.31
03-727,restaurant,15441.33
03-728,fast food,13462.23
03-728,restaurant,18793.42
03-729,fast food,27351.95
03-730,fast food,25419.73
03-730,restaurant,17966.26
03-731,restaurant,11044.47
03-734,fast food,30571.39
03-734,restaurant,36587.09
03-735,fast food,10388.41
03-735,restaurant,15290.01
03-736,fast food,13465.31
03-736,restaurant,28865.96
03-737,fast food,16638.79
03-738,restaurant,8486.14
03-739,restaurant,16696.15
03-741,restaurant,15459.19
03-742,restaurant,25385.17
03-743,fast food,58719.37
03-743,restaurant,14275.13
03-745,restaurant,16696.15
03-746,restaurant,11793.49
03-752,fast food,14322.17
03-752,restaurant,14070.75
03-759,restaurant,18607.92
03-769,restaurant,14356.41
03-801,restaurant,27441.49
03-802,fast food,21589.12
03-802,restaurant,13475.77
03-805,restaurant,13176.52
03-806,restaurant,12178.95
03-808,restaurant,50210.81
03-809,restaurant,39814.76
03-810,restaurant,15312.9
03-813,restaurant,14068.66
03-814,fast food,17100.19
03-815,restaurant,40985.45
03-821,restaurant,15787.97
03-826,fast food,11965.36
03-829,restaurant,14077.21
03-832,restaurant,14356.41
03-838,restaurant,18627.9
03-841,restaurant,12814.4
03-844,restaurant,13127.36
03-872,restaurant,14738.53
03-878,restaurant,17790.3
03-888,fast food,13411.74
03-888,restaurant,31144.46
03-890,restaurant,23886.9
03-893,fast food,17256.04
03-901,restaurant,36507.71
03-902,restaurant,22002.22
03-903,restaurant,15680.48
03-905,fast food,49203.12
03-905,restaurant,26313.65
03-906,fast food,44499.67
03-906,restaurant,54084.96
03-907,restaurant,15818.45
03-910,restaurant,12275.3
03-914,restaurant,16984.57
03-915,fast food,16922.55
03-916,restaurant,10826.0
03-920,restaurant,32157.19
03-922,fast food,17579.51
03-922,restaurant,12326.72
03-926,restaurant,12698.12
03-928,restaurant,13895.85
03-933,restaurant,19244.36
03-934,restaurant,18235.44
03-936,fast food,70431.73
03-936,restaurant,34923.03
03-937,restaurant,32688.78
03-938,restaurant,32612.07
03-945,restaurant,15540.3
03-946,restaurant,11160.22
03-948,fast food,14002.87
03-948,restaurant,8667.79
03-949,restaurant,17726.26
03-964,restaurant,15672.5
03-968,restaurant,17097.01
03-969,restaurant,20782.23
03-977,restaurant,18143.81
03-982,fast food,21652.7
03-982,restaurant,23139.06
03-984,restaurant,19124.53
03-994,fast food,24397.34
03-994,restaurant,24859.33
03-995,restaurant,14782.45
04-001,restaurant,21529.42
04-005,restaurant,13698.59
04-013,restaurant,10860.26
04-015,fast food,15143.26
04-015,restaurant,30794.37
04-017,restaurant,10860.26
04-024,restaurant,12517.85
04-026,fast food,13369.79
04-026,restaurant,19765.05
04-028,restaurant,14107.71
04-029,restaurant,15320.51
04-030,restaurant,24605.91
04-035,fast food,13755.21
04-035,restaurant,11922.71
04-036,restaurant,21282.5
04-039,fast food,22351.68
04-041,restaurant,11328.82
04-046,restaurant,32011.38
04-051,restaurant,26796.81
04-052,fast food,11041.73
04-052,restaurant,13483.88
04-062,restaurant,16417.72
04-073,restaurant,15533.76
04-076,restaurant,15777.58
04-077,fast food,20560.22
04-077,restaurant,11724.92
04-078,restaurant,15273.29
04-083,restaurant,15340.55
04-086,fast food,15563.04
04-088,restaurant,15620.63
04-111,restaurant,19285.01
04-113,restaurant,15765.85
04-124,restaurant,10946.55
04-125,restaurant,22408.64
04-129,restaurant,15077.21
04-133,fast food,30645.26
04-133,restaurant,16534.8
04-142,fast food,13074.08
04-142,restaurant,11943.58
04-157,restaurant,14195.75
04-158,restaurant,17735.03
04-173,restaurant,15402.56
04-175,fast food,51579.94
04-175,restaurant,28358.9
04-185,restaurant,15849.76
04-186,restaurant,30193.84
04-190,fast food,27048.62
04-190,restaurant,14614.79
04-191,fast food,19152.17
04-193,fast food,16514.57
04-235,restaurant,13629.59
04-240,restaurant,16780.88
04-275,restaurant,46101.48
04-302,restaurant,11990.48
04-314,fast food,14062.22
04-314,restaurant,28544.25
04-329,restaurant,16018.63
04-353,fast food,14373.95
04-357,fast food,34028.91
04-357,restaurant,24881.79
04-359,restaurant,20552.46
04-363,fast food,16129.71
04-376,restaurant,16588.52
04-377,restaurant,16588.52
04-378,restaurant,14513.51
04-386,restaurant,12556.73
04-391,restaurant,16945.15
04-392,restaurant,15533.76
04-393,restaurant,29248.8
04-398,restaurant,24469.49
04-401,fast food,13709.56
04-412,fast food,15316.15
04-421,fast food,13729.84
04-423,restaurant,11673.46
04-454,restaurant,14490.29
04-455,fast food,17717.61
04-470,restaurant,11392.67
04-501,fast food,18505.74
04-502,restaurant,16309.41
04-519,fast food,21202.33
04-519,restaurant,9316.41
04-545,restaurant,18150.2
04-549,restaurant,11621.96
04-555,restaurant,21046.74
04-611,restaurant,14422.01
04-621,fast food,26155.33
04-621,restaurant,11414.44
04-627,restaurant,17504.45
04-628,restaurant,20104.97
04-634,restaurant,17298.62
04-639,restaurant,16919.89
04-657,fast food,17298.49
04-672,restaurant,19076.51
04-687,restaurant,16221.5
04-697,restaurant,24145.35
04-701,restaurant,11795.92
04-703,fast food,9787.27
04-703,restaurant,11998.01
04-713,restaurant,24649.59
04-724,restaurant,16493.81
04-730,restaurant,23630.59
04-760,fast food,33295.35
04-760,restaurant,17346.52
04-761,fast food,17167.42
04-761,restaurant,14797.48
04-766,fast food,27308.32
04-766,restaurant,11984.54
04-767,restaurant,30387.13
04-786,restaurant,13732.99
04-838,fast food,19866.61
04-838,restaurant,20073.7
04-839,restaurant,16217.66
04-857,restaurant,15871.15
04-858,fast food,18839.34
04-858,restaurant,9766.73
04-862,restaurant,14954.35
04-867,restaurant,11895.7
04-872,restaurant,19372.23
04-881,restaurant,20340.49
04-908,restaurant,13259.37
04-912,restaurant,17614.73
04-921,fast food,17445.78
04-927,restaurant,15376.39
04-933,fast food,27006.28
04-933,restaurant,25177.83
04-942,restaurant,12697.45
04-950,fast food,34854.96
04-950,restaurant,13862.39
04-953,restaurant,17435.28
04-972,restaurant,12482.42
05-070,fast food,30708.27
05-070,restaurant,14386.25
05-071,fast food,14785.57
05-071,restaurant,16042.17
05-074,fast food,12893.84
05-074,restaurant,10461.28
05-075,fast food,13170.18
05-075,restaurant,20662.97
05-077,fast food,54340.99
05-077,restaurant,28486.68
05-079,restaurant,10488.89
05-080,fast food,13352.38
05-080,restaurant,20824.94
05-082,fast food,21972.08
05-082,restaurant,20280.29
05-083,restaurant,9419.26
05-084,fast food,13395.99
05-084,restaurant,30146.22
05-085,restaurant,12520.49
05-088,fast food,13913.9
05-088,restaurant,10584.35
05-090,fast food,69639.88
05-090,restaurant,20056.99
05-091,fast food,16804.09
05-091,restaurant,19835.06
05-092,fast food,17354.57
05-092,restaurant,17186.99
05-100,fast food,29412.44
05-100,restaurant,19380.09
05-101,fast food,10953.56
05-101,restaurant,16077.43
05-102,fast food,20960.06
05-102,restaurant,20530.87
05-110,fast food,39043.22
05-110,restaurant,19311.92
05-119,fast food,14821.98
05-119,restaurant,20544.8
05-123,restaurant,12888.95
05-124,fast food,18324.46
05-124,restaurant,15962.4
05-126,fast food,47959.39
05-126,restaurant,22050.15
05-131,restaurant,13750.11
05-135,fast food,23593.92
05-135,restaurant,12291.08
05-140,fast food,20892.52
05-140,restaurant,17101.3
05-152,fast food,8573.58
05-152,restaurant,8521.02
05-155,fast food,23022.1
05-155,restaurant,14038.19
05-160,fast food,16812.0
05-160,restaurant,10752.65
05-170,fast food,12144.6
05-170,restaurant,9349.84
05-180,fast food,11665.68
05-180,restaurant,12405.12
05-190,fast food,13752.37
05-190,restaurant,12996.9
05-200,fast food,16655.97
05-200,restaurant,14902.86
05-205,fast food,16482.58
05-220,fast food,10201.16
05-220,restaurant,20432.95
05-230,fast food,16509.54
05-230,restaurant,17057.92
05-240,fast food,12876.94
05-240,restaurant,9928.57
05-250,fast food,16462.57
05-250,restaurant,13410.44
05-252,fast food,61999.46
05-252,restaurant,11679.87
05-254,fast food,14095.55
05-254,restaurant,12556.18
05-255,restaurant,15467.49
05-270,fast food,20102.57
05-270,restaurant,21137.91
05-280,fast food,35126.33
05-280,restaurant,17039.51
05-282,restaurant,12668.45
05-300,fast food,20623.3
05-300,restaurant,13283.06
05-304,fast food,18828.65
05-304,restaurant,11514.59
05-306,fast food,10975.78
05-306,restaurant,13827.04
05-307,restaurant,15233.88
05-310,fast food,11147.15
05-310,restaurant,8395.75
05-311,fast food,53873.71
05-311,restaurant,10432.03
05-317,fast food,16322.05
05-317,restaurant,14481.19
05-319,fast food,13017.23
05-319,restaurant,11427.6
05-320,fast food,10647.87
05-320,restaurant,11523.47
05-326,restaurant,13163.19
05-332,fast food,10832.08
05-332,restaurant,9523.89
05-334,fast food,11372.16
05-334,restaurant,11220.02
05-340,fast food,10531.71
05-340,restaurant,8718.05
05-400,fast food,15155.43
05-400,restaurant,14254.83
05-408,restaurant,14266.1
05-410,fast food,49181.37
05-410,restaurant,13726.89
05-420,fast food,13180.34
05-420,restaurant,13297.92
05-430,fast food,16811.37
05-430,restaurant,10641.69
05-462,fast food,14728.89
05-462,restaurant,11375.38
05-480,fast food,16654.02
05-480,restaurant,15068.65
05-501,restaurant,19205.98
05-502,fast food,12347.59
05-502,restaurant,14264.07
05-503,restaurant,11243.83
05-504,fast food,26659.3
05-504,restaurant,14355.17
05-505,fast food,15858.15
05-506,fast food,14467.04
05-506,restaurant,16019.47
05-507,restaurant,14555.39
05-510,fast food,23832.01
05-510,restaurant,24245.74
05-515,fast food,15819.11
05-515,restaurant,13919.49
05-520,fast food,22815.14
05-520,restaurant,15809.57
05-530,fast food,24889.26
05-530,restaurant,13229.37
05-532,fast food,10729.56
05-532,restaurant,11066.8
05-540,fast food,18905.19
05-540,restaurant,17794.0
05-552,fast food,10857.45
05-552,restaurant,19005.17
05-555,fast food,12936.4
05-555,restaurant,12641.92
05-600,fast food,37648.11
05-600,restaurant,13052.07
05-604,restaurant,14727.0
05-610,restaurant,10122.44
05-620,fast food,9436.4
05-620,restaurant,12411.59
05-622,fast food,13124.18
05-622,restaurant,8855.67
05-640,fast food,11231.89
05-640,restaurant,9479.44
05-650,fast food,8882.33
05-650,restaurant,11878.55
05-652,restaurant,15316.77
05-660,fast food,19115.78
05-660,restaurant,13737.84
05-800,fast food,18295.69
05-800,restaurant,15503.32
05-804,fast food,11544.6
05-804,restaurant,24753.44
05-805,restaurant,72376.18
05-806,fast food,10854.76
05-806,restaurant,13772.3
05-807,fast food,49607.79
05-807,restaurant,33004.67
05-808,fast food,16072.26
05-816,fast food,45477.98
05-816,restaurant,15867.68
05-820,fast food,27404.93
05-820,restaurant,13162.44
05-822,fast food,12415.91
05-822,restaurant,19651.89
05-825,fast food,25823.53
05-825,restaurant,23537.48
05-827,fast food,80287.51
05-827,restaurant,13771.08
05-830,fast food,49811.6
05-830,restaurant,15905.51
05-831,restaurant,9760.94
05-840,fast food,15030.7
05-840,restaurant,11822.75
05-850,fast food,24898.44
05-850,restaurant,22960.59
05-860,fast food,10401.23
05-860,restaurant,25630.65
05-870,fast food,14953.2
05-870,restaurant,11276.47
06-100,fast food,18077.69
06-100,restaurant,10615.22
06-114,restaurant,17394.99
06-120,fast food,16912.47
06-121,fast food,10599.89
06-150,fast food,14541.78
06-150,restaurant,12283.62
06-200,fast food,13744.72
06-200,restaurant,11806.41
06-212,fast food,11395.42
06-212,restaurant,11684.82
06-213,fast food,12323.98
06-213,restaurant,12159.11
06-216,restaurant,14992.77
06-220,restaurant,21768.2
06-225,fast food,12384.89
06-225,restaurant,12152.75
06-230,fast food,11673.69
06-230,restaurant,11966.92
06-231,restaurant,13019.81
06-300,fast food,12966.04
06-300,restaurant,10973.5
06-320,fast food,15862.95
06-320,restaurant,17809.72
06-323,fast food,8904.01
06-323,restaurant,9210.88
06-330,fast food,9563.33
06-330,restaurant,9357.75
06-333,restaurant,11197.43
06-400,fast food,12401.8
06-400,restaurant,15540.95
06-406,restaurant,17484.82
06-413,restaurant,10879.12
06-415,restaurant,15825.71
06-445,fast food,9257.75
06-445,restaurant,11591.67
06-450,fast food,10219.88
06-450,restaurant,9687.01
06-452,restaurant,14323.22
06-456,restaurant,15395.36
06-460,fast food,16681.91
06-460,restaurant,14013.59
06-500,fast food,13238.72
06-500,restaurant,12582.72
06-516,fast food,15883.67
06-540,fast food,10167.25
06-540,restaurant,9619.9
06-545,restaurant,14741.37
06-550,restaurant,14393.43
06-560,restaurant,14992.77
07-100,fast food,9920.28
07-100,restaurant,13893.39
07-104,restaurant,10287.28
07-106,restaurant,10759.61
07-110,fast food,10996.55
07-110,restaurant,11081.97
07-111,fast food,48531.9
07-111,restaurant,11692.52
07-130,fast food,11617.39
07-130,restaurant,21975.07
07-132,restaurant,14778.92
07-140,restaurant,11651.99
07-200,fast food,11920.61
07-200,restaurant,18638.8
07-201,restaurant,14492.89
07-202,fast food,12969.06
07-202,restaurant,16012.84
07-203,restaurant,13036.61
07-205,restaurant,10290.85
07-210,fast food,11286.46
07-210,restaurant,10973.77
07-214,restaurant,10738.1
07-215,restaurant,12219.32
07-217,restaurant,14081.34
07-221,fast food,15526.74
07-221,restaurant,14557.12
07-230,restaurant,15521.38
07-300,fast food,11344.34
07-300,restaurant,9507.57
07-303,fast food,13284.05
07-303,restaurant,12889.59
07-306,fast food,11145.53
07-306,restaurant,12003.82
07-319,fast food,12900.2
07-319,restaurant,14087.34
07-320,fast food,9609.63
07-320,restaurant,9551.62
07-401,restaurant,15644.2
07-402,restaurant,9606.85
07-407,fast food,11822.62
07-407,restaurant,7887.76
07-410,fast food,13938.88
07-410,restaurant,13225.29
07-415,restaurant,10411.46
07-420,fast food,9024.11
07-420,restaurant,7081.95
07-430,fast food,11795.94
07-430,restaurant,10746.72
07-436,fast food,16040.3
07-437,fast food,11697.45
07-437,restaurant,9853.69
07-440,fast food,10401.14
07-440,restaurant,9515.71
08-103,fast food,38620.78
08-103,restaurant,14933.37
08-106,restaurant,12902.91
08-107,fast food,64011.66
08-107,restaurant,16417.99
08-110,fast food,14888.57
08-110,restaurant,14436.14
08-111,fast food,17242.11
08-112,fast food,12710.88
08-112,restaurant,12473.37
08-114,restaurant,10287.28
08-119,fast food,15068.44
08-119,restaurant,19105.61
08-124,fast food,11397.46
08-124,restaurant,11608.76
08-125,fast food,17220.73
08-130,fast food,14206.04
08-130,restaurant,13581.62
08-200,fast food,17113.31
08-200,restaurant,14098.7
08-221,restaurant,15072.7
08-300,fast food,25207.9
08-300,restaurant,23440.37
08-304,fast food,16001.13
08-304,restaurant,10660.87
08-311,restaurant,14856.43
08-320,restaurant,16241.91
08-322,restaurant,15560.34
08-330,fast food,15010.63
08-330,restaurant,12371.76
08-400,fast food,19138.77
08-400,restaurant,10139.09
08-404,fast food,7650.46
08-404,restaurant,10718.84
08-410,fast food,19381.33
08-410,restaurant,20054.07
08-420,fast food,15269.1
08-430,restaurant,15754.44
08-440,fast food,13994.04
08-440,restaurant,12392.99
08-443,fast food,10247.27
08-443,restaurant,10504.67
08-445,restaurant,15111.17
08-450,fast food,9882.77
08-450,restaurant,12872.09
08-455,fast food,19405.89
08-455,restaurant,12517.71
08-460,fast food,11873.25
08-460,restaurant,10899.68
08-470,fast food,12799.57
08-470,restaurant,18091.54
08-480,fast food,10430.39
08-500,fast food,17183.41
08-500,restaurant,31180.53
08-504,restaurant,16582.07
08-530,fast food,15654.24
08-530,restaurant,22665.17
08-540,fast food,13579.71
08-540,restaurant,12499.74
08-550,restaurant,10354.24
09-100,fast food,19489.74
09-100,restaurant,12497.71
09-110,fast food,11805.79
09-110,restaurant,10753.22
09-120,fast food,11537.27
09-120,restaurant,12857.8
09-131,fast food,12877.31
09-131,restaurant,13114.94
09-140,fast food,9314.04
09-140,restaurant,9189.44
09-142,restaurant,12861.05
09-150,restaurant,9580.44
09-200,fast food,13372.73
09-200,restaurant,13313.22
09-210,fast food,9010.41
09-210,restaurant,15597.18
09-213,fast food,19291.17
09-226,fast food,11012.6
09-226,restaurant,7061.21
09-227,restaurant,11581.28
09-230,fast food,10154.31
09-230,restaurant,9762.65
09-300,fast food,9587.17
09-300,restaurant,9919.52
09-304,fast food,15196.07
09-320,restaurant,14020.45
09-400,fast food,17875.77
09-400,restaurant,20537.93
09-401,fast food,49193.68
09-401,restaurant,14852.68
09-402,fast food,16546.22
09-402,restaurant,17758.09
09-404,fast food,13314.72
09-404,restaurant,10257.35
09-407,fast food,46345.0
09-407,restaurant,21723.23
09-408,fast food,13285.8
09-408,restaurant,14234.53
09-410,fast food,24734.02
09-410,restaurant,16744.45
09-412,restaurant,14848.41
09-413,restaurant,16918.03
09-414,fast food,15196.07
09-440,restaurant,14932.59
09-442,fast food,21099.1
09-450,fast food,12841.44
09-450,restaurant,10178.9
09-451,restaurant,15116.49
09-454,fast food,12467.47
09-454,restaurant,12300.67
09-460,restaurant,10290.85
09-470,fast food,7852.84
09-470,restaurant,9787.08
09-472,fast food,12740.8
09-472,restaurant,14232.21
09-500,fast food,14113.19
09-500,restaurant,9899.17
09-504,restaurant,13556.45
09-505,restaurant,15825.71
09-520,fast food,11751.94
09-520,restaurant,13745.82
09-530,fast food,10177.74
09-530,restaurant,18019.16
09-533,fast food,13358.92
09-533,restaurant,11379.6
09-540,restaurant,11035.76
09-550,fast food,14210.56
10-003,fast food,12309.15
10-003,restaurant,21146.61
10-006,restaurant,15001.84
10-009,fast food,67333.83
10-012,restaurant,11097.73
10-015,restaurant,15453.44
10-017,restaurant,29070.79
10-018,restaurant,15589.34
10-019,restaurant,14896.05
10-020,restaurant,18181.69
10-021,restaurant,15048.6
10-026,restaurant,39505.05
10-027,restaurant,19397.56
10-028,fast food,50269.81
10-028,restaurant,37956.1
10-029,fast food,23159.38
10-029,restaurant,15175.86
10-033,restaurant,14738.69
10-034,fast food,14301.66
10-034,restaurant,18300.74
10-036,fast food,22881.09
10-036,restaurant,60152.62
10-039,fast food,20807.15
10-039,restaurant,16319.67
10-040,restaurant,18669.65
10-057,restaurant,12626.68
10-066,restaurant,16873.13
10-074,restaurant,30388.52
10-075,restaurant,23313.01
10-081,restaurant,17437.67
10-084,fast food,22875.69
10-084,restaurant,21062.01
10-088,fast food,18517.15
10-088,restaurant,18229.31
10-089,restaurant,15577.8
10-102,restaurant,13566.52
10-103,fast food,20670.48
10-106,restaurant,28561.19
10-112,restaurant,14041.6
10-116,fast food,17298.49
10-117,restaurant,31261.35
10-118,restaurant,13499.72
10-123,restaurant,13063.46
10-124,restaurant,16460.92
10-135,restaurant,18522.87
10-153,fast food,38256.75
10-153,restaurant,26363.16
10-162,restaurant,17420.04
10-164,restaurant,12107.96
10-166,restaurant,15375.24
10-170,restaurant,15985.65
10-175,restaurant,13323.52
10-176,restaurant,13793.24
10-206,restaurant,16333.71
10-226,restaurant,16365.51
10-229,restaurant,19863.08
10-230,restaurant,18755.7
10-243,restaurant,12805.84
10-259,restaurant,20805.29
10-273,restaurant,16892.26
10-274,restaurant,13726.16
10-282,restaurant,13518.72
10-284,restaurant,14379.96
10-313,fast food,16140.16
10-340,restaurant,15498.17
10-342,restaurant,17067.06
10-351,fast food,14728.97
10-354,fast food,15330.63
10-355,restaurant,15528.59
10-379,restaurant,15708.44
10-402,fast food,14721.48
10-402,restaurant,21342.02
10-406,fast food,20241.91
10-406,restaurant,28362.93
10-408,fast food,12979.49
10-413,restaurant,14268.23
10-414,restaurant,15886.78
10-424,fast food,48734.62
10-424,restaurant,27921.59
10-437,restaurant,15268.96
10-442,restaurant,16882.09
10-450,fast food,12566.32
10-450,restaurant,22857.27
10-454,restaurant,17058.36
10-503,fast food,8104.21
10-503,restaurant,12752.57
10-511,restaurant,13563.79
10-521,restaurant,18755.7
10-538,restaurant,12923.45
10-539,fast food,17737.0
10-539,restaurant,13448.34
10-542,restaurant,15302.92
10-551,restaurant,14379.96
10-560,restaurant,16389.8
10-576,fast food,30754.9
10-576,restaurant,44997.75
10-588,fast food,12272.14
10-601,restaurant,13863.08
10-683,restaurant,11216.83
10-684,restaurant,11467.12
10-685,fast food,20805.99
10-685,restaurant,16387.64
10-686,fast food,17781.27
10-686,restaurant,16446.97
10-687,fast food,11868.51
10-687,restaurant,12182.89
10-688,fast food,13621.89
10-688,restaurant,13235.12
10-689,restaurant,20059.65
10-690,restaurant,11099.13
10-692,fast food,14189.27
10-692,restaurant,15040.73
10-693,restaurant,13563.79
10-699,restaurant,14314.27
10-720,fast food,12945.51
10-720,restaurant,12145.32
10-722,restaurant,12191.37
10-724,restaurant,16629.57
10-747,fast food,67401.45
10-747,restaurant,18405.4
10-801,restaurant,11629.92
10-802,restaurant,17486.73
10-818,fast food,41760.22
10-818,restaurant,37937.28
10-820,fast food,15027.97
10-822,restaurant,11617.24
10-852,fast food,20331.66
10-900,restaurant,15298.32
11-001,fast food,7988.17
11-001,restaurant,10842.24
11-010,fast food,11627.95
11-010,restaurant,15742.8
11-015,fast food,25115.19
11-015,restaurant,17571.73
11-034,fast food,67390.16
11-034,restaurant,17633.18
11-036,fast food,29685.41
11-036,restaurant,27276.24
11-040,fast food,19700.47
11-040,restaurant,15464.63
11-041,restaurant,10990.55
11-042,fast food,8984.66
11-042,restaurant,8588.94
11-100,fast food,13262.5
11-100,restaurant,11446.53
11-106,fast food,14398.61
11-130,fast food,13881.19
11-130,restaurant,10301.35
11-200,fast food,11506.45
11-200,restaurant,15279.09
11-210,fast food,10610.6
11-210,restaurant,16462.93
11-220,fast food,9892.44
11-220,restaurant,10374.68
11-230,fast food,10283.0
11-230,restaurant,10145.43
11-300,fast food,6834.27
11-300,restaurant,11848.71
11-320,restaurant,8760.07
11-400,fast food,16457.65
11-400,restaurant,16431.69
11-420,restaurant,16541.8
11-430,fast food,9481.4
11-430,restaurant,9773.41
11-440,fast food,11357.13
11-440,restaurant,12792.85
11-500,fast food,27619.53
11-500,restaurant,25357.75
11-510,fast food,9905.36
11-510,restaurant,11881.86
11-513,fast food,12233.06
11-513,restaurant,18008.18
11-520,fast food,14878.22
11-520,restaurant,15749.33
11-600,fast food,15180.86
11-600,restaurant,17942.78
11-610,restaurant,19342.56
11-612,restaurant,13695.7
11-700,fast food,18439.5
11-700,restaurant,16004.56
11-710,fast food,11353.46
11-710,restaurant,15968.99
11-730,fast food,12711.32
11-730,restaurant,26810.13
11-731,restaurant,12552.06
12-100,fast food,14695.86
12-100,restaurant,13316.02
12-114,fast food,12907.28
12-114,restaurant,11449.96
12-122,fast food,12974.84
12-122,restaurant,19272.06
12-130,fast food,10923.95
12-130,restaurant,10539.9
12-140,fast food,13901.18
12-140,restaurant,13069.18
12-150,restaurant,11776.37
12-160,fast food,14072.94
12-160,restaurant,10213.23
12-200,fast food,15214.32
12-200,restaurant,11345.01
12-220,fast food,18552.98
12-220,restaurant,23051.44
12-230,fast food,17806.88
12-230,restaurant,30821.77
12-250,fast food,10585.34
12-250,restaurant,11653.89
13-100,fast food,24085.39
13-100,restaurant,13318.94
13-113,restaurant,14848.41
13-200,fast food,13189.39
13-200,restaurant,11680.71
13-206,fast food,12710.84
13-206,restaurant,13078.99
13-220,fast food,11195.09
13-220,restaurant,10917.44
13-230,fast food,22627.27
13-230,restaurant,17295.05
13-240,fast food,13629.74
13-300,fast food,18499.49
13-300,restaurant,14333.06
13-306,fast food,11038.9
13-306,restaurant,23819.44
13-340,restaurant,15182.77
14-100,fast food,17499.21
14-100,restaurant,18461.17
14-105,restaurant,21643.9
14-107,fast food,12508.43
14-107,restaurant,12480.07
14-120,fast food,9649.93
14-120,restaurant,10737.31
14-133,fast food,12732.45
14-133,restaurant,12562.11
14-140,restaurant,12945.39
14-200,fast food,11676.52
14-200,restaurant,14341.19
14-202,restaurant,15479.45
14-220,fast food,8656.8
14-220,restaurant,9135.06
14-229,restaurant,13542.85
14-230,fast food,12244.74
14-230,restaurant,13234.31
14-240,fast food,12252.66
14-240,restaurant,11623.01
14-241,fast food,17089.17
14-241,restaurant,19060.24
14-260,fast food,9449.54
14-260,restaurant,10541.02
14-300,fast food,11450.93
14-300,restaurant,10399.56
14-310,fast food,13121.02
14-310,restaurant,15448.04
14-330,fast food,48915.62
14-330,restaurant,21867.2
14-400,fast food,23489.88
14-400,restaurant,19049.87
14-407,restaurant,10815.94
14-411,restaurant,14848.41
14-420,fast food,8369.7
14-420,restaurant,12053.45
14-500,fast food,12654.56
14-500,restaurant,14939.97
14-520,fast food,16443.66
14-520,restaurant,12400.91
14-530,fast food,13443.88
14-530,restaurant,16942.85
15-002,restaurant,16405.75
15-003,fast food,14896.72
15-004,restaurant,13968.5
15-014,fast food,15979.63
15-024,restaurant,14905.42
15-027,restaurant,14488.07
15-028,restaurant,16449.12
15-029,restaurant,14697.43
15-044,fast food,15979.63
15-048,restaurant,11070.5
15-054,restaurant,15339.14
15-057,restaurant,19816.36
15-062,restaurant,12654.93
15-063,restaurant,17164.82
15-064,restaurant,15010.14
15-066,restaurant,13290.83
15-077,restaurant,29456.39
15-082,restaurant,34374.69
15-089,fast food,20437.47
15-089,restaurant,26834.66
15-091,restaurant,15011.68
15-092,fast food,18435.62
15-092,restaurant,18774.87
15-094,fast food,17256.04
15-097,restaurant,20574.42
15-099,restaurant,38277.48
15-101,fast food,24474.21
15-101,restaurant,19638.01
15-110,restaurant,17816.34
15-111,fast food,16177.46
15-111,restaurant,11483.45
15-113,restaurant,12110.32
15-157,restaurant,13281.42
15-161,fast food,22852.19
15-161,restaurant,39027.58
15-167,restaurant,16412.67
15-168,restaurant,16945.09
15-181,fast food,13212.38
15-181,restaurant,17408.85
15-204,fast food,17184.21
15-207,restaurant,14344.67
15-213,restaurant,17384.96
15-222,restaurant,13859.08
15-244,restaurant,18268.06
15-245,restaurant,17025.18
15-265,fast food,11549.52
15-265,restaurant,20165.7
15-267,fast food,29736.0
15-267,restaurant,15916.46
15-269,restaurant,15765.85
15-274,restaurant,13053.96
15-275,restaurant,12491.38
15-276,restaurant,17484.62
15-277,fast food,38670.58
15-277,restaurant,33812.6
15-281,fast food,23005.94
15-281,restaurant,25465.23
15-282,restaurant,14477.19
15-297,restaurant,31176.51
15-302,restaurant,18464.16
15-304,restaurant,28977.16
15-306,restaurant,25163.99
15-307,restaurant,21813.06
15-312,restaurant,15067.48
15-323,fast food,19147.84
15-325,restaurant,18151.79
15-333,restaurant,16739.7
15-342,restaurant,17067.06
15-345,fast food,16334.89
15-345,restaurant,15060.82
15-347,fast food,17256.04
15-349,fast food,10547.71
15-349,restaurant,16474.11
15-351,restaurant,11070.5
15-354,restaurant,13578.51
15-369,restaurant,15501.48
15-378,fast food,11960.01
15-378,restaurant,15093.56
15-395,restaurant,15849.76
15-396,fast food,65473.66
15-396,restaurant,11028.49
15-399,restaurant,22445.79
15-402,fast food,27659.93
15-404,fast food,16309.43
15-404,restaurant,19990.6
15-406,restaurant,14344.67
15-410,restaurant,27714.6
15-420,fast food,17256.04
15-421,fast food,34724.41
15-421,restaurant,44233.05
15-422,restaurant,17258.87
15-423,restaurant,15790.38
15-424,restaurant,51954.02
15-426,fast food,72856.22
15-426,restaurant,48288.67
15-427,fast food,20882.89
15-427,restaurant,25050.79
15-435,fast food,21090.84
15-437,restaurant,19310.15
15-439,restaurant,16739.7
15-440,fast food,18092.86
15-440,restaurant,20826.62
15-441,restaurant,17349.6
15-453,restaurant,14882.66
15-464,restaurant,19184.8
15-465,restaurant,12078.25
15-472,restaurant,11739.36
15-482,restaurant,11675.29
15-502,fast food,19604.96
15-502,restaurant,21145.19
15-521,restaurant,19920.2
15-545,fast food,19010.02
15-554,restaurant,19984.02
15-555,restaurant,11997.92
15-569,restaurant,11318.0
15-585,fast food,11135.61
15-587,fast food,15868.25
15-588,restaurant,14205.98
15-644,fast food,15676.72
15-644,restaurant,44647.68
15-657,fast food,29750.96
15-657,restaurant,15623.41
15-662,restaurant,22962.38
15-666,restaurant,12188.45
15-668,fast food,12877.68
15-668,restaurant,15254.92
15-669,restaurant,17200.24
15-680,fast food,57035.03
15-680,restaurant,9145.21
15-687,fast food,14556.48
15-688,restaurant,15502.18
15-689,restaurant,22043.11
15-703,fast food,14571.11
15-704,fast food,69764.48
15-704,restaurant,14175.74
15-727,fast food,33863.29
15-727,restaurant,19772.18
15-740,fast food,18844.72
15-740,restaurant,11099.06
15-743,restaurant,15611.4
15-750,restaurant,14801.64
15-756,restaurant,18316.93
15-762,fast food,21576.4
15-762,restaurant,17262.22
15-773,restaurant,15020.82
15-774,fast food,17095.91
15-776,restaurant,15877.64
15-793,restaurant,11868.59
15-814,restaurant,15362.45
15-820,restaurant,17630.24
15-845,restaurant,15029.34
15-866,restaurant,14001.8
15-875,restaurant,31431.18
15-879,fast food,12589.39
15-879,restaurant,11967.8
15-888,fast food,14536.1
15-888,restaurant,12026.63
15-950,restaurant,35673.39
16-001,restaurant,19891.16
16-010,fast food,12694.3
16-010,restaurant,19708.49
16-020,fast food,11142.54
16-020,restaurant,11886.08
16-030,fast food,13959.69
16-030,restaurant,22726.06
16-040,fast food,10491.41
16-040,restaurant,11077.14
16-050,fast food,8612.04
16-050,restaurant,9290.11
16-060,fast food,7684.1
16-060,restaurant,9475.51
16-061,restaurant,15475.54
16-070,fast food,16221.13
16-070,restaurant,12596.47
16-075,fast food,16670.45
16-080,fast food,11724.1
16-080,restaurant,19464.71
16-100,fast food,11985.43
16-100,restaurant,11564.28
16-120,fast food,11646.34
16-120,restaurant,13164.47
16-123,fast food,23394.77
16-123,restaurant,18120.3
16-130,fast food,12424.01
16-130,restaurant,17522.42
16-140,restaurant,17830.42
16-150,fast food,11867.2
16-150,restaurant,11361.94
16-200,fast food,13802.17
16-200,restaurant,15207.09
16-205,fast food,14053.38
16-205,restaurant,12263.02
16-300,fast food,20959.11
16-300,restaurant,17972.03
16-304,fast food,11799.11
16-304,restaurant,18620.15
16-310,fast food,12767.16
16-315,restaurant,9812.47
16-326,restaurant,12403.4
16-400,fast food,16619.41
16-400,restaurant,16643.18
16-402,fast food,26379.77
16-402,restaurant,18335.23
16-404,fast food,12557.06
16-404,restaurant,12756.9
16-407,restaurant,13963.06
16-411,fast food,21363.9
16-411,restaurant,26114.35
16-412,fast food,14253.01
16-413,restaurant,15139.61
16-420,fast food,8436.58
16-420,restaurant,9885.99
16-423,restaurant,15825.71
16-427,fast food,15196.07
16-500,fast food,12508.8
16-500,restaurant,9415.55
16-506,fast food,10823.33
16-506,restaurant,16707.21
16-515,fast food,13186.12
16-515,restaurant,10156.57
17-100,fast food,13400.03
17-100,restaurant,12340.04
17-106,fast food,13824.42
17-106,restaurant,13639.48
17-111,restaurant,16470.61
17-120,restaurant,12384.5
17-200,fast food,12781.8
17-200,restaurant,14089.38
17-204,restaurant,14157.76
17-220,restaurant,16006.76
17-230,fast food,14396.86
17-230,restaurant,25478.02
17-240,fast food,15726.69
17-250,restaurant,9965.62
17-300,fast food,13852.55
17-300,restaurant,12161.54
17-307,restaurant,14414.87
17-312,fast food,11088.37
17-312,restaurant,11758.82
17-315,fast food,10430.04
17-315,restaurant,15166.26
17-330,restaurant,15234.93
18-100,restaurant,16623.92
18-106,restaurant,12198.32
18-200,fast food,12179.09
18-200,restaurant,14643.97
18-210,restaurant,10934.86
18-214,restaurant,14779.93
18-218,restaurant,15579.24
18-220,restaurant,10355.26
18-230,fast food,12445.07
18-230,restaurant,11067.08
18-300,fast food,13863.76
18-300,restaurant,13800.8
18-305,restaurant,36472.23
18-312,fast food,11681.31
18-315,fast food,26062.0
18-411,fast food,13496.42
18-411,restaurant,12716.7
18-414,restaurant,10996.55
18-416,fast food,15196.07
18-416,restaurant,13740.9
18-420,restaurant,12280.08
18-421,restaurant,15240.66
18-423,restaurant,13795.77
18-500,fast food,11434.58
18-500,restaurant,10665.86
18-516,fast food,16693.95
18-520,restaurant,10385.15
19-100,fast food,8362.64
19-100,restaurant,9811.21
19-104,restaurant,13638.09
19-110,fast food,13584.03
19-110,restaurant,12809.52
19-120,fast food,13752.9
19-120,restaurant,15192.33
19-122,fast food,8922.43
19-122,restaurant,28284.87
19-200,fast food,10206.81
19-200,restaurant,11928.75
19-206,fast food,12304.92
19-206,restaurant,13218.27
19-213,restaurant,13740.9
19-230,fast food,39451.58
19-230,restaurant,8739.95
19-300,fast food,18090.76
19-300,restaurant,14948.42
19-314,restaurant,9910.58
19-335,restaurant,9482.51
19-400,fast food,11478.28
19-400,restaurant,11540.2
19-420,fast food,11079.27
19-420,restaurant,11335.79
19-500,fast food,11633.11
19-500,restaurant,17950.18
19-504,restaurant,16054.79
19-520,restaurant,15986.15
20-002,fast food,22366.31
20-002,restaurant,28861.55
20-003,restaurant,10870.17
20-004,restaurant,33766.37
20-006,restaurant,17353.63
20-007,restaurant,23848.12
20-009,restaurant,19447.42
20-016,restaurant,9463.77
20-017,fast food,11614.37
20-019,restaurant,19739.9
20-020,fast food,16812.29
20-020,restaurant,26952.19
20-022,fast food,23981.84
20-022,restaurant,35966.27
20-024,fast food,25251.21
20-024,restaurant,30207.03
20-026,restaurant,14039.45
20-027,fast food,15153.64
20-027,restaurant,15066.34
20-028,restaurant,14654.37
20-029,restaurant,34526.15
20-030,fast food,12365.67
20-030,restaurant,11335.32
20-031,restaurant,21861.96
20-033,restaurant,19426.67
20-035,restaurant,28500.57
20-036,restaurant,18373.77
20-037,restaurant,14520.68
20-044,restaurant,13120.36
20-045,fast food,12771.69
20-045,restaurant,19985.83
20-049,fast food,16868.72
20-049,restaurant,10300.79
20-052,fast food,17020.99
20-052,restaurant,13929.02
20-053,fast food,81601.65
20-053,restaurant,29483.5
20-059,restaurant,23767.38
20-060,fast food,12060.44
20-064,restaurant,28519.71
20-066,restaurant,14039.45
20-068,restaurant,19942.96
20-070,fast food,14627.4
20-071,restaurant,17496.95
20-075,restaurant,11607.92
20-076,restaurant,41260.27
20-077,restaurant,15285.23
20-079,restaurant,12814.54
20-081,restaurant,13496.84
20-082,restaurant,39274.29
20-084,restaurant,16151.38
20-085,restaurant,12747.39
20-090,restaurant,15700.78
20-092,restaurant,9001.05
20-093,fast food,15391.95
20-093,restaurant,12919.78
20-097,restaurant,12913.97
20-101,restaurant,20390.67
20-102,restaurant,8870.62
20-106,restaurant,15325.16
20-108,fast food,31943.02
20-108,restaurant,16726.74
20-109,fast food,13466.31
20-109,restaurant,21323.44
20-111,fast food,39006.56
20-111,restaurant,25161.69
20-112,fast food,20305.4
20-112,restaurant,28508.34
20-113,restaurant,20532.59
20-114,restaurant,16141.84
20-115,fast food,12384.41
20-115,restaurant,26742.95
20-120,restaurant,17170.71
20-121,fast food,12773.76
20-121,restaurant,11956.26
20-123,fast food,23022.29
20-123,restaurant,23772.17
20-126,restaurant,13578.74
20-128,restaurant,14925.93
20-133,restaurant,11260.84
20-140,restaurant,12078.25
20-143,restaurant,14344.67
20-147,fast food,72593.96
20-147,restaurant,16956.49
20-148,restaurant,15173.59
20-150,fast food,14340.28
20-151,fast food,13237.29
20-152,restaurant,11768.23
20-153,restaurant,14299.17
20-160,restaurant,15265.37
20-207,restaurant,38460.43
20-209,restaurant,16675.92
20-223,restaurant,14270.63
20-230,restaurant,12787.95
20-234,restaurant,15986.97
20-241,restaurant,15871.42
20-247,restaurant,13924.24
20-250,restaurant,11739.36
20-254,restaurant,14820.01
20-258,fast food,10845.61
20-258,restaurant,17999.51
20-262,restaurant,12830.63
20-280,restaurant,16019.06
20-281,fast food,12973.26
20-281,restaurant,22069.42
20-301,restaurant,10946.55
20-315,fast food,37093.06
20-315,restaurant,13208.9
20-319,restaurant,13752.94
20-320,restaurant,14163.1
20-325,fast food,13353.77
20-325,restaurant,11195.18
20-327,restaurant,10946.55
20-329,restaurant,10383.77
20-330,fast food,25508.36
20-331,restaurant,11776.34
20-337,restaurant,12774.42
20-338,restaurant,12995.85
20-354,restaurant,13530.98
20-380,fast food,14507.5
20-385,fast food,20213.3
20-388,restaurant,18227.48
20-391,restaurant,11029.01
20-401,restaurant,14645.46
20-406,fast food,18726.89
20-408,restaurant,18320.28
20-410,fast food,15983.32
20-410,restaurant,13093.48
20-411,restaurant,13563.86
20-412,fast food,14412.25
20-418,restaurant,16618.69
20-421,fast food,17957.93
20-422,restaurant,14400.82
20-425,fast food,59580.21
20-425,restaurant,31566.05
20-444,restaurant,14163.1
20-447,fast food,16898.08
20-450,restaurant,14697.43
20-459,restaurant,9648.31
20-466,restaurant,12632.16
20-468,fast food,18963.38
20-468,restaurant,15765.85
20-469,restaurant,16366.2
20-470,restaurant,10954.32
20-472,restaurant,37821.4
20-482,restaurant,16555.32
20-485,fast food,13916.74
20-485,restaurant,10183.45
20-502,restaurant,10946.55
20-504,fast food,74808.59
20-504,restaurant,18770.82
20-515,fast food,12989.53
20-515,restaurant,16042.61
20-518,fast food,10069.74
20-518,restaurant,11122.66
20-530,restaurant,20018.88
20-533,restaurant,15355.25
20-535,fast food,12117.03
20-535,restaurant,11240.05
20-538,restaurant,30327.86
20-539,restaurant,11503.23
20-543,restaurant,13530.51
20-552,restaurant,14163.1
20-553,restaurant,11625.87
20-554,restaurant,15501.48
20-571,restaurant,11070.5
20-572,restaurant,12078.25
20-573,restaurant,18709.68
20-574,restaurant,20747.4
20-576,fast food,40138.37
20-576,restaurant,13768.32
20-577,restaurant,15505.61
20-582,fast food,12838.05
20-582,restaurant,11916.46
20-583,restaurant,13995.39
20-601,fast food,11426.23
20-601,restaurant,24759.75
20-603,fast food,19230.86
20-603,restaurant,13167.62
20-607,restaurant,15628.2
20-610,fast food,9175.71
20-610,restaurant,9052.95
20-611,restaurant,15106.92
20-612,restaurant,13123.68
20-614,restaurant,15325.16
20-618,fast food,13129.94
20-618,restaurant,39984.41
20-625,fast food,12915.43
20-629,fast food,15331.79
20-629,restaurant,14733.64
20-631,fast food,9607.35
20-631,restaurant,17552.41
20-632,restaurant,10262.61
20-701,restaurant,37899.43
20-704,restaurant,15765.85
20-707,fast food,17184.21
20-708,restaurant,18215.4
20-717,restaurant,14421.62
20-718,restaurant,25673.01
20-719,restaurant,31496.75
20-724,fast food,75856.49
20-724,restaurant,23254.05
20-808,restaurant,13922.84
20-809,restaurant,29830.99
20-810,restaurant,20160.77
20-816,restaurant,14013.85
20-817,restaurant,16995.46
20-819,fast food,12834.44
20-819,restaurant,13594.73
20-822,fast food,20986.29
20-824,restaurant,12383.71
20-827,restaurant,11739.36
20-832,fast food,15105.65
20-835,restaurant,16287.27
20-836,restaurant,15029.6
20-841,restaurant,14639.66
20-843,restaurant,16608.97
20-850,restaurant,17980.23
20-853,restaurant,20445.56
20-857,fast food,15992.74
20-857,restaurant,14869.47
20-860,restaurant,11070.5
20-861,fast food,37108.34
20-861,restaurant,12116.04
20-880,restaurant,14039.45
20-881,restaurant,18558.64
20-882,restaurant,11458.99
20-883,restaurant,14039.45
21-002,fast food,12259.94
21-002,restaurant,31987.13
21-003,fast food,13307.36
21-003,restaurant,12672.38
21-007,restaurant,12351.52
21-008,restaurant,25347.06
21-010,fast food,12287.64
21-010,restaurant,14734.13
21-013,restaurant,9015.51
21-020,fast food,7216.1
21-020,restaurant,7119.56
21-025,fast food,7184.26
21-025,restaurant,9596.4
21-030,fast food,12607.26
21-030,restaurant,12369.6
21-040,fast food,15530.44
21-040,restaurant,13208.47
21-044,restaurant,11774.5
21-050,fast food,13106.25
21-050,restaurant,20467.74
21-060,restaurant,10100.49
21-065,restaurant,15021.39
21-070,restaurant,12450.95
21-075,fast food,12825.7
21-075,restaurant,11488.21
21-077,fast food,15196.07
21-080,fast food,10937.23
21-080,restaurant,55821.5
21-100,fast food,11052.13
21-100,restaurant,12733.28
21-109,fast food,12269.57
21-109,restaurant,12105.43
21-110,fast food,8324.64
21-110,restaurant,9190.71
21-132,fast food,8391.53
21-132,restaurant,10102.37
21-136,restaurant,16933.71
21-140,fast food,16371.28
21-140,restaurant,13464.8
21-146,restaurant,14921.08
21-150,fast food,10029.02
21-150,restaurant,9028.73
21-200,fast food,8486.38
21-200,restaurant,11314.86
21-210,fast food,14157.18
21-211,fast food,12993.54
21-211,restaurant,14400.29
21-220,restaurant,14992.77
21-230,restaurant,14544.04
21-300,fast food,9393.0
21-300,restaurant,10331.57
21-302,fast food,11164.37
21-302,restaurant,11219.89
21-306,restaurant,10290.85
21-307,restaurant,14233.7
21-310,restaurant,14992.77
21-345,fast food,12922.67
21-345,restaurant,14342.08
21-400,fast food,18967.75
21-400,restaurant,11381.08
21-404,fast food,10981.17
21-404,restaurant,10459.15
21-411,restaurant,22247.35
21-412,restaurant,10979.58
21-421,restaurant,11165.73
21-450,fast food,9750.65
21-450,restaurant,9382.97
21-470,restaurant,9623.88
21-504,restaurant,21105.29
21-505,fast food,13676.93
21-505,restaurant,11761.39
21-509,restaurant,13436.13
21-512,restaurant,18158.66
21-515,fast food,13310.48
21-515,restaurant,12936.67
21-518,fast food,17890.71
21-518,restaurant,25770.49
21-530,fast food,13798.71
21-532,fast food,11014.83
21-540,fast food,13313.41
21-540,restaurant,9257.94
21-542,restaurant,10894.04
21-543,fast food,11200.47
21-543,restaurant,12944.87
21-550,fast food,9102.78
21-550,restaurant,27353.35
21-560,fast food,12706.84
21-560,restaurant,10613.35
21-580,fast food,8198.97
21-580,restaurant,10099.49
22-105,restaurant,12138.48
22-107,restaurant,13885.45
22-110,restaurant,13740.9
22-114,restaurant,13627.38
22-120,fast food,15049.75
22-122,restaurant,12292.75
22-130,restaurant,10265.33
22-135,restaurant,14502.07
22-150,fast food,12397.62
22-150,restaurant,11942.77
22-151,fast food,16484.97
22-170,restaurant,11080.52
22-174,restaurant,14679.65
22-175,restaurant,8033.6
22-200,fast food,13099.32
22-200,restaurant,16242.08
22-205,restaurant,17011.43
22-230,restaurant,14502.07
22-234,restaurant,14260.66
22-235,fast food,13534.55
22-244,restaurant,15825.71
22-300,fast food,18568.51
22-300,restaurant,8653.88
22-310,restaurant,14412.66
22-315,restaurant,24621.24
22-330,fast food,14740.45
22-335,fast food,10030.8
22-335,restaurant,9896.6
22-351,restaurant,14779.93
22-360,fast food,11729.73
22-360,restaurant,9488.25
22-375,fast food,10731.17
22-375,restaurant,14851.36
22-400,fast food,11291.09
22-400,restaurant,14646.97
22-403,fast food,21294.15
22-403,restaurant,20052.95
22-413,fast food,12047.78
22-413,restaurant,13942.11
22-424,restaurant,11395.13
22-425,fast food,9632.54
22-425,restaurant,9347.52
22-435,restaurant,11150.1
22-437,fast food,11757.52
22-437,restaurant,8434.64
22-440,fast food,12567.03
22-440,restaurant,13089.64
22-442,fast food,14120.17
22-442,restaurant,23808.35
22-448,fast food,18900.68
22-460,fast food,10133.68
22-460,restaurant,11431.2
22-463,fast food,16482.2
22-470,fast food,13914.34
22-470,restaurant,20026.18
22-500,fast food,12493.76
22-500,restaurant,12053.66
22-510,restaurant,11749.7
22-530,restaurant,14848.41
22-540,restaurant,12995.09
22-550,fast food,13696.3
22-550,restaurant,15822.55
22-600,fast food,14128.98
22-600,restaurant,13181.0
22-604,fast food,10237.45
22-610,fast food,8494.08
22-610,restaurant,11689.03
22-630,fast food,10514.27
22-630,restaurant,10007.64
22-650,restaurant,9236.11
22-670,restaurant,13294.91
22-672,fast food,16271.65
22-672,restaurant,14123.38
22-680,restaurant,12521.04
23-100,restaurant,9802.68
23-107,fast food,11543.27
23-107,restaurant,7613.74
23-110,restaurant,15825.71
23-114,restaurant,13843.74
23-145,fast food,12233.07
23-145,restaurant,22418.02
23-155,fast food,13062.0
23-155,restaurant,13253.77
23-200,fast food,10077.04
23-200,restaurant,9716.08
23-202,fast food,9824.34
23-202,restaurant,11288.68
23-204,fast food,17053.6
23-204,restaurant,13890.39
23-213,restaurant,13740.9
23-235,restaurant,11197.72
23-250,restaurant,14848.41
23-251,restaurant,10458.08
23-275,restaurant,13740.9
23-300,fast food,12117.26
23-300,restaurant,10780.58
23-305,restaurant,14371.86
23-310,restaurant,14992.77
23-313,restaurant,14581.83
23-320,restaurant,15817.05
23-400,fast food,17367.73
23-400,restaurant,12638.21
23-407,fast food,13927.22
23-412,restaurant,14513.75
23-413,restaurant,17223.78
23-414,restaurant,15585.15
23-415,restaurant,13617.52
23-420,fast food,8270.69
23-420,restaurant,9194.46
23-423,restaurant,13740.9
23-425,restaurant,12215.58
23-440,restaurant,12648.17
23-450,fast food,11907.39
23-450,restaurant,14826.57
23-460,fast food,34327.51
23-460,restaurant,20085.75
24-105,fast food,17501.86
24-105,restaurant,8876.95
24-120,fast food,26877.41
24-120,restaurant,26722.81
24-123,fast food,12959.35
24-123,restaurant,20838.04
24-130,fast food,7719.58
24-130,restaurant,8649.82
24-150,fast food,9705.73
24-150,restaurant,26582.05
24-160,fast food,19448.94
24-160,restaurant,11320.2
24-173,fast food,21542.47
24-200,fast food,12367.78
24-200,restaurant,8236.3
24-204,fast food,12400.96
24-204,restaurant,10684.56
24-220,fast food,39497.39
24-220,restaurant,7621.33
24-224,restaurant,10939.37
24-300,fast food,15979.78
24-300,restaurant,26626.93
24-310,fast food,13927.22
24-313,fast food,9934.93
24-313,restaurant,9802.02
24-320,fast food,13576.88
24-320,restaurant,12763.69
24-335,fast food,27417.21
24-340,fast food,11071.38
24-340,restaurant,9972.79
24-350,restaurant,9951.99
25-002,restaurant,17705.66
25-003,restaurant,13232.93
25-004,restaurant,14476.7
25-005,restaurant,13937.33
25-006,restaurant,33403.71
25-007,fast food,29990.83
25-007,restaurant,40297.44
25-008,fast food,34648.6
25-008,restaurant,12214.51
25-009,restaurant,22722.29
25-012,restaurant,14523.7
25-014,fast food,63866.7
25-014,restaurant,14323.5
25-015,restaurant,18183.21
25-017,fast food,38016.78
25-017,restaurant,15329.45
25-018,fast food,12285.22
25-018,restaurant,16060.71
25-024,restaurant,13107.62
25-029,fast food,15503.63
25-029,restaurant,12809.58
25-031,restaurant,15793.93
25-042,restaurant,16146.25
25-106,fast food,17474.41
25-112,restaurant,22503.29
25-115,restaurant,13202.68
25-116,restaurant,12998.72
25-118,restaurant,17242.2
25-150,restaurant,13797.08
25-205,fast food,12998.38
25-211,fast food,11686.39
25-212,fast food,17097.56
25-214,restaurant,11155.89
25-219,restaurant,18619.94
25-252,restaurant,14465.91
25-303,restaurant,34896.94
25-304,restaurant,27341.85
25-305,restaurant,13967.78
25-306,restaurant,19191.61
25-308,restaurant,17208.22
25-311,restaurant,18413.01
25-312,fast food,63971.72
25-312,restaurant,23325.26
25-313,restaurant,13323.52
25-314,restaurant,17067.06
25-317,restaurant,9242.27
25-318,restaurant,11768.23
25-322,restaurant,20555.98
25-323,restaurant,56249.35
25-324,restaurant,13375.08
25-325,restaurant,14197.94
25-328,restaurant,11252.52
25-334,fast food,13123.79
25-334,restaurant,16359.39
25-339,restaurant,18428.24
25-340,restaurant,15498.17
25-343,restaurant,15457.79
25-344,fast food,11248.21
25-351,fast food,18989.01
25-351,restaurant,11268.67
25-353,restaurant,16741.79
25-354,fast food,14464.49
25-354,restaurant,12013.33
25-355,restaurant,15804.63
25-358,restaurant,11097.73
25-361,restaurant,15172.4
25-363,restaurant,17332.58
25-364,restaurant,11097.73
25-365,restaurant,12933.28
25-366,restaurant,12065.46
25-367,restaurant,22623.85
25-368,restaurant,14242.93
25-369,fast food,10728.37
25-369,restaurant,13460.65
25-372,fast food,13331.18
25-372,restaurant,11999.29
25-394,restaurant,17588.92
25-401,restaurant,18755.7
25-406,fast food,51505.7
25-406,restaurant,29375.54
25-409,restaurant,15125.53
25-414,restaurant,11473.43
25-429,restaurant,18426.5
25-432,fast food,12279.65
25-437,restaurant,12311.24
25-451,restaurant,13412.7
25-501,restaurant,15185.78
25-502,restaurant,25049.99
25-504,fast food,11079.73
25-504,restaurant,12673.24
25-505,restaurant,16027.87
25-507,fast food,21434.95
25-509,restaurant,12871.17
25-510,restaurant,11097.73
25-512,restaurant,19038.49
25-513,restaurant,14197.94
25-514,restaurant,19230.37
25-520,restaurant,14062.91
25-522,restaurant,15586.62
25-525,restaurant,13136.82
25-526,restaurant,15804.63
25-528,restaurant,16204.92
25-546,fast food,18291.35
25-546,restaurant,10424.51
25-547,restaurant,17127.14
25-549,restaurant,20413.08
25-553,restaurant,19433.06
25-558,restaurant,17765.81
25-561,restaurant,11446.88
25-565,restaurant,15886.78
25-608,restaurant,16630.94
25-614,restaurant,14273.51
25-620,restaurant,15655.96
25-622,restaurant,15823.41
25-633,restaurant,21967.02
25-634,restaurant,15894.26
25-636,fast food,33469.23
25-636,restaurant,12814.03
25-640,restaurant,15095.99
25-647,fast food,15252.66
25-650,restaurant,19803.2
25-651,restaurant,18509.58
25-659,restaurant,15804.63
25-663,restaurant,14299.9
25-671,restaurant,15541.78
25-672,fast food,13198.47
25-672,restaurant,10074.2
25-705,fast food,15708.32
25-716,restaurant,15910.46
25-723,restaurant,16412.67
25-727,restaurant,17949.04
25-729,fast food,59205.41
25-729,restaurant,19373.71
25-734,fast food,9107.2
25-734,restaurant,11867.97
25-737,restaurant,15498.17
25-801,restaurant,11302.22
25-817,restaurant,15825.71
25-900,restaurant,13713.79
26-000,restaurant,14205.98
26-001,fast food,8885.95
26-001,restaurant,12704.8
26-004,restaurant,13233.42
26-006,restaurant,17001.79
26-008,fast food,11603.35
26-008,restaurant,10984.79
26-010,restaurant,12173.0
26-015,restaurant,11083.22
26-020,fast food,14182.45
26-020,restaurant,12118.43
26-021,fast food,17428.76
26-021,restaurant,11520.11
26-025,fast food,12081.19
26-025,restaurant,19693.11
26-026,fast food,12857.59
26-026,restaurant,11576.38
26-035,restaurant,11167.05
26-050,fast food,9023.47
26-050,restaurant,10624.46
26-052,fast food,13204.64
26-052,restaurant,10581.02
26-060,fast food,9826.24
26-060,restaurant,14229.96
26-065,fast food,9596.2
26-065,restaurant,7872.64
26-067,fast food,10115.58
26-067,restaurant,7911.44
26-070,fast food,10891.35
26-070,restaurant,10179.59
26-085,fast food,10920.45
26-085,restaurant,10774.35
26-110,fast food,13012.15
26-110,restaurant,10421.0
26-120,fast food,10970.88
26-120,restaurant,11129.56
26-130,fast food,69965.23
26-130,restaurant,12437.11
26-140,fast food,43467.21
26-140,restaurant,12308.94
26-200,fast food,11343.39
26-200,restaurant,15551.46
26-212,restaurant,9023.08
26-220,restaurant,11566.4
26-225,restaurant,15671.17
26-230,fast food,11317.92
26-230,restaurant,11705.73
26-242,restaurant,13090.38
26-260,fast food,10553.68
26-260,restaurant,9637.24
26-300,fast food,11046.14
26-300,restaurant,11072.72
26-307,restaurant,14020.45
26-330,restaurant,17957.72
26-332,fast food,24586.06
26-332,restaurant,13171.76
26-333,restaurant,14992.77
26-337,fast food,12883.51
26-337,restaurant,20314.94
26-340,restaurant,11296.89
26-341,restaurant,9153.31
26-400,restaurant,8949.67
26-411,fast food,13952.16
26-411,restaurant,15470.77
26-414,restaurant,9829.65
26-420,fast food,15234.83
26-420,restaurant,11866.64
26-425,restaurant,14599.43
26-432,fast food,10061.7
26-432,restaurant,13075.89
26-500,fast food,9780.95
26-500,restaurant,18472.48
26-502,fast food,10381.77
26-502,restaurant,10420.69
26-505,restaurant,17731.3
26-600,fast food,23551.33
26-600,restaurant,18530.01
26-601,fast food,34092.08
26-601,restaurant,19142.0
26-602,fast food,50447.06
26-602,restaurant,18612.85
26-603,fast food,9922.73
26-603,restaurant,14310.86
26-604,fast food,15342.7
26-604,restaurant,18651.64
26-605,fast food,9801.25
26-605,restaurant,17610.93
26-606,restaurant,18624.25
26-609,fast food,59395.14
26-609,restaurant,30683.27
26-610,fast food,38153.01
26-610,restaurant,13629.0
26-611,fast food,55877.05
26-611,restaurant,10212.44
26-612,restaurant,12968.52
26-613,fast food,36068.75
26-613,restaurant,10609.19
26-615,fast food,11032.06
26-615,restaurant,15172.62
26-616,fast food,17900.02
26-616,restaurant,12725.55
26-617,fast food,13201.03
26-617,restaurant,10750.39
26-620,restaurant,12883.07
26-624,restaurant,15310.1
26-625,fast food,10495.03
26-625,restaurant,8393.89
26-630,fast food,19816.2
26-630,restaurant,14969.63
26-631,fast food,24707.88
26-631,restaurant,12191.87
26-634,fast food,11518.87
26-634,restaurant,26378.48
26-640,fast food,18952.63
26-640,restaurant,12472.74
26-650,restaurant,8044.44
26-652,restaurant,11322.93
26-660,fast food,12191.05
26-660,restaurant,11573.2
26-670,fast food,13677.09
26-670,restaurant,9821.45
26-680,restaurant,20434.51
26-700,fast food,8987.98
26-700,restaurant,10355.01
26-704,fast food,15590.5
26-704,restaurant,13951.67
26-720,restaurant,14741.37
26-800,fast food,10866.17
26-800,restaurant,13385.52
26-803,fast food,56118.18
26-803,restaurant,15476.49
26-804,restaurant,14992.77
26-806,restaurant,17692.69
26-900,fast food,11054.14
26-900,restaurant,11584.03
26-903,restaurant,15925.22
26-910,fast food,11016.45
26-910,restaurant,11377.91
26-930,fast food,12533.46
26-930,restaurant,12434.62
27-100,fast food,10441.77
27-100,restaurant,11077.6
27-200,fast food,14088.48
27-200,restaurant,13600.1
27-215,restaurant,11414.17
27-220,fast food,7767.07
27-220,restaurant,11760.71
27-225,fast food,14654.51
27-225,restaurant,15164.1
27-230,fast food,14601.47
27-230,restaurant,14406.13
27-300,fast food,9497.17
27-300,restaurant,7989.47
27-310,fast food,8270.59
27-310,restaurant,11237.07
27-320,fast food,12936.79
27-320,restaurant,10869.68
27-350,fast food,13463.05
27-350,restaurant,10768.57
27-400,fast food,14187.07
27-400,restaurant,14875.72
27-415,restaurant,14734.8
27-420,restaurant,15780.91
27-423,restaurant,30933.66
27-425,fast food,11628.78
27-425,restaurant,11429.94
27-440,restaurant,12551.72
27-500,fast food,10979.3
27-500,restaurant,11674.81
27-515,restaurant,13603.87
27-530,fast food,16487.0
27-530,restaurant,19329.27
27-532,restaurant,13108.42
27-540,restaurant,13638.09
27-545,fast food,14941.26
27-552,restaurant,10458.08
27-570,fast food,12437.71
27-570,restaurant,12130.44
27-580,restaurant,14361.65
27-600,fast food,19265.63
27-600,restaurant,19663.89
27-612,fast food,14602.54
27-612,restaurant,11576.37
27-620,restaurant,9415.26
27-640,fast food,7845.84
27-640,restaurant,10101.77
27-641,restaurant,12478.56
27-650,restaurant,10108.01
27-660,fast food,12292.84
27-660,restaurant,12128.38
27-670,restaurant,13771.34
28-100,fast food,10755.25
28-100,restaurant,16193.4
28-130,restaurant,11819.82
28-131,restaurant,14632.04
28-133,fast food,10731.96
28-133,restaurant,9911.36
28-136,restaurant,13225.57
28-142,restaurant,10906.22
28-160,restaurant,13880.64
28-200,fast food,8410.16
28-200,restaurant,16202.0
28-203,restaurant,10688.83
28-210,fast food,13651.45
28-210,restaurant,11397.38
28-220,fast food,35828.74
28-220,restaurant,11755.25
28-225,fast food,11247.88
28-225,restaurant,12501.44
28-230,fast food,11278.34
28-230,restaurant,7814.6
28-236,restaurant,13402.29
28-300,fast food,29477.08
28-300,restaurant,12577.28
28-305,restaurant,10181.81
28-313,restaurant,13885.45
28-330,fast food,16747.02
28-330,restaurant,18122.12
28-340,fast food,31582.39
28-340,restaurant,10105.78
28-362,restaurant,12332.46
28-363,restaurant,14992.77
28-366,fast food,12269.46
28-366,restaurant,10407.37
28-400,fast food,11946.13
28-400,restaurant,12989.58
28-411,restaurant,20041.5
28-425,fast food,10597.3
28-425,restaurant,18230.17
28-440,fast food,14723.18
28-440,restaurant,10711.42
28-500,fast food,11353.87
28-500,restaurant,14640.03
28-506,fast food,18103.42
28-530,fast food,64514.42
28-530,restaurant,10595.67
29-100,fast food,9936.87
29-100,restaurant,10913.85
29-105,fast food,9197.67
29-105,restaurant,8747.0
29-130,fast food,54111.35
29-130,restaurant,14970.03
29-135,fast food,10216.93
29-135,restaurant,12428.62
29-145,restaurant,9070.36
30-001,restaurant,25723.93
30-002,restaurant,18484.31
30-003,restaurant,12794.74
30-004,restaurant,13971.71
30-006,restaurant,14529.21
30-009,restaurant,13852.41
30-011,fast food,10464.92
30-011,restaurant,10736.95
30-012,fast food,17861.82
30-014,restaurant,12151.73
30-015,fast food,15691.08
30-017,fast food,16200.4
30-019,restaurant,12183.0
30-021,restaurant,14794.29
30-033,fast food,23335.34
30-033,restaurant,19019.68
30-038,fast food,22370.72
30-039,fast food,18595.43
30-039,restaurant,19332.88
30-047,fast food,15779.66
30-048,restaurant,10135.95
30-049,restaurant,13598.24
30-052,restaurant,11443.8
30-053,restaurant,17295.33
30-054,fast food,20574.11
30-054,restaurant,12185.8
30-055,fast food,16928.06
30-055,restaurant,16057.22
30-056,restaurant,16909.21
30-057,restaurant,18111.98
30-058,restaurant,12997.22
30-059,fast food,23884.99
30-059,restaurant,15291.67
30-060,restaurant,15598.07
30-062,restaurant,18897.07
30-063,restaurant,14469.77
30-065,fast food,14354.79
30-065,restaurant,19760.47
30-067,restaurant,14278.95
30-069,fast food,20916.01
30-070,restaurant,17717.19
30-071,fast food,14834.66
30-072,restaurant,24494.43
30-074,fast food,10467.54
30-074,restaurant,14525.16
30-075,fast food,11870.01
30-075,restaurant,24448.92
30-079,fast food,10922.7
30-079,restaurant,40408.01
30-081,restaurant,12630.79
30-091,fast food,15289.79
30-101,fast food,11747.6
30-101,restaurant,16050.33
30-102,restaurant,19226.69
30-103,fast food,54712.85
30-105,fast food,16751.15
30-105,restaurant,47532.52
30-106,fast food,16937.88
30-106,restaurant,16109.81
30-107,restaurant,12423.07
30-110,restaurant,13368.17
30-111,fast food,13060.31
30-111,restaurant,20260.7
30-114,fast food,50926.12
30-114,restaurant,14010.6
30-119,fast food,13898.79
30-119,restaurant,17342.22
30-126,restaurant,13023.29
30-128,restaurant,10662.8
30-130,restaurant,13098.5
30-133,fast food,14877.19
30-133,restaurant,23140.08
30-147,fast food,13606.07
30-148,restaurant,13259.7
30-149,fast food,19600.24
30-149,restaurant,11475.17
30-150,fast food,12807.82
30-150,restaurant,18182.39
30-199,fast food,23801.7
30-199,restaurant,14059.86
30-201,restaurant,10976.81
30-202,restaurant,14899.6
30-204,restaurant,15333.7
30-206,fast food,58773.59
30-206,restaurant,13833.44
30-211,fast food,13621.39
30-212,restaurant,50535.19
30-213,restaurant,44369.36
30-218,restaurant,28380.74
30-232,fast food,31367.78
30-239,restaurant,16066.22
30-240,fast food,11581.57
30-240,restaurant,9352.78
30-244,restaurant,9477.69
30-250,restaurant,13833.81
30-251,restaurant,21071.41
30-302,restaurant,43735.38
30-305,fast food,13507.49
30-306,fast food,26413.01
30-306,restaurant,15952.08
30-307,restaurant,25474.12
30-313,restaurant,14089.37
30-316,restaurant,14941.17
30-319,restaurant,15458.63
30-320,restaurant,16417.72
30-321,restaurant,14836.29
30-322,restaurant,26771.72
30-323,restaurant,15354.83
30-333,restaurant,21532.6
30-337,restaurant,14518.56
30-347,fast food,60510.67
30-347,restaurant,17685.82
30-348,fast food,15622.23
30-348,restaurant,19037.71
30-349,fast food,15494.81
30-349,restaurant,15859.52
30-350,fast food,15170.3
30-350,restaurant,17048.45
30-358,restaurant,11943.02
30-363,fast food,21364.16
30-363,restaurant,16039.25
30-373,fast food,15744.76
30-373,restaurant,54143.9
30-376,fast food,13839.13
30-376,restaurant,13653.98
30-377,restaurant,26667.86
30-382,fast food,49325.06
30-382,restaurant,18499.16
30-383,restaurant,18325.56
30-384,fast food,12807.09
30-384,restaurant,34852.49
30-389,fast food,25196.72
30-389,restaurant,14375.6
30-390,restaurant,10939.57
30-392,fast food,29140.91
30-392,restaurant,32093.33
30-393,restaurant,14390.57
30-394,restaurant,15420.41
30-395,restaurant,11985.08
30-398,fast food,17038.35
30-398,restaurant,18384.05
30-399,fast food,74704.31
30-399,restaurant,11748.72
30-404,restaurant,18987.63
30-408,fast food,11149.67
30-409,restaurant,14899.0
30-410,restaurant,15355.25
30-412,fast food,14837.76
30-415,fast food,14137.01
30-415,restaurant,13295.81
30-418,fast food,87207.87
30-418,restaurant,43212.7
30-422,fast food,11320.49
30-426,restaurant,10889.14
30-434,restaurant,15579.39
30-437,restaurant,17516.25
30-438,restaurant,17341.51
30-443,restaurant,18182.86
30-499,restaurant,20682.24
30-502,restaurant,16438.94
30-503,restaurant,14799.54
30-504,fast food,15574.15
30-504,restaurant,23539.23
30-506,restaurant,25658.44
30-509,restaurant,26491.56
30-510,restaurant,16871.42
30-512,restaurant,19784.61
30-516,fast food,17861.82
30-518,restaurant,20688.31
30-519,restaurant,14899.6
30-520,restaurant,15273.29
30-522,restaurant,15620.63
30-525,fast food,12078.88
30-527,restaurant,43133.3
30-529,restaurant,43277.42
30-531,restaurant,18325.41
30-532,restaurant,11295.56
30-533,restaurant,14790.36
30-535,restaurant,15451.64
30-538,fast food,12965.33
30-538,restaurant,17536.24
30-542,restaurant,16909.21
30-547,fast food,20463.02
30-547,restaurant,20138.11
30-548,fast food,15048.97
30-548,restaurant,20241.54
30-549,fast food,14856.94
30-549,restaurant,15376.78
30-551,fast food,11443.0
30-551,restaurant,16825.38
30-552,fast food,58391.59
30-552,restaurant,17261.79
30-553,restaurant,10976.81
30-554,restaurant,18548.38
30-556,fast food,23396.57
30-556,restaurant,11785.67
30-605,restaurant,13862.89
30-611,fast food,58133.55
30-611,restaurant,10494.56
30-612,restaurant,19028.22
30-619,restaurant,11070.5
30-622,restaurant,13547.5
30-624,restaurant,13248.83
30-629,restaurant,15715.76
30-633,fast food,35058.01
30-633,restaurant,30286.14
30-638,fast food,14778.08
30-638,restaurant,9663.89
30-644,fast food,97575.47
30-644,restaurant,63309.6
30-646,restaurant,11664.69
30-653,restaurant,15937.69
30-658,restaurant,14756.63
30-663,fast food,17476.99
30-663,restaurant,27456.2
30-664,restaurant,17016.24
30-668,restaurant,10664.32
30-685,restaurant,17117.04
30-686,restaurant,11925.75
30-688,restaurant,33704.06
30-694,restaurant,16886.07
30-695,restaurant,16334.58
30-698,restaurant,12621.91
30-699,restaurant,16565.76
30-701,fast food,15705.76
30-701,restaurant,19145.43
30-702,fast food,18641.63
30-702,restaurant,36899.07
30-703,fast food,25591.41
30-703,restaurant,13764.09
30-704,fast food,12527.3
30-704,restaurant,22167.91
30-705,restaurant,17197.58
30-707,fast food,13171.46
30-707,restaurant,13077.34
30-710,restaurant,17258.32
30-713,fast food,32614.07
30-713,restaurant,16864.06
30-714,restaurant,11719.53
30-716,fast food,14503.09
30-716,restaurant,20698.79
30-717,restaurant,12323.11
30-718,fast food,13325.02
30-718,restaurant,19088.71
30-720,fast food,18301.96
30-721,fast food,11426.23
30-721,restaurant,11273.37
30-722,restaurant,16384.75
30-724,restaurant,10883.71
30-725,restaurant,15737.44
30-727,restaurant,14765.76
30-728,restaurant,12011.4
30-732,fast food,24429.21
30-732,restaurant,8200.34
30-733,fast food,13901.85
30-733,restaurant,10545.66
30-740,restaurant,16070.07
30-741,fast food,10119.34
30-741,restaurant,32774.54
30-797,fast food,66795.71
30-798,fast food,18395.67
30-798,restaurant,11651.56
30-820,fast food,10893.21
30-820,restaurant,11339.25
30-827,restaurant,15804.63
30-830,restaurant,14377.51
30-835,fast food,13396.74
30-835,restaurant,10879.66
30-836,restaurant,14770.26
30-837,restaurant,16145.57
30-838,fast food,14761.59
30-838,restaurant,15640.5
30-854,restaurant,17156.5
30-857,restaurant,17244.51
30-864,fast food,12621.1
30-864,restaurant,10915.42
30-867,restaurant,16553.84
30-868,restaurant,13935.37
30-898,restaurant,28912.9
31-001,restaurant,64616.56
31-002,restaurant,55513.12
31-003,restaurant,20035.51
31-004,fast food,15384.51
31-004,restaurant,31281.07
31-005,fast food,71513.31
31-005,restaurant,28098.36
31-006,fast food,49662.3
31-006,restaurant,88283.42
31-007,fast food,21503.37
31-007,restaurant,37364.92
31-008,restaurant,58142.48
31-009,fast food,60348.2
31-009,restaurant,54626.85
31-010,fast food,66873.42
31-010,restaurant,55351.26
31-011,fast food,87321.17
31-011,restaurant,71231.15
31-013,fast food,55561.15
31-013,restaurant,79942.91
31-014,fast food,21842.82
31-014,restaurant,57408.23
31-015,restaurant,19492.63
31-016,restaurant,60420.21
31-017,restaurant,88980.06
31-018,fast food,96596.02
31-018,restaurant,76479.8
31-019,fast food,92212.77
31-019,restaurant,38188.45
31-020,restaurant,54969.5
31-021,fast food,48842.31
31-021,restaurant,48152.21
31-022,restaurant,56195.56
31-023,restaurant,16306.2
31-024,fast food,47466.22
31-024,restaurant,37113.62
31-025,restaurant,16752.0
31-026,restaurant,16040.34
31-027,fast food,16731.55
31-027,restaurant,58469.63
31-028,restaurant,13759.91
31-029,restaurant,19183.94
31-030,restaurant,14964.11
31-031,fast food,20469.88
31-031,restaurant,32806.61
31-032,fast food,51861.4
31-032,restaurant,33413.2
31-033,restaurant,33368.36
31-035,restaurant,16070.92
31-036,restaurant,16876.75
31-038,fast food,16858.65
31-038,restaurant,17570.17
31-039,fast food,16043.37
31-039,restaurant,16497.0
31-041,fast food,37987.38
31-041,restaurant,58759.58
31-042,fast food,82998.04
31-042,restaurant,69292.42
31-043,fast food,89160.26
31-043,restaurant,70907.68
31-044,fast food,105593.97
31-044,restaurant,32271.57
31-045,fast food,10958.51
31-046,restaurant,17786.85
31-047,fast food,13843.28
31-048,restaurant,93489.71
31-049,restaurant,13326.78
31-050,fast food,28791.13
31-050,restaurant,25173.15
31-052,fast food,14618.43
31-052,restaurant,27745.78
31-053,restaurant,36086.56
31-054,fast food,19214.98
31-054,restaurant,31899.03
31-055,restaurant,47221.37
31-056,fast food,78573.78
31-056,restaurant,50778.08
31-057,fast food,26935.27
31-057,restaurant,39949.0
31-058,fast food,27856.4
31-058,restaurant,75344.79
31-059,restaurant,26259.42
31-060,fast food,97627.11
31-060,restaurant,22962.13
31-061,fast food,48337.47
31-061,restaurant,29922.64
31-062,fast food,23686.26
31-062,restaurant,29210.67
31-063,restaurant,37549.25
31-064,restaurant,57087.58
31-068,fast food,17053.78
31-068,restaurant,33279.87
31-069,restaurant,40061.63
31-071,restaurant,15636.72
31-072,fast food,54113.16
31-072,restaurant,18652.15
31-101,restaurant,23139.51
31-102,fast food,27658.03
31-102,restaurant,17802.51
31-105,fast food,10402.47
31-105,restaurant,16331.84
31-106,fast food,17301.67
31-106,restaurant,23334.9
31-108,restaurant,15876.07
31-109,restaurant,24461.59
31-110,restaurant,18178.83
31-112,restaurant,12589.87
31-113,restaurant,56768.78
31-114,restaurant,15944.58
31-115,restaurant,13355.92
31-116,restaurant,68061.15
31-118,restaurant,45119.1
31-120,restaurant,19512.69
31-121,restaurant,21799.34
31-123,fast food,27377.63
31-123,restaurant,28039.43
31-124,fast food,52351.1
31-124,restaurant,44052.49
31-126,fast food,13025.23
31-128,fast food,23830.36
31-128,restaurant,48246.63
31-130,restaurant,15420.0
31-131,restaurant,13562.91
31-133,restaurant,24796.92
31-135,restaurant,15618.12
31-140,restaurant,17131.1
31-141,fast food,13108.61
31-143,fast food,14525.59
31-143,restaurant,19492.73
31-144,restaurant,14501.52
31-146,fast food,30409.12
31-146,restaurant,13780.94
31-147,restaurant,27999.44
31-148,restaurant,14817.72
31-149,restaurant,18155.12
31-150,fast food,85377.71
31-150,restaurant,42665.77
31-153,fast food,69206.01
31-153,restaurant,25845.18
31-154,fast food,87089.29
31-154,restaurant,47953.8
31-155,fast food,15599.0
31-155,restaurant,15122.29
31-156,fast food,49259.93
31-156,restaurant,31708.08
31-157,restaurant,38702.65
31-158,fast food,15778.24
31-158,restaurant,16071.01
31-159,fast food,8808.25
31-159,restaurant,10352.11
31-201,fast food,26401.69
31-201,restaurant,31494.02
31-209,fast food,18581.79
31-209,restaurant,18100.5
31-212,fast food,12464.94
31-212,restaurant,8491.27
31-213,restaurant,15191.12
31-214,fast food,31141.68
31-214,restaurant,10985.16
31-216,fast food,15267.75
31-216,restaurant,12690.72
31-221,restaurant,33763.99
31-223,fast food,18219.67
31-223,restaurant,26085.28
31-228,restaurant,18081.45
31-231,fast food,67503.5
31-231,restaurant,44285.38
31-232,restaurant,15320.34
31-234,restaurant,10675.75
31-236,fast food,38786.03
31-236,restaurant,12084.46
31-241,fast food,38470.0
31-241,restaurant,28489.44
31-242,restaurant,14391.78
31-261,restaurant,33255.57
31-263,fast food,15744.39
31-271,restaurant,15697.71
31-276,restaurant,13629.06
31-277,fast food,17857.02
31-277,restaurant,17592.23
31-279,restaurant,12517.85
31-301,restaurant,14120.73
31-305,fast food,23440.38
31-311,restaurant,14134.95
31-315,fast food,51366.81
31-318,restaurant,15481.16
31-321,restaurant,15146.49
31-323,restaurant,18227.55
31-325,restaurant,13652.21
31-328,restaurant,11324.89
31-331,restaurant,16871.42
31-334,fast food,15732.54
31-334,restaurant,14570.16
31-339,fast food,13129.7
31-339,restaurant,12729.25
31-341,restaurant,17764.89
31-343,restaurant,12726.32
31-344,restaurant,12700.03
31-345,fast food,33490.6
31-345,restaurant,16994.51
31-346,fast food,18176.89
31-346,restaurant,21757.66
31-347,fast food,21188.54
31-348,restaurant,13060.2
31-351,fast food,13325.51
31-352,restaurant,15125.53
31-356,restaurant,23994.96
31-357,restaurant,29337.36
31-358,restaurant,11104.78
31-401,restaurant,13638.94
31-403,fast food,12913.73
31-403,restaurant,29056.2
31-406,restaurant,13629.59
31-408,fast food,30961.67
31-408,restaurant,33430.56
31-416,fast food,36506.9
31-416,restaurant,28810.67
31-417,restaurant,13762.88
31-422,restaurant,12079.68
31-423,restaurant,19194.79
31-425,fast food,10595.1
31-425,restaurant,11729.02
31-431,restaurant,15320.34
31-436,restaurant,12696.68
31-443,restaurant,12932.31
31-444,fast food,15528.08
31-445,restaurant,33517.66
31-450,restaurant,13977.9
31-456,fast food,11502.84
31-462,fast food,73877.98
31-462,restaurant,9258.8
31-469,fast food,16365.63
31-481,restaurant,15680.48
31-501,fast food,19769.55
31-504,restaurant,12351.94
31-505,fast food,19007.23
31-505,restaurant,19113.44
31-506,restaurant,14841.23
31-508,restaurant,14056.85
31-509,restaurant,48978.95
31-510,fast food,17705.69
31-510,restaurant,24924.37
31-511,fast food,41804.91
31-511,restaurant,21477.71
31-512,restaurant,16871.54
31-513,restaurant,13939.33
31-514,fast food,13209.48
31-516,fast food,11572.49
31-516,restaurant,13812.63
31-517,fast food,15580.39
31-518,restaurant,16700.94
31-521,restaurant,15612.7
31-525,restaurant,19742.2
31-526,restaurant,13743.3
31-530,fast food,16249.07
31-530,restaurant,20110.21
31-531,restaurant,15440.29
31-532,fast food,14092.16
31-532,restaurant,16448.45
31-535,restaurant,13357.55
31-536,fast food,26929.48
31-536,restaurant,43920.79
31-537,fast food,16355.25
31-537,restaurant,13962.24
31-539,restaurant,13064.46
31-541,fast food,11550.56
31-542,restaurant,13320.14
31-543,restaurant,11249.81
31-545,restaurant,25767.26
31-546,restaurant,15440.29
31-547,fast food,16997.35
31-547,restaurant,35648.43
31-553,fast food,15686.23
31-553,restaurant,26315.95
31-559,fast food,13013.87
31-559,restaurant,18657.03
31-560,restaurant,14375.02
31-564,fast food,51654.53
31-564,restaurant,20807.36
31-567,fast food,14079.37
31-571,fast food,18272.02
31-571,restaurant,14947.85
31-572,fast food,46552.99
31-572,restaurant,14179.91
31-574,restaurant,15846.54
31-580,fast food,68730.88
31-580,restaurant,25046.2
31-586,fast food,18643.09
31-586,restaurant,20400.14
31-588,restaurant,16981.93
31-589,fast food,9846.1
31-589,restaurant,9714.38
31-616,fast food,12117.04
31-616,restaurant,17546.57
31-618,fast food,13168.31
31-618,restaurant,13672.46
31-620,restaurant,14228.7
31-621,restaurant,15308.91
31-623,restaurant,18467.51
31-625,restaurant,19345.6
31-626,fast food,15246.2
31-626,restaurant,11966.96
31-630,fast food,18214.2
31-630,restaurant,21516.69
31-636,fast food,12503.09
31-636,restaurant,15165.89
31-637,restaurant,66172.65
31-644,restaurant,15320.51
31-710,restaurant,16217.59
31-711,restaurant,13794.05
31-751,fast food,20193.64
31-751,restaurant,20366.99
31-752,fast food,36852.21
31-752,restaurant,11909.38
31-764,fast food,16587.48
31-764,restaurant,14066.56
31-765,restaurant,14181.65
31-801,fast food,13844.88
31-804,restaurant,54894.56
31-826,restaurant,16832.69
31-831,fast food,14244.66
31-842,restaurant,17202.97
31-858,restaurant,15440.29
31-859,restaurant,13870.63
31-861,restaurant,12105.48
31-864,fast food,15973.3
31-864,restaurant,29799.65
31-868,restaurant,19287.31
31-870,fast food,27869.37
31-870,restaurant,23109.7
31-871,fast food,16454.45
31-871,restaurant,12324.92
31-873,fast food,14113.79
31-874,restaurant,15580.23
31-875,restaurant,27691.95
31-876,fast food,79876.54
31-876,restaurant,22282.29
31-877,fast food,12920.9
31-877,restaurant,15476.6
31-878,fast food,23849.17
31-878,restaurant,22616.56
31-907,restaurant,19327.04
31-908,fast food,22517.36
31-917,fast food,16937.88
31-924,restaurant,14836.29
31-927,restaurant,13432.44
31-931,restaurant,12531.82
31-932,fast food,15725.71
31-933,fast food,17138.5
31-934,fast food,36660.38
31-934,restaurant,33146.81
31-939,restaurant,15032.49
31-947,restaurant,12930.16
31-948,restaurant,27776.22
31-949,restaurant,19086.99
31-957,restaurant,10704.06
31-968,fast food,18089.11
31-968,restaurant,11842.52
31-976,restaurant,16909.21
31-977,fast food,13016.27
31-977,restaurant,15084.84
31-978,fast food,15068.44
31-978,restaurant,16482.53
31-979,fast food,10992.98
31-979,restaurant,27823.74
31-982,restaurant,31017.66
31-987,restaurant,11755.94
31-990,fast food,11739.45
31-990,restaurant,11582.4
31-998,restaurant,19570.58
32-002,fast food,14875.24
32-002,restaurant,26398.7
32-003,restaurant,18833.81
32-005,fast food,18160.02
32-005,restaurant,16488.84
32-010,fast food,10236.79
32-010,restaurant,14142.41
32-014,fast food,16180.94
32-014,restaurant,11423.35
32-015,fast food,72488.32
32-015,restaurant,12392.51
32-020,fast food,17508.82
32-020,restaurant,24448.81
32-031,fast food,69711.79
32-031,restaurant,25314.52
32-040,fast food,16332.85
32-040,restaurant,9138.4
32-043,fast food,8901.69
32-043,restaurant,13857.71
32-045,fast food,12211.27
32-045,restaurant,26006.19
32-047,fast food,18205.64
32-047,restaurant,33734.91
32-048,fast food,22501.04
32-048,restaurant,20484.36
32-050,fast food,22851.13
32-050,restaurant,13562.46
32-051,fast food,14090.99
32-051,restaurant,7838.57
32-052,fast food,44766.9
32-052,restaurant,13837.99
32-060,fast food,18340.26
32-060,restaurant,31182.34
32-064,fast food,16725.46
32-064,restaurant,11138.85
32-065,fast food,15463.01
32-065,restaurant,14162.06
32-067,fast food,15821.45
32-067,restaurant,11597.06
32-070,fast food,12019.11
32-070,restaurant,17106.24
32-071,fast food,56604.73
32-071,restaurant,11831.88
32-075,restaurant,10305.1
32-080,fast food,16330.74
32-080,restaurant,17187.44
32-082,fast food,11224.69
32-082,restaurant,10359.51
32-083,fast food,79074.78
32-083,restaurant,76488.13
32-084,fast food,85805.71
32-084,restaurant,9186.19
32-085,fast food,41824.8
32-085,restaurant,26962.55
32-086,fast food,16121.28
32-086,restaurant,21678.22
32-087,fast food,10851.66
32-087,restaurant,21029.67
32-088,fast food,13075.89
32-088,restaurant,10466.83
32-089,fast food,12712.85
32-089,restaurant,10807.98
32-090,fast food,9887.38
32-090,restaurant,8805.31
32-091,restaurant,19978.82
32-095,fast food,58571.1
32-095,restaurant,8175.37
32-100,fast food,13322.14
32-100,restaurant,8985.72
32-104,restaurant,9819.77
32-120,fast food,11644.8
32-120,restaurant,9202.74
32-125,fast food,17288.04
32-125,restaurant,18884.99
32-130,fast food,10050.81
32-200,fast food,19673.81
32-200,restaurant,21565.4
32-210,restaurant,11150.83
32-218,restaurant,14005.04
32-222,restaurant,10100.49
32-241,fast food,66153.14
32-241,restaurant,12616.38
32-250,restaurant,13740.9
32-300,fast food,14950.1
32-300,restaurant,13479.72
32-310,fast food,14767.51
32-310,restaurant,13602.53
32-327,fast food,21252.18
32-327,restaurant,16367.23
32-329,fast food,13942.49
32-329,restaurant,10627.51
32-332,fast food,20322.82
32-332,restaurant,8731.63
32-340,fast food,10620.05
32-340,restaurant,15061.56
32-353,restaurant,14992.77
32-410,fast food,17951.33
32-410,restaurant,16775.81
32-412,fast food,9901.47
32-412,restaurant,11144.62
32-415,restaurant,17583.6
32-420,fast food,17288.24
32-420,restaurant,17286.63
32-425,restaurant,13132.18
32-431,restaurant,10966.43
32-432,restaurant,12754.72
32-433,fast food,56882.71
32-433,restaurant,8933.88
32-434,fast food,7881.32
32-434,restaurant,10700.91
32-436,restaurant,11570.8
32-440,fast food,8658.07
32-440,restaurant,10257.31
32-442,fast food,12126.23
32-442,restaurant,15018.06
32-444,restaurant,19955.16
32-445,restaurant,37728.01
32-447,fast food,12171.76
32-447,restaurant,11934.37
32-500,fast food,19623.48
32-500,restaurant,15743.71
32-501,fast food,10869.0
32-501,restaurant,13287.79
32-503,fast food,12609.64
32-503,restaurant,12351.62
32-540,fast food,27625.29
32-540,restaurant,20339.35
32-545,fast food,12079.51
32-545,restaurant,14623.35
32-551,restaurant,11079.37
32-552,restaurant,13356.48
32-555,fast food,17707.22
32-555,restaurant,11151.5
32-566,fast food,15612.31
32-566,restaurant,8291.0
32-590,fast food,9858.83
32-590,restaurant,9830.14
32-593,restaurant,7548.88
32-600,fast food,20494.38
32-600,restaurant,21316.44
32-607,restaurant,12634.5
32-608,restaurant,55628.96
32-615,fast food,12670.71
32-615,restaurant,11789.17
32-620,fast food,17274.24
32-620,restaurant,15352.88
32-625,fast food,10321.5
32-625,restaurant,9704.88
32-626,fast food,16899.87
32-626,restaurant,24590.91
32-640,fast food,69690.02
32-640,restaurant,18104.45
32-641,restaurant,8830.19
32-650,fast food,16692.38
32-650,restaurant,18205.3
32-651,restaurant,13490.67
32-652,restaurant,8340.41
32-660,fast food,11774.78
32-660,restaurant,10069.47
32-661,restaurant,17030.36
32-700,fast food,13211.88
32-700,restaurant,14818.34
32-720,fast food,16056.69
32-720,restaurant,14971.55
32-724,fast food,12400.95
32-724,restaurant,9697.26
32-731,fast food,10482.08
32-731,restaurant,10412.74
32-740,fast food,13991.99
32-740,restaurant,9173.02
32-742,restaurant,13664.02
32-744,restaurant,11780.22
32-765,fast food,15288.23
32-800,fast food,24422.67
32-800,restaurant,15891.51
32-813,fast food,13339.51
32-813,restaurant,16343.85
32-823,restaurant,16539.51
32-824,fast food,12701.04
32-824,restaurant,12620.35
32-825,fast food,10667.56
32-830,fast food,9439.44
32-830,restaurant,10126.48
32-840,fast food,18845.01
32-840,restaurant,17790.01
32-842,restaurant,12929.53
32-852,restaurant,12445.31
32-854,restaurant,14609.72
32-859,restaurant,11968.33
32-860,restaurant,16371.21
32-861,fast food,10421.69
32-861,restaurant,15248.27
32-863,restaurant,24460.53
32-864,fast food,8567.97
32-864,restaurant,12090.09
32-865,fast food,11988.02
33-103,fast food,58238.41
33-103,restaurant,16293.66
33-111,fast food,13173.11
33-111,restaurant,8545.83
33-112,fast food,10601.43
33-112,restaurant,11027.15
33-113,fast food,14017.78
33-113,restaurant,13632.89
33-115,fast food,15994.89
33-121,restaurant,16965.64
33-122,restaurant,13755.92
33-130,fast food,11310.28
33-130,restaurant,18038.98
33-131,restaurant,11330.73
33-132,restaurant,10494.71
33-140,restaurant,16489.42
33-150,restaurant,16139.08
33-151,restaurant,14078.09
33-152,fast food,18865.28
33-152,restaurant,11556.72
33-156,fast food,12309.86
33-156,restaurant,17121.49
33-160,fast food,11089.81
33-160,restaurant,10042.58
33-161,restaurant,13284.69
33-163,restaurant,12361.83
33-170,fast food,12816.03
33-170,restaurant,21174.09
33-171,fast food,11872.37
33-171,restaurant,11165.66
33-172,restaurant,13426.28
33-180,restaurant,16470.61
33-190,fast food,12240.67
33-190,restaurant,13652.74
33-200,fast food,12060.33
33-200,restaurant,14324.99
33-206,fast food,11346.72
33-206,restaurant,11194.92
33-207,restaurant,10458.08
33-210,restaurant,11175.91
33-220,restaurant,40709.36
33-230,fast food,10742.41
33-230,restaurant,10257.11
33-240,fast food,19694.78
33-240,restaurant,18052.32
33-260,restaurant,15059.41
33-262,restaurant,15339.47
33-311,restaurant,12806.97
33-312,fast food,12152.37
33-312,restaurant,14191.86
33-314,restaurant,9893.98
33-316,fast food,12812.79
33-316,restaurant,13087.15
33-318,fast food,13207.31
33-318,restaurant,13528.16
33-322,restaurant,10287.28
33-330,fast food,8163.39
33-330,restaurant,8767.02
33-331,restaurant,14361.79
33-332,fast food,12167.31
33-332,restaurant,13019.71
33-333,restaurant,7686.37
33-334,fast food,14969.15
33-334,restaurant,11120.77
33-335,fast food,10043.29
33-335,restaurant,18237.39
33-336,restaurant,10654.48
33-340,fast food,26712.92
33-340,restaurant,15858.17
33-343,fast food,12032.83
33-343,restaurant,12007.75
33-350,fast food,11410.75
33-350,restaurant,26229.8
33-370,fast food,9565.62
33-370,restaurant,15386.63
33-380,fast food,10352.08
33-380,restaurant,20961.85
33-383,fast food,31429.77
33-383,restaurant,18331.44
33-386,fast food,11266.47
33-386,restaurant,14725.05
33-388,restaurant,23409.32
33-389,restaurant,10771.22
33-390,restaurant,10523.28
33-393,fast food,12125.5
33-394,restaurant,13328.02
33-395,fast food,18041.73
33-395,restaurant,14650.43
34-100,fast food,15471.37
34-100,restaurant,14379.66
34-103,fast food,73647.33
34-103,restaurant,13154.03
34-106,restaurant,11657.09
34-114,restaurant,12179.91
34-116,restaurant,10579.97
34-120,fast food,15888.92
34-120,restaurant,14936.54
34-122,restaurant,13727.75
34-123,fast food,12388.4
34-123,restaurant,13514.36
34-124,restaurant,12551.78
34-125,restaurant,26669.85
34-130,fast food,13139.7
34-130,restaurant,13327.77
34-141,fast food,11804.64
34-141,restaurant,17884.39
34-142,fast food,14287.97
34-143,restaurant,24385.83
34-146,restaurant,14412.66
34-200,fast food,13903.15
34-200,restaurant,11015.64
34-205,restaurant,9904.87
34-206,fast food,18230.76
34-210,restaurant,13346.15
34-211,fast food,12585.77
34-211,restaurant,10234.4
34-220,restaurant,9786.77
34-222,fast food,15906.97
34-222,restaurant,31410.76
34-231,restaurant,12415.79
34-232,fast food,14781.12
34-232,restaurant,14338.83
34-233,restaurant,16494.12
34-234,restaurant,12391.24
34-235,restaurant,19043.05
34-236,restaurant,15024.4
34-240,fast food,7681.12
34-240,restaurant,12388.51
34-242,restaurant,13284.69
34-300,fast food,18799.61
34-300,restaurant,16540.43
34-311,restaurant,9231.32
34-312,fast food,19150.51
34-312,restaurant,17689.32
34-321,fast food,11552.36
34-321,restaurant,12559.86
34-322,restaurant,11167.02
34-323,restaurant,9758.75
34-324,fast food,8854.9
34-324,restaurant,15577.37
34-325,fast food,13955.71
34-325,restaurant,8929.97
34-326,fast food,11223.77
34-326,restaurant,11664.32
34-331,restaurant,13213.51
34-335,restaurant,17908.17
34-340,fast food,9589.3
34-340,restaurant,15417.18
34-350,fast food,11820.52
34-350,restaurant,24522.3
34-360,fast food,11363.67
34-360,restaurant,17620.93
34-370,fast food,14016.52
34-370,restaurant,17167.0
34-371,restaurant,14967.07
34-373,restaurant,14749.16
34-382,fast food,26541.44
34-382,restaurant,14372.92
34-383,restaurant,14786.46
34-400,fast food,24243.35
34-400,restaurant,17309.03
34-404,fast food,43030.18
34-404,restaurant,23757.5
34-405,fast food,16702.76
34-405,restaurant,43551.61
34-406,fast food,19904.68
34-406,restaurant,11377.11
34-407,restaurant,14296.59
34-424,fast food,19303.78
34-424,restaurant,27565.91
34-425,fast food,17497.25
34-425,restaurant,26037.58
34-431,fast food,13036.42
34-431,restaurant,17735.58
34-432,restaurant,14151.31
34-434,fast food,11022.67
34-434,restaurant,11462.86
34-435,fast food,12163.48
34-435,restaurant,11538.69
34-436,fast food,12435.52
34-436,restaurant,9155.57
34-440,fast food,25380.19
34-440,restaurant,30626.12
34-441,fast food,42195.87
34-441,restaurant,38842.08
34-442,restaurant,13479.82
34-443,fast food,10833.6
34-443,restaurant,17718.91
34-450,fast food,13187.59
34-450,restaurant,11323.27
34-451,fast food,10270.29
34-451,restaurant,9587.63
34-452,fast food,12529.01
34-452,restaurant,11728.01
34-460,fast food,14723.23
34-460,restaurant,23344.63
34-470,fast food,14332.19
34-470,restaurant,20083.91
34-471,fast food,13352.14
34-471,restaurant,14258.53
34-480,fast food,17199.54
34-480,restaurant,12374.23
34-481,restaurant,12318.95
34-483,restaurant,12463.44
34-511,fast food,74002.58
34-511,restaurant,22954.47
34-512,restaurant,36866.35
34-513,restaurant,30675.09
34-514,restaurant,10990.58
34-520,fast food,58514.91
34-520,restaurant,24384.36
34-521,fast food,41823.95
34-521,restaurant,21594.41
34-530,restaurant,30508.78
34-531,fast food,10620.04
34-531,restaurant,20182.02
34-532,fast food,14070.25
34-532,restaurant,18826.29
34-600,fast food,9621.78
34-600,restaurant,15388.3
34-602,restaurant,11811.48
34-603,restaurant,14393.43
34-604,fast food,30585.03
34-604,restaurant,17230.98
34-606,restaurant,14992.77
34-607,restaurant,17739.83
34-608,fast food,17830.66
34-608,restaurant,14033.25
34-615,restaurant,15175.55
34-620,restaurant,10357.38
34-623,fast food,9602.38
34-623,restaurant,18676.64
34-642,restaurant,10009.31
34-643,fast food,11671.76
34-643,restaurant,21376.41
34-650,fast food,8109.05
34-650,restaurant,7990.29
34-652,restaurant,13322.59
34-654,restaurant,11743.39
34-700,fast food,14876.36
34-700,restaurant,19126.49
34-713,fast food,13743.52
34-713,restaurant,10802.58
34-721,fast food,14333.66
34-721,restaurant,11139.97
34-730,fast food,17733.84
34-730,restaurant,22287.73
34-733,fast food,13007.88
34-735,fast food,9515.18
34-736,fast food,10564.92
34-736,restaurant,12675.6
34-741,fast food,11794.05
34-741,restaurant,20641.04
34-745,restaurant,15151.65
35-001,fast food,128508.58
35-001,restaurant,22014.72
35-002,restaurant,15429.36
35-005,fast food,24693.03
35-005,restaurant,13914.06
35-006,restaurant,14697.43
35-010,fast food,13671.13
35-010,restaurant,13182.94
35-011,restaurant,15501.48
35-015,restaurant,33108.91
35-016,restaurant,40676.73
35-021,fast food,17426.65
35-021,restaurant,12046.3
35-025,fast food,22100.19
35-025,restaurant,33706.81
35-030,fast food,44954.7
35-030,restaurant,43926.5
35-032,fast food,12574.52
35-032,restaurant,16236.86
35-036,fast food,18490.05
35-036,restaurant,12229.01
35-040,restaurant,22311.08
35-045,restaurant,20185.98
35-046,fast food,20438.43
35-051,restaurant,13063.11
35-055,restaurant,17836.26
35-060,restaurant,17229.69
35-061,restaurant,76283.85
35-064,fast food,82449.44
35-064,restaurant,28501.51
35-068,fast food,30927.3
35-068,restaurant,25705.55
35-069,restaurant,35129.11
35-070,restaurant,22443.92
35-073,fast food,16124.01
35-073,restaurant,27763.25
35-074,restaurant,19580.61
35-078,fast food,34270.66
35-078,restaurant,45301.16
35-082,fast food,42377.29
35-082,restaurant,11372.24
35-083,fast food,13336.12
35-083,restaurant,26301.8
35-084,restaurant,18598.38
35-086,restaurant,17398.34
35-103,fast food,21799.9
35-103,restaurant,11272.23
35-105,fast food,24078.41
35-105,restaurant,14485.07
35-106,restaurant,15630.87
35-111,fast food,12652.65
35-111,restaurant,20470.87
35-112,restaurant,16510.41
35-113,restaurant,15501.48
35-115,fast food,18963.38
35-116,restaurant,13692.48
35-118,restaurant,15765.85
35-119,fast food,15947.39
35-119,restaurant,15708.76
35-201,restaurant,16739.6
35-203,restaurant,15460.14
35-205,restaurant,15173.98
35-206,fast food,16070.26
35-207,restaurant,14344.67
35-209,restaurant,20411.44
35-211,fast food,18159.86
35-222,fast food,17701.85
35-222,restaurant,14276.58
35-225,restaurant,16135.37
35-231,restaurant,18951.18
35-232,restaurant,20763.97
35-234,fast food,18115.34
35-234,restaurant,12159.03
35-241,restaurant,17313.0
35-301,restaurant,16790.27
35-302,fast food,20139.4
35-302,restaurant,10822.45
35-304,fast food,13996.93
35-304,restaurant,14100.16
35-305,restaurant,14163.1
35-307,restaurant,20808.66
35-309,fast food,35745.5
35-309,restaurant,16686.05
35-310,fast food,18466.44
35-310,restaurant,16675.79
35-311,fast food,23249.05
35-311,restaurant,15355.71
35-312,restaurant,26177.04
35-315,fast food,69637.91
35-315,restaurant,29265.33
35-317,fast food,13822.57
35-317,restaurant,10002.12
35-321,fast food,15979.63
35-322,fast food,14524.53
35-322,restaurant,11652.88
35-326,fast food,20116.04
35-326,restaurant,24112.72
35-328,restaurant,11838.22
35-329,restaurant,24718.58
35-330,fast food,11594.85
35-330,restaurant,16850.61
35-410,restaurant,15765.85
35-505,fast food,27460.38
35-505,restaurant,18564.66
35-506,fast food,16943.96
35-508,restaurant,16224.86
35-509,fast food,39609.3
35-509,restaurant,13857.2
35-511,fast food,13884.43
35-512,restaurant,15910.46
35-515,restaurant,12170.86
35-601,fast food,13282.6
35-603,restaurant,12923.45
35-604,fast food,15186.7
35-604,restaurant,11477.33
35-606,restaurant,15125.53
35-615,fast food,47738.87
35-615,restaurant,21361.42
35-620,restaurant,15173.59
35-959,fast food,26562.78
35-959,restaurant,12671.86
36-001,fast food,11894.75
36-001,restaurant,10664.62
36-002,restaurant,15990.91
36-007,fast food,16217.24
36-007,restaurant,19386.1
36-016,restaurant,12765.37
36-020,fast food,15585.39
36-020,restaurant,15268.6
36-024,fast food,11899.14
36-024,restaurant,11374.82
36-025,restaurant,15190.75
36-030,fast food,11276.29
36-030,restaurant,9398.12
36-040,fast food,12658.62
36-040,restaurant,12247.17
36-042,restaurant,9993.02
36-046,fast food,14817.05
36-046,restaurant,14618.82
36-047,restaurant,9204.32
36-050,fast food,23406.8
36-050,restaurant,10059.48
36-051,restaurant,15003.2
36-053,restaurant,10458.08
36-054,restaurant,16129.56
36-055,fast food,9530.3
36-055,restaurant,10818.56
36-060,fast food,19354.1
36-060,restaurant,22849.67
36-062,restaurant,26127.96
36-065,fast food,9103.33
36-065,restaurant,7104.77
36-067,restaurant,13175.5
36-068,restaurant,16054.81
36-071,fast food,11424.64
36-071,restaurant,9483.11
36-072,fast food,7965.73
36-072,restaurant,12572.01
36-073,restaurant,9752.61
36-100,fast food,14120.3
36-100,restaurant,8930.01
36-107,fast food,12112.82
36-107,restaurant,11296.01
36-110,restaurant,17206.31
36-130,fast food,10561.42
36-130,restaurant,13893.93
36-145,restaurant,10842.91
36-147,fast food,11322.86
36-147,restaurant,10767.5
36-200,fast food,14434.55
36-200,restaurant,10683.14
36-206,restaurant,14617.56
36-207,restaurant,11096.73
36-213,fast food,12520.98
36-213,restaurant,8175.81
36-220,restaurant,11570.1
36-221,restaurant,15780.91
36-245,restaurant,14393.43
37-100,fast food,11297.17
37-100,restaurant,15560.11
37-110,fast food,11579.34
37-110,restaurant,10177.87
37-111,fast food,8146.91
37-111,restaurant,10312.1
37-114,restaurant,14884.76
37-120,restaurant,12152.05
37-122,restaurant,10458.08
37-124,restaurant,19011.59
37-125,restaurant,12640.15
37-127,fast food,51453.23
37-127,restaurant,13133.77
37-200,fast food,14428.37
37-200,restaurant,12034.55
37-203,restaurant,13818.9
37-204,restaurant,10976.72
37-205,fast food,19329.32
37-206,restaurant,14716.84
37-207,restaurant,11197.43
37-220,fast food,10114.07
37-220,restaurant,8769.63
37-232,restaurant,14992.77
37-300,fast food,13128.47
37-300,restaurant,14942.76
37-303,fast food,12149.69
37-303,restaurant,11987.14
37-306,fast food,13506.91
37-306,restaurant,13758.61
37-310,fast food,14362.21
37-310,restaurant,9067.2
37-311,restaurant,13305.09
37-400,fast food,14225.12
37-400,restaurant,12156.43
37-403,restaurant,9817.51
37-405,fast food,24044.32
37-405,restaurant,21085.13
37-410,fast food,13092.1
37-410,restaurant,12375.08
37-413,restaurant,15825.71
37-418,restaurant,15349.93
37-420,fast food,12590.23
37-420,restaurant,10505.68
37-430,restaurant,11685.42
37-433,fast food,10407.05
37-433,restaurant,12013.4
37-450,fast food,18975.97
37-450,restaurant,13565.58
37-455,restaurant,10141.31
37-470,fast food,11367.04
37-470,restaurant,8445.95
37-514,fast food,21408.67
37-514,restaurant,10094.75
37-522,restaurant,10807.94
37-523,fast food,18227.42
37-523,restaurant,16762.4
37-530,restaurant,12620.9
37-534,restaurant,11263.33
37-550,fast food,13283.61
37-550,restaurant,7587.57
37-552,restaurant,14976.42
37-560,fast food,11755.55
37-560,restaurant,9938.59
37-562,restaurant,15378.56
37-565,restaurant,14205.98
37-600,fast food,10552.19
37-600,restaurant,10020.02
37-610,restaurant,14656.45
37-611,fast food,6704.34
37-611,restaurant,9690.33
37-620,restaurant,15127.36
37-621,restaurant,15825.71
37-627,restaurant,14751.01
37-630,fast food,10996.89
37-630,restaurant,11088.22
37-700,fast food,21745.62
37-700,restaurant,16925.5
37-705,fast food,20140.54
37-705,restaurant,21671.68
37-710,restaurant,24404.97
37-716,restaurant,14299.38
37-722,restaurant,15993.0
37-732,fast food,17147.62
37-732,restaurant,14748.42
37-734,fast food,12767.75
37-740,restaurant,11917.06
37-741,restaurant,14001.84
37-743,restaurant,12108.86
37-750,fast food,13966.45
37-750,restaurant,14057.48
38-100,fast food,15344.04
38-100,restaurant,12303.2
38-103,restaurant,15025.77
38-111,restaurant,10718.67
38-112,restaurant,16145.36
38-114,restaurant,13608.59
38-115,fast food,13450.36
38-115,restaurant,13072.62
38-120,fast food,10909.2
38-120,restaurant,9478.03
38-121,restaurant,13914.02
38-124,restaurant,10713.24
38-130,fast food,10681.89
38-130,restaurant,10620.51
38-200,fast food,12423.82
38-200,restaurant,15158.29
38-204,restaurant,10930.95
38-207,restaurant,16218.1
38-211,restaurant,15589.2
38-213,fast food,12023.2
38-213,restaurant,9247.43
38-214,restaurant,14412.66
38-220,fast food,7542.4
38-220,restaurant,10554.66
38-222,restaurant,15825.71
38-230,fast food,11396.41
38-230,restaurant,12664.8
38-232,restaurant,11599.76
38-241,restaurant,14992.77
38-242,fast food,12097.09
38-242,restaurant,13221.37
38-243,restaurant,12695.8
38-246,restaurant,11453.03
38-300,fast food,13772.59
38-300,restaurant,13375.48
38-303,fast food,14451.81
38-303,restaurant,13832.55
38-305,fast food,23105.92
38-306,restaurant,18423.35
38-307,restaurant,14338.94
38-311,restaurant,11987.04
38-312,fast food,13080.44
38-312,restaurant,11603.04
38-315,fast food,9132.93
38-315,restaurant,10835.79
38-316,restaurant,11652.81
38-320,fast food,13077.87
38-320,restaurant,13638.09
38-321,fast food,10465.6
38-331,restaurant,19647.7
38-340,fast food,9916.99
38-340,restaurant,9619.59
38-350,fast food,9758.55
38-350,restaurant,13354.87
38-400,fast food,14054.52
38-400,restaurant,13680.72
38-401,fast food,13529.52
38-401,restaurant,16541.84
38-404,fast food,9901.62
38-404,restaurant,10410.79
38-420,restaurant,22507.49
38-422,fast food,8375.25
38-422,restaurant,8478.0
38-430,fast food,19728.32
38-430,restaurant,13295.72
38-440,fast food,16285.88
38-440,restaurant,11269.89
38-450,fast food,10870.66
38-450,restaurant,8011.48
38-454,fast food,18072.26
38-454,restaurant,11853.93
38-455,restaurant,13947.26
38-457,fast food,16740.66
38-457,restaurant,10154.82
38-458,restaurant,13489.92
38-460,fast food,12525.02
38-460,restaurant,9507.44
38-462,restaurant,14241.74
38-480,fast food,11171.77
38-480,restaurant,12959.43
38-481,fast food,13645.32
38-481,restaurant,16136.33
38-485,restaurant,13528.52
38-500,fast food,17051.2
38-500,restaurant,14240.18
38-503,fast food,20645.64
38-503,restaurant,15125.67
38-505,fast food,14698.72
38-505,restaurant,15190.75
38-507,restaurant,13284.69
38-524,fast food,11516.91
38-524,restaurant,15804.31
38-530,restaurant,12157.12
38-533,restaurant,12246.58
38-535,restaurant,11954.88
38-540,fast food,11196.02
38-540,restaurant,11046.23
38-543,restaurant,12518.74
38-600,fast food,14966.31
38-600,restaurant,12341.71
38-604,restaurant,14856.43
38-606,fast food,10042.13
38-606,restaurant,9495.9
38-607,fast food,20363.95
38-607,restaurant,29665.82
38-608,fast food,19709.43
38-608,restaurant,17473.53
38-610,fast food,11818.53
38-610,restaurant,22463.81
38-623,fast food,13059.55
38-623,restaurant,12984.12
38-700,fast food,10481.99
38-700,restaurant,20437.58
38-710,restaurant,14826.18
38-712,restaurant,16494.73
38-713,fast food,12483.09
38-713,restaurant,13219.33
38-714,fast food,12971.32
38-714,restaurant,15625.3
38-722,restaurant,14189.97
39-100,fast food,12616.92
39-100,restaurant,11032.36
39-103,fast food,9603.77
39-103,restaurant,8887.55
39-107,fast food,13548.03
39-107,restaurant,13366.78
39-110,restaurant,8841.52
39-120,fast food,23217.23
39-120,restaurant,8927.02
39-200,fast food,14467.1
39-200,restaurant,16736.26
39-204,fast food,15422.02
39-204,restaurant,7935.54
39-206,restaurant,15825.71
39-207,fast food,80737.97
39-215,fast food,11114.84
39-215,restaurant,13533.58
39-216,restaurant,7919.4
39-217,restaurant,17136.8
39-218,fast food,12824.12
39-220,fast food,10532.59
39-220,restaurant,11871.81
39-223,restaurant,16251.04
39-225,restaurant,9706.45
39-230,restaurant,10535.89
39-232,restaurant,11375.75
39-300,fast food,15070.62
39-300,restaurant,12883.63
39-304,fast food,16440.41
39-304,restaurant,12831.43
39-305,restaurant,14980.51
39-306,fast food,11626.71
39-306,restaurant,11471.16
39-307,restaurant,15233.88
39-308,fast food,11895.76
39-310,fast food,11826.23
39-310,restaurant,8774.59
39-315,restaurant,11575.15
39-320,fast food,13124.33
39-320,restaurant,12302.53
39-321,fast food,9794.39
39-321,restaurant,10046.64
39-331,restaurant,11019.38
39-332,restaurant,15780.91
39-333,restaurant,17665.15
39-340,restaurant,13462.03
39-400,fast food,19062.92
39-400,restaurant,13219.51
39-410,restaurant,11191.67
39-432,fast food,21285.16
39-432,restaurant,21364.3
39-442,restaurant,15560.34
39-450,restaurant,14913.97
39-451,restaurant,11252.53
39-460,fast food,17895.27
39-460,restaurant,19743.72
40-001,restaurant,13683.24
40-002,restaurant,15387.98
40-003,fast food,14371.63
40-003,restaurant,24192.24
40-004,restaurant,17205.21
40-005,fast food,24389.31
40-005,restaurant,24289.53
40-007,fast food,15823.6
40-007,restaurant,22771.55
40-008,restaurant,15146.49
40-009,restaurant,24591.67
40-010,fast food,16159.88
40-010,restaurant,16939.23
40-012,fast food,25547.83
40-012,restaurant,28240.61
40-013,restaurant,30337.46
40-014,fast food,39597.85
40-014,restaurant,27885.72
40-015,restaurant,14432.09
40-017,restaurant,11316.79
40-018,fast food,13222.49
40-019,fast food,33089.75
40-019,restaurant,12736.78
40-020,restaurant,15325.16
40-022,restaurant,18181.88
40-025,restaurant,31802.23
40-026,restaurant,26221.17
40-027,restaurant,20587.42
40-028,fast food,23690.16
40-028,restaurant,21413.77
40-032,fast food,14482.56
40-032,restaurant,13592.9
40-035,restaurant,32483.6
40-036,restaurant,19227.11
40-038,restaurant,14471.2
40-039,restaurant,14195.75
40-040,restaurant,13966.63
40-042,restaurant,13980.88
40-045,restaurant,15340.55
40-047,restaurant,30069.43
40-048,restaurant,14814.71
40-049,restaurant,12839.83
40-053,restaurant,14195.75
40-059,restaurant,11285.32
40-061,restaurant,17405.23
40-062,restaurant,13304.88
40-063,restaurant,16747.36
40-064,restaurant,13612.36
40-065,fast food,16440.96
40-067,fast food,14354.68
40-071,restaurant,12518.21
40-074,restaurant,13315.97
40-077,restaurant,14351.27
40-078,fast food,33627.82
40-078,restaurant,17097.38
40-079,restaurant,26129.54
40-081,restaurant,24341.86
40-084,restaurant,19546.96
40-085,restaurant,16654.41
40-086,restaurant,13275.32
40-091,fast food,19615.0
40-091,restaurant,13131.98
40-092,fast food,20344.61
40-092,restaurant,34569.79
40-093,restaurant,17574.94
40-095,fast food,84514.25
40-095,restaurant,19528.75
40-096,restaurant,18313.92
40-097,fast food,62144.31
40-097,restaurant,43262.62
40-098,fast food,84414.81
40-098,restaurant,29245.28
40-101,fast food,94407.5
40-101,restaurant,49210.26
40-103,fast food,14983.25
40-103,restaurant,15568.56
40-104,restaurant,12949.76
40-111,restaurant,10946.55
40-114,restaurant,15602.17
40-121,restaurant,30867.06
40-132,fast food,58758.05
40-132,restaurant,18387.26
40-143,restaurant,14949.18
40-144,fast food,27368.46
40-144,restaurant,28886.23
40-145,fast food,17413.08
40-145,restaurant,11925.61
40-148,restaurant,14898.78
40-152,restaurant,14637.0
40-154,restaurant,11943.02
40-155,restaurant,12631.39
40-156,restaurant,15703.44
40-166,fast food,24689.53
40-166,restaurant,25800.87
40-172,restaurant,12452.0
40-173,fast food,11110.5
40-173,restaurant,23506.54
40-202,restaurant,32338.59
40-203,restaurant,16381.15
40-205,restaurant,15854.61
40-211,restaurant,19176.41
40-215,restaurant,9852.28
40-217,fast food,21433.83
40-217,restaurant,19047.75
40-225,fast food,16262.88
40-226,restaurant,15765.85
40-228,fast food,13716.27
40-228,restaurant,12644.5
40-235,restaurant,11588.74
40-241,restaurant,11070.5
40-246,fast food,27417.0
40-246,restaurant,19208.2
40-265,restaurant,40394.69
40-271,fast food,20544.68
40-271,restaurant,35540.29
40-281,restaurant,16513.72
40-282,fast food,64495.88
40-282,restaurant,23319.04
40-284,restaurant,14877.56
40-290,fast food,21075.79
40-291,restaurant,15302.68
40-315,fast food,82248.92
40-315,restaurant,17531.82
40-319,restaurant,16204.99
40-320,restaurant,11046.53
40-326,restaurant,39987.92
40-336,fast food,15979.63
40-384,restaurant,10023.04
40-389,restaurant,11507.53
40-412,restaurant,14631.41
40-423,restaurant,55238.07
40-464,restaurant,18967.38
40-472,restaurant,14733.58
40-474,restaurant,13563.79
40-476,restaurant,13566.52
40-479,restaurant,14856.76
40-486,restaurant,15307.43
40-487,restaurant,13801.95
40-502,restaurant,15650.59
40-507,fast food,22916.11
40-507,restaurant,14938.93
40-511,fast food,20942.17
40-527,restaurant,28976.31
40-555,fast food,12226.6
40-555,restaurant,20373.72
40-560,restaurant,31633.03
40-564,restaurant,13142.6
40-568,fast food,20849.02
40-584,restaurant,10650.03
40-585,restaurant,15538.48
40-592,restaurant,10883.71
40-599,fast food,15590.87
40-599,restaurant,11129.81
40-600,fast food,70920.23
40-600,restaurant,20535.59
40-608,fast food,35706.32
40-608,restaurant,10694.55
40-609,fast food,90511.75
40-609,restaurant,29776.19
40-612,restaurant,14379.96
40-615,restaurant,22080.84
40-616,fast food,15585.38
40-617,restaurant,13789.62
40-619,fast food,56409.64
40-619,restaurant,19849.55
40-635,restaurant,15189.2
40-645,restaurant,15888.75
40-649,restaurant,27882.26
40-659,fast food,47119.38
40-659,restaurant,13864.4
40-664,restaurant,14733.58
40-668,restaurant,35698.97
40-669,restaurant,12317.91
40-671,restaurant,14747.88
40-684,restaurant,18377.9
40-690,fast food,23996.9
40-694,restaurant,12472.31
40-698,fast food,15115.81
40-698,restaurant,12989.98
40-706,restaurant,13257.94
40-709,fast food,16252.23
40-709,restaurant,18900.0
40-717,restaurant,16363.8
40-719,fast food,12071.34
40-719,restaurant,11909.84
40-724,restaurant,11504.58
40-730,restaurant,17036.81
40-733,fast food,14129.84
40-739,restaurant,18592.83
40-742,restaurant,26953.18
40-743,restaurant,16084.45
40-748,fast food,30508.78
40-748,restaurant,11502.04
40-749,restaurant,17408.42
40-750,restaurant,20102.39
40-752,restaurant,30022.82
40-755,restaurant,11070.5
40-758,restaurant,13726.16
40-759,restaurant,14344.67
40-761,restaurant,49496.99
40-816,restaurant,14868.33
40-832,restaurant,16770.6
40-833,fast food,15503.28
40-841,restaurant,10883.71
40-844,restaurant,11091.0
40-847,fast food,19343.92
40-847,restaurant,29086.59
40-851,restaurant,12937.6
40-853,restaurant,10653.52
40-855,restaurant,14414.36
40-857,restaurant,12159.15
40-858,fast food,53296.97
40-858,restaurant,11597.07
40-859,fast food,11736.81
40-859,restaurant,11984.26
40-862,restaurant,28393.79
40-866,restaurant,14165.17
40-868,restaurant,18217.07
40-871,fast food,11823.17
40-871,restaurant,23483.42
40-872,fast food,16668.38
40-872,restaurant,10295.14
40-873,restaurant,12589.09
40-875,restaurant,29172.54
40-878,restaurant,12941.24
40-881,fast food,13483.17
40-881,restaurant,11379.04
40-887,fast food,70616.58
40-887,restaurant,11020.82
41-100,fast food,12463.32
41-100,restaurant,12991.07
41-103,fast food,12224.92
41-103,restaurant,15602.7
41-106,fast food,17311.2
41-106,restaurant,16718.95
41-200,fast food,17835.11
41-200,restaurant,18787.5
41-203,restaurant,16224.24
41-208,fast food,45448.51
41-208,restaurant,22703.88
41-209,fast food,62643.98
41-209,restaurant,12980.88
41-214,fast food,23167.73
41-214,restaurant,20030.66
41-215,fast food,12281.42
41-215,restaurant,13189.99
41-216,fast food,17014.55
41-216,restaurant,12672.73
41-218,fast food,10123.67
41-218,restaurant,12190.5
41-219,fast food,21786.18
41-219,restaurant,16355.28
41-250,fast food,59139.03
41-250,restaurant,20603.88
41-253,fast food,15443.29
41-253,restaurant,15919.51
41-260,fast food,21370.07
41-260,restaurant,11286.54
41-300,fast food,19665.83
41-300,restaurant,15833.61
41-400,fast food,12247.62
41-400,restaurant,14658.92
41-403,fast food,20536.81
41-403,restaurant,12716.68
41-407,fast food,11614.03
41-407,restaurant,17562.31
41-500,fast food,35146.84
41-500,restaurant,21572.03
41-501,fast food,13916.38
41-501,restaurant,17814.4
41-503,restaurant,13843.49
41-506,fast food,15114.72
41-506,restaurant,18300.74
41-516,restaurant,14646.14
41-600,fast food,37824.85
41-600,restaurant,23047.23
41-603,restaurant,17693.26
41-605,fast food,18366.75
41-605,restaurant,12392.03
41-608,fast food,12314.64
41-608,restaurant,14553.44
41-700,fast food,33243.97
41-700,restaurant,18620.89
41-706,fast food,20880.26
41-706,restaurant,19530.01
41-707,fast food,14802.03
41-707,restaurant,19156.03
41-709,fast food,11062.55
41-709,restaurant,12822.91
41-710,fast food,32848.54
41-710,restaurant,14464.36
41-711,fast food,33417.55
41-711,restaurant,11894.34
41-712,fast food,13713.44
41-712,restaurant,19602.45
41-717,fast food,13690.51
41-717,restaurant,20293.54
41-800,fast food,31260.47
41-800,restaurant,17144.77
41-803,fast food,12567.15
41-803,restaurant,15510.3
41-806,fast food,47463.44
41-806,restaurant,17115.47
41-807,fast food,11779.38
41-807,restaurant,14900.54
41-808,fast food,17603.9
41-808,restaurant,9421.18
41-810,restaurant,18227.8
41-811,restaurant,15583.18
41-813,fast food,46646.3
41-813,restaurant,17310.47
41-818,restaurant,11395.28
41-819,fast food,18987.4
41-819,restaurant,14794.1
41-902,fast food,27997.79
41-902,restaurant,21393.66
41-905,restaurant,15572.84
41-906,restaurant,18887.56
41-907,fast food,13042.14
41-907,restaurant,19671.67
41-909,fast food,22951.04
41-909,restaurant,18202.95
41-910,fast food,15205.0
41-910,restaurant,13022.99
41-914,fast food,15872.27
41-914,restaurant,16739.86
41-922,fast food,20378.95
41-922,restaurant,22941.11
41-923,fast food,27404.92
41-923,restaurant,12664.65
41-933,fast food,39724.06
41-933,restaurant,15413.93
41-935,fast food,14391.87
41-935,restaurant,22794.4
41-936,fast food,16425.43
41-936,restaurant,18687.9
41-940,fast food,35867.06
41-940,restaurant,17866.82
41-943,fast food,25181.96
41-943,restaurant,25525.64
41-946,fast food,16774.61
41-946,restaurant,15174.93
41-949,restaurant,18656.08
42-100,fast food,10452.61
42-100,restaurant,16022.09
42-110,fast food,28602.95
42-110,restaurant,11284.15
42-120,fast food,15049.75
42-125,fast food,8864.98
42-125,restaurant,13534.04
42-130,fast food,9782.54
42-130,restaurant,9637.81
42-134,restaurant,11363.46
42-140,restaurant,12110.23
42-141,fast food,11792.69
42-141,restaurant,14211.88
42-151,fast food,11014.83
42-152,fast food,19673.85
42-152,restaurant,21586.68
42-160,fast food,14807.48
42-160,restaurant,17231.32
42-165,fast food,13977.05
42-165,restaurant,13244.17
42-200,fast food,45761.53
42-200,restaurant,21611.06
42-202,fast food,31185.2
42-202,restaurant,19440.47
42-207,restaurant,19811.35
42-208,restaurant,19707.98
42-209,fast food,17897.71
42-209,restaurant,11856.24
42-215,fast food,27915.15
42-215,restaurant,13231.19
42-216,fast food,13390.88
42-216,restaurant,17759.03
42-217,fast food,38658.33
42-217,restaurant,17329.93
42-218,fast food,36957.3
42-218,restaurant,13907.64
42-221,fast food,17296.74
42-221,restaurant,14326.74
42-224,fast food,24752.9
42-224,restaurant,11454.72
42-226,fast food,13058.25
42-226,restaurant,33038.32
42-229,fast food,34188.83
42-229,restaurant,19320.7
42-230,restaurant,13513.45
42-233,fast food,10955.5
42-233,restaurant,12429.32
42-235,restaurant,11858.52
42-242,fast food,11523.58
42-242,restaurant,10435.89
42-244,restaurant,13117.06
42-250,restaurant,12902.91
42-253,restaurant,11584.39
42-256,fast food,11508.83
42-256,restaurant,17126.9
42-260,fast food,11688.67
42-260,restaurant,11455.49
42-261,fast food,15196.07
42-262,fast food,50713.5
42-262,restaurant,13706.07
42-263,restaurant,12866.62
42-270,fast food,11003.77
42-270,restaurant,9765.61
42-271,fast food,47822.73
42-271,restaurant,9262.99
42-274,fast food,9683.69
42-274,restaurant,13556.96
42-280,restaurant,29627.12
42-282,fast food,12833.03
42-282,restaurant,8905.29
42-283,fast food,11563.13
42-283,restaurant,9938.12
42-284,restaurant,12055.26
42-286,fast food,11385.16
42-286,restaurant,10140.41
42-287,restaurant,12989.69
42-288,restaurant,11355.45
42-290,fast food,12895.06
42-290,restaurant,15540.09
42-300,fast food,15231.63
42-300,restaurant,19690.15
42-310,fast food,11776.07
42-310,restaurant,11612.98
42-311,fast food,11973.29
42-311,restaurant,11169.28
42-320,fast food,11999.6
42-320,restaurant,30556.58
42-350,fast food,11385.03
42-350,restaurant,12587.73
42-360,fast food,11559.9
42-360,restaurant,18797.3
42-400,fast food,16843.73
42-400,restaurant,17664.36
42-421,fast food,13480.16
42-421,restaurant,14945.26
42-425,restaurant,11265.26
42-431,fast food,14061.32
42-431,restaurant,24468.79
42-436,fast food,11072.98
42-436,restaurant,10463.63
42-439,restaurant,13880.64
42-440,fast food,11674.52
42-440,restaurant,21152.69
42-445,fast food,9621.59
42-445,restaurant,8166.85
42-446,restaurant,19462.18
42-450,restaurant,13617.52
42-460,fast food,28769.22
42-460,restaurant,8372.23
42-470,fast food,17832.65
42-470,restaurant,14734.31
42-480,fast food,52276.22
42-480,restaurant,8762.55
42-500,fast food,22840.2
42-500,restaurant,13716.11
42-504,fast food,13739.69
42-504,restaurant,11407.27
42-506,restaurant,13018.35
42-510,restaurant,15800.32
42-512,restaurant,12780.25
42-520,fast food,18062.8
42-520,restaurant,16887.84
42-530,fast food,26409.63
42-530,restaurant,11829.81
42-575,fast food,23647.63
42-580,fast food,21154.36
42-580,restaurant,9869.36
42-584,restaurant,16280.59
42-595,fast food,18063.78
42-600,fast food,17502.95
42-600,restaurant,22646.71
42-603,fast food,14546.35
42-603,restaurant,34756.81
42-605,fast food,59171.83
42-605,restaurant,13942.11
42-606,fast food,18635.09
42-609,fast food,58641.26
42-609,restaurant,19518.74
42-610,restaurant,14469.48
42-612,fast food,20593.34
42-612,restaurant,29492.91
42-620,restaurant,12880.08
42-622,fast food,15688.43
42-622,restaurant,12084.69
42-624,restaurant,13002.45
42-625,fast food,61719.34
42-625,restaurant,63094.79
42-660,restaurant,10938.75
42-674,fast food,15577.96
42-674,restaurant,11986.54
42-690,restaurant,16385.55
42-693,restaurant,10452.29
42-700,fast food,13946.11
42-700,restaurant,17226.44
42-713,restaurant,15200.57
42-714,restaurant,11197.43
42-772,restaurant,13211.18
43-109,restaurant,14714.23
43-110,fast food,20472.05
43-110,restaurant,13006.38
43-140,fast food,25034.54
43-140,restaurant,11828.63
43-143,fast food,12291.36
43-143,restaurant,16737.93
43-150,fast food,11899.2
43-150,restaurant,13031.96
43-155,fast food,10562.28
43-155,restaurant,12784.02
43-170,fast food,13806.15
43-170,restaurant,22783.87
43-173,fast food,16070.83
43-173,restaurant,11166.8
43-175,fast food,21965.55
43-175,restaurant,14113.42
43-176,fast food,11156.08
43-176,restaurant,12456.68
43-178,restaurant,10209.15
43-180,restaurant,10221.07
43-190,fast food,14195.12
43-190,restaurant,20577.43
43-200,fast food,46284.11
43-200,restaurant,20548.63
43-210,fast food,10929.44
43-210,restaurant,16745.02
43-211,fast food,12887.39
43-211,restaurant,16717.85
43-215,restaurant,14162.45
43-220,restaurant,13150.59
43-225,fast food,13253.04
43-225,restaurant,13527.7
43-227,fast food,11467.16
43-227,restaurant,14411.42
43-229,restaurant,28331.68
43-230,fast food,13690.04
43-230,restaurant,27367.13
43-243,restaurant,12852.06
43-245,restaurant,14599.43
43-246,fast food,10985.49
43-246,restaurant,9729.33
43-250,fast food,18723.93
43-250,restaurant,15377.92
43-251,restaurant,8448.45
43-254,restaurant,14567.05
43-265,restaurant,14675.43
43-267,fast food,14398.22
43-267,restaurant,10022.25
43-303,fast food,63838.74
43-303,restaurant,16698.04
43-308,restaurant,21470.23
43-309,fast food,42154.88
43-309,restaurant,23039.32
43-310,fast food,13933.09
43-310,restaurant,13372.76
43-316,fast food,18177.27
43-316,restaurant,17062.62
43-318,fast food,22677.03
43-318,restaurant,26712.82
43-330,fast food,14822.48
43-330,restaurant,7874.44
43-332,fast food,14561.47
43-340,fast food,10417.54
43-340,restaurant,10694.15
43-344,fast food,19047.25
43-344,restaurant,32751.84
43-346,fast food,14412.91
43-346,restaurant,19600.03
43-353,fast food,18895.39
43-353,restaurant,19295.29
43-354,restaurant,13580.92
43-356,restaurant,24688.49
43-360,restaurant,30298.49
43-365,restaurant,10823.74
43-370,fast food,13337.63
43-370,restaurant,27367.11
43-374,fast food,8601.08
43-374,restaurant,11029.7
43-376,fast food,14375.25
43-378,fast food,10784.98
43-378,restaurant,12351.39
43-382,fast food,9916.25
43-382,restaurant,24994.28
43-384,fast food,9557.56
43-384,restaurant,17376.6
43-386,restaurant,10001.02
43-394,fast food,10466.79
43-394,restaurant,10417.38
43-400,fast food,18379.6
43-400,restaurant,15839.94
43-410,fast food,10918.0
43-410,restaurant,13662.82
43-418,restaurant,10807.94
43-419,fast food,9310.34
43-419,restaurant,22225.91
43-424,restaurant,14553.23
43-426,fast food,34856.21
43-426,restaurant,21505.37
43-430,fast food,22292.27
43-430,restaurant,17228.8
43-436,fast food,14398.61
43-438,fast food,19679.81
43-438,restaurant,21585.82
43-440,fast food,9579.06
43-440,restaurant,7559.47
43-445,restaurant,17542.31
43-470,fast food,20702.28
43-470,restaurant,28315.27
43-474,fast food,11870.45
43-474,restaurant,11575.11
43-476,fast food,18635.89
43-476,restaurant,7949.61
43-502,fast food,22429.26
43-502,restaurant,16518.5
43-512,restaurant,13507.09
43-514,restaurant,14821.46
43-516,fast food,14999.21
43-516,restaurant,10045.93
43-518,fast food,15222.8
43-520,restaurant,17386.25
43-523,fast food,10231.89
43-523,restaurant,8554.12
43-600,fast food,11240.38
43-600,restaurant,14431.68
43-602,fast food,11506.45
43-602,restaurant,12912.7
43-603,fast food,26753.99
43-603,restaurant,14231.84
43-607,fast food,70946.8
43-607,restaurant,41975.22
44-102,fast food,27406.31
44-102,restaurant,20594.93
44-103,fast food,12126.23
44-103,restaurant,11788.89
44-105,fast food,15405.72
44-105,restaurant,14301.93
44-109,restaurant,12012.21
44-113,fast food,10219.75
44-113,restaurant,8168.27
44-114,fast food,57364.56
44-114,restaurant,24436.68
44-117,restaurant,15633.93
44-119,restaurant,11816.55
44-120,fast food,17489.79
44-120,restaurant,17021.49
44-121,restaurant,11366.79
44-122,fast food,57572.56
44-122,restaurant,16415.14
44-141,restaurant,11931.45
44-144,restaurant,51087.65
44-145,fast food,7940.6
44-145,restaurant,10799.21
44-151,restaurant,11498.79
44-153,fast food,11484.51
44-153,restaurant,13884.93
44-156,fast food,15192.16
44-156,restaurant,15887.98
44-160,fast food,55719.36
44-160,restaurant,8458.21
44-164,restaurant,14205.98
44-171,restaurant,15057.82
44-172,restaurant,14484.62
44-177,restaurant,31121.26
44-178,restaurant,13280.3
44-180,fast food,9301.88
44-180,restaurant,11852.18
44-186,fast food,19662.64
44-186,restaurant,17998.57
44-187,restaurant,14170.89
44-189,restaurant,11026.43
44-190,fast food,35365.46
44-190,restaurant,15795.71
44-193,fast food,12230.85
44-193,restaurant,13618.68
44-194,fast food,13728.36
44-194,restaurant,14021.93
44-196,fast food,17782.9
44-196,restaurant,9238.15
44-200,fast food,27049.91
44-200,restaurant,19853.22
44-203,fast food,41448.85
44-203,restaurant,13528.29
44-206,fast food,17025.03
44-206,restaurant,15729.61
44-207,fast food,31217.68
44-207,restaurant,12322.37
44-210,restaurant,14314.86
44-217,restaurant,20830.92
44-230,fast food,14940.42
44-230,restaurant,9858.97
44-238,fast food,8800.22
44-238,restaurant,8682.49
44-240,fast food,22364.98
44-240,restaurant,18324.54
44-241,fast food,43125.8
44-241,restaurant,20496.2
44-244,restaurant,21061.55
44-245,fast food,11882.76
44-245,restaurant,11723.78
44-246,restaurant,11692.74
44-251,restaurant,12854.53
44-253,fast food,17730.19
44-253,restaurant,19239.82
44-264,restaurant,13411.49
44-266,restaurant,11299.01
44-268,restaurant,13480.47
44-270,fast food,27998.17
44-270,restaurant,10102.23
44-273,restaurant,14545.74
44-274,fast food,9924.16
44-274,restaurant,12047.19
44-280,fast food,26663.25
44-280,restaurant,15997.63
44-282,fast food,16998.73
44-284,restaurant,23739.77
44-286,fast food,12240.15
44-286,restaurant,10979.11
44-290,fast food,26896.38
44-290,restaurant,10811.15
44-293,fast food,17331.51
44-293,restaurant,11121.96
44-300,fast food,19030.96
44-300,restaurant,16758.86
44-304,fast food,21241.46
44-304,restaurant,14579.09
44-307,restaurant,11084.14
44-310,fast food,13079.93
44-310,restaurant,23927.58
44-313,fast food,12026.46
44-313,restaurant,15519.16
44-321,fast food,23819.87
44-321,restaurant,18783.89
44-323,restaurant,13852.73
44-325,restaurant,16721.18
44-330,fast food,12258.2
44-330,restaurant,25769.99
44-335,fast food,13686.33
44-335,restaurant,15977.39
44-336,restaurant,11316.9
44-337,fast food,15510.54
44-337,restaurant,14579.18
44-340,fast food,9938.52
44-340,restaurant,8510.12
44-341,fast food,17014.47
44-348,restaurant,11028.85
44-350,fast food,11691.95
44-350,restaurant,19378.14
44-351,restaurant,15421.05
44-352,fast food,14036.63
44-352,restaurant,11589.51
44-353,fast food,24359.8
44-353,restaurant,16656.48
44-360,fast food,21768.05
44-360,restaurant,13670.87
44-361,fast food,8288.42
44-361,restaurant,8684.25
44-362,fast food,13419.4
44-362,restaurant,13239.87
44-370,fast food,14468.85
44-370,restaurant,10470.52
45-001,fast food,26990.11
45-001,restaurant,14943.1
45-005,fast food,16092.94
45-010,restaurant,17715.06
45-024,restaurant,17074.53
45-040,fast food,51917.44
45-040,restaurant,17008.0
45-045,restaurant,19029.46
45-052,restaurant,18598.79
45-056,fast food,14130.12
45-056,restaurant,17690.47
45-057,restaurant,13492.34
45-058,fast food,12913.18
45-061,restaurant,12365.17
45-062,restaurant,26724.83
45-064,fast food,49751.19
45-064,restaurant,19904.27
45-069,restaurant,23278.28
45-072,fast food,16960.8
45-072,restaurant,18505.71
45-075,fast food,12624.77
45-075,restaurant,18435.96
45-081,restaurant,14551.15
45-123,fast food,18049.39
45-123,restaurant,21636.01
45-221,restaurant,30292.25
45-222,fast food,13481.27
45-222,restaurant,27406.88
45-231,fast food,15403.65
45-240,fast food,24757.1
45-240,restaurant,25163.97
45-266,fast food,43452.56
45-266,restaurant,25736.38
45-267,restaurant,15960.17
45-271,restaurant,15983.96
45-273,restaurant,11537.77
45-301,restaurant,14263.53
45-302,restaurant,14064.89
45-309,restaurant,20559.39
45-310,fast food,76898.43
45-310,restaurant,10625.6
45-316,restaurant,14034.71
45-323,fast food,16203.75
45-347,fast food,17378.4
45-355,restaurant,16808.2
45-368,fast food,15102.38
45-368,restaurant,11637.26
45-370,restaurant,14948.34
45-372,restaurant,17145.9
45-401,restaurant,20735.6
45-404,restaurant,15785.71
45-424,restaurant,19151.01
45-425,fast food,15323.57
45-525,restaurant,12237.01
45-531,fast food,11234.44
45-533,fast food,15489.05
45-587,restaurant,14863.77
45-594,restaurant,14545.86
45-641,fast food,12721.67
45-641,restaurant,8416.14
45-706,restaurant,27559.28
45-708,fast food,15715.93
45-708,restaurant,35125.95
45-710,restaurant,17281.3
45-715,fast food,12467.04
45-716,restaurant,13533.73
45-720,restaurant,16442.61
45-758,restaurant,18120.55
45-759,restaurant,15922.78
45-771,restaurant,13951.21
45-807,fast food,32640.79
45-819,restaurant,24416.38
45-835,fast food,28925.25
45-837,fast food,79740.17
45-837,restaurant,21742.45
45-839,restaurant,14361.74
45-850,restaurant,20867.03
45-861,restaurant,13292.27
45-960,restaurant,14243.1
46-022,fast food,27083.07
46-024,restaurant,11203.8
46-040,fast food,19403.38
46-040,restaurant,14958.36
46-042,restaurant,12885.09
46-043,fast food,13475.19
46-045,fast food,13657.15
46-045,restaurant,16603.01
46-048,restaurant,9326.85
46-050,fast food,8953.11
46-050,restaurant,9362.85
46-053,fast food,13977.34
46-053,restaurant,17093.34
46-060,fast food,35085.27
46-060,restaurant,13606.38
46-070,restaurant,15054.18
46-080,restaurant,12167.1
46-081,fast food,12974.75
46-081,restaurant,15750.1
46-083,restaurant,12516.04
46-090,restaurant,14249.89
46-100,fast food,13885.29
46-100,restaurant,15888.9
46-112,restaurant,21098.99
46-113,restaurant,13690.99
46-200,fast food,15946.18
46-200,restaurant,10069.9
46-203,fast food,14282.87
46-203,restaurant,16010.57
46-211,restaurant,13340.04
46-220,fast food,11964.04
46-220,restaurant,24861.11
46-233,restaurant,16495.86
46-243,fast food,15626.86
46-243,restaurant,13877.61
46-250,fast food,12298.79
46-250,restaurant,9613.11
46-275,restaurant,10458.08
46-280,restaurant,13281.06
46-282,fast food,13977.64
46-300,fast food,18862.39
46-300,restaurant,17830.98
46-310,restaurant,11632.79
46-312,restaurant,14741.37
46-320,fast food,15233.62
46-320,restaurant,16502.66
46-324,restaurant,14779.93
46-325,restaurant,8985.48
46-380,restaurant,7007.87
47-100,fast food,14674.21
47-100,restaurant,14870.88
47-110,restaurant,16765.77
47-120,fast food,8267.18
47-120,restaurant,8709.81
47-126,fast food,19396.45
47-126,restaurant,8140.13
47-133,fast food,10668.25
47-133,restaurant,9281.02
47-134,restaurant,15825.71
47-143,restaurant,9826.04
47-150,fast food,11100.65
47-150,restaurant,18965.55
47-154,fast food,13633.53
47-154,restaurant,18485.57
47-175,restaurant,14487.51
47-180,fast food,14762.18
47-180,restaurant,9999.32
47-200,fast food,15442.43
47-200,restaurant,19064.93
47-206,fast food,15652.99
47-206,restaurant,10932.06
47-208,fast food,50582.47
47-208,restaurant,11276.7
47-214,restaurant,9957.88
47-220,fast food,18114.83
47-220,restaurant,16296.99
47-223,restaurant,13957.61
47-224,fast food,26178.05
47-224,restaurant,15043.62
47-225,restaurant,10881.65
47-230,fast food,13218.91
47-230,restaurant,12172.09
47-232,restaurant,9137.83
47-240,restaurant,13608.59
47-244,restaurant,14090.96
47-246,restaurant,11992.3
47-253,restaurant,14599.43
47-260,fast food,13323.25
47-260,restaurant,13145.01
47-280,restaurant,11153.7
47-300,fast food,17378.0
47-300,restaurant,18955.54
47-303,restaurant,13601.81
47-316,restaurant,15045.84
47-320,fast food,10051.75
47-320,restaurant,11867.86
47-325,fast food,11794.12
47-325,restaurant,17913.45
47-330,fast food,9914.19
47-330,restaurant,13769.74
47-341,fast food,10959.75
47-341,restaurant,10021.78
47-344,restaurant,9611.06
47-364,fast food,15083.55
47-364,restaurant,11189.22
47-370,fast food,10784.76
47-370,restaurant,10443.13
47-400,fast food,18694.25
47-400,restaurant,19409.17
47-411,restaurant,13155.98
47-420,fast food,10335.71
47-420,restaurant,8730.75
47-430,restaurant,36055.03
47-435,fast food,11762.28
47-435,restaurant,13098.43
47-440,restaurant,10905.69
47-450,fast food,14014.14
47-450,restaurant,23645.55
47-451,restaurant,17250.89
47-460,restaurant,14605.99
47-470,fast food,16252.02
47-480,restaurant,16329.37
48-100,fast food,17350.84
48-100,restaurant,9804.93
48-120,fast food,10604.52
48-120,restaurant,10170.59
48-130,restaurant,11882.26
48-140,restaurant,15336.38
48-200,fast food,12438.44
48-200,restaurant,20806.27
48-210,restaurant,12527.08
48-220,restaurant,11589.08
48-231,fast food,50611.98
48-231,restaurant,17988.37
48-250,fast food,13920.58
48-250,restaurant,11791.09
48-267,fast food,15989.19
48-267,restaurant,28866.87
48-300,fast food,19925.26
48-300,restaurant,15766.72
48-303,fast food,13031.7
48-303,restaurant,20505.41
48-304,fast food,24586.94
48-304,restaurant,20369.88
48-315,fast food,15771.34
48-317,fast food,8229.24
48-317,restaurant,7578.2
48-340,fast food,8310.19
48-340,restaurant,13617.7
48-370,fast food,11897.64
48-370,restaurant,11849.36
48-385,fast food,19227.59
48-385,restaurant,11626.69
48-388,fast food,10214.77
48-388,restaurant,8587.81
49-100,fast food,65313.76
49-100,restaurant,14399.2
49-120,restaurant,13520.09
49-130,fast food,12140.52
49-130,restaurant,10591.84
49-156,restaurant,14770.58
49-200,fast food,18212.16
49-200,restaurant,22545.71
49-300,fast food,23369.45
49-300,restaurant,18112.61
49-304,fast food,15620.64
49-304,restaurant,15438.67
49-305,fast food,25508.99
49-305,restaurant,15614.99
49-306,fast food,16463.23
49-306,restaurant,10531.54
49-313,restaurant,11693.47
49-318,restaurant,9043.83
49-330,restaurant,13885.45
49-340,restaurant,16992.05
49-345,restaurant,14205.98
50-002,restaurant,14599.63
50-003,restaurant,16619.57
50-004,restaurant,12740.39
50-007,restaurant,17150.04
50-010,fast food,16236.27
50-016,fast food,20429.6
50-017,restaurant,9459.9
50-018,fast food,20867.96
50-018,restaurant,33545.46
50-019,restaurant,17524.47
50-020,fast food,13029.64
50-020,restaurant,13325.44
50-022,restaurant,17755.89
50-023,fast food,21976.52
50-023,restaurant,21723.49
50-024,restaurant,27911.59
50-027,restaurant,19040.49
50-029,fast food,46619.96
50-029,restaurant,13465.24
50-031,restaurant,15143.25
50-032,fast food,16090.27
50-033,restaurant,12531.62
50-040,restaurant,15232.03
50-043,restaurant,10330.63
50-046,restaurant,13603.22
50-048,restaurant,16696.15
50-049,fast food,12600.08
50-049,restaurant,18908.81
50-053,restaurant,32295.73
50-055,restaurant,13944.6
50-059,restaurant,15708.59
50-060,restaurant,72410.49
50-061,restaurant,45771.51
50-062,restaurant,17772.99
50-063,restaurant,19150.92
50-064,restaurant,38783.25
50-066,fast food,26709.21
50-066,restaurant,14813.65
50-067,restaurant,30732.7
50-068,fast food,51829.52
50-068,restaurant,54914.55
50-069,restaurant,58823.11
50-071,restaurant,16450.6
50-072,restaurant,48803.09
50-073,fast food,24778.04
50-073,restaurant,28788.68
50-075,fast food,19963.45
50-076,fast food,50515.8
50-076,restaurant,27574.52
50-077,restaurant,41717.47
50-078,restaurant,16844.69
50-079,fast food,37822.75
50-079,restaurant,26095.01
50-082,restaurant,16987.27
50-083,restaurant,14467.06
50-085,fast food,74691.45
50-085,restaurant,53591.4
50-086,fast food,86771.78
50-086,restaurant,45618.25
50-088,fast food,18391.6
50-088,restaurant,18284.68
50-101,fast food,80246.26
50-101,restaurant,44145.26
50-102,restaurant,87439.95
50-103,restaurant,10806.34
50-104,restaurant,18079.39
50-106,restaurant,57236.39
50-107,restaurant,45504.11
50-108,restaurant,40028.41
50-109,restaurant,12973.4
50-111,fast food,24071.88
50-111,restaurant,22238.22
50-113,fast food,29277.58
50-113,restaurant,27961.56
50-114,restaurant,23604.38
50-115,restaurant,21688.9
50-116,restaurant,26405.14
50-117,restaurant,38792.08
50-118,fast food,16998.52
50-118,restaurant,29363.66
50-119,restaurant,33340.09
50-120,fast food,20142.0
50-120,restaurant,20380.87
50-121,fast food,38846.01
50-121,restaurant,21114.49
50-122,fast food,51893.67
50-123,fast food,57892.53
50-123,restaurant,41814.3
50-125,fast food,38465.25
50-125,restaurant,35307.5
50-126,restaurant,23772.61
50-127,restaurant,41075.34
50-128,restaurant,21997.45
50-130,restaurant,49208.11
50-132,restaurant,11284.74
50-133,restaurant,52389.52
50-134,restaurant,33105.55
50-135,fast food,17081.37
50-136,restaurant,9316.89
50-137,fast food,15679.72
50-138,fast food,19689.11
50-138,restaurant,41437.05
50-139,fast food,9295.53
50-139,restaurant,19487.97
50-140,restaurant,13243.91
50-141,restaurant,29273.55
50-144,restaurant,11231.83
50-145,restaurant,18072.09
50-146,restaurant,16791.42
50-147,fast food,14311.42
50-148,fast food,19015.97
50-148,restaurant,28459.94
50-149,restaurant,16852.85
50-151,restaurant,14921.05
50-153,fast food,17181.38
50-153,restaurant,13445.63
50-155,fast food,18561.46
50-155,restaurant,35739.27
50-158,restaurant,21185.02
50-159,fast food,50226.66
50-159,restaurant,28833.7
50-202,fast food,13302.79
50-202,restaurant,43073.6
50-203,restaurant,33665.62
50-204,restaurant,14685.22
50-205,restaurant,16696.15
50-206,restaurant,14648.87
50-207,restaurant,12608.39
50-208,fast food,20831.0
50-208,restaurant,18669.73
50-215,restaurant,35570.4
50-216,restaurant,12155.97
50-217,restaurant,20725.82
50-218,restaurant,15841.57
50-221,restaurant,16525.47
50-226,restaurant,16498.56
50-231,fast food,17624.78
50-231,restaurant,9705.54
50-232,restaurant,13885.33
50-234,restaurant,13229.29
50-235,restaurant,16714.64
50-240,restaurant,14028.29
50-241,restaurant,13869.9
50-246,restaurant,12840.8
50-247,fast food,16886.9
50-248,restaurant,10432.12
50-249,restaurant,16300.95
50-251,restaurant,12793.92
50-252,restaurant,14332.78
50-253,restaurant,18342.73
50-257,restaurant,17456.59
50-258,fast food,12526.74
50-258,restaurant,13648.75
50-262,fast food,14809.75
50-262,restaurant,23171.99
50-265,fast food,17469.16
50-265,restaurant,20567.07
50-266,restaurant,29340.44
50-301,fast food,14880.06
50-301,restaurant,12158.21
50-302,fast food,14603.03
50-302,restaurant,19766.87
50-303,fast food,15367.02
50-303,restaurant,11350.85
50-304,restaurant,19789.69
50-305,fast food,14398.61
50-308,restaurant,13420.39
50-312,restaurant,15546.68
50-315,restaurant,14792.49
50-319,fast food,17513.23
50-320,restaurant,12360.32
50-323,fast food,13980.4
50-326,fast food,22472.64
50-326,restaurant,14112.74
50-327,fast food,14121.34
50-327,restaurant,24337.13
50-328,restaurant,16281.98
50-329,restaurant,50212.83
50-330,restaurant,14409.17
50-334,restaurant,13575.76
50-335,restaurant,29469.73
50-339,fast food,17240.23
50-346,restaurant,14030.01
50-348,fast food,21253.59
50-349,restaurant,19577.07
50-351,restaurant,12840.8
50-356,restaurant,12793.92
50-357,restaurant,17925.02
50-363,fast food,94514.68
50-363,restaurant,21873.95
50-364,fast food,31696.2
50-365,fast food,82795.33
50-365,restaurant,36052.08
50-366,restaurant,41618.3
50-368,restaurant,23214.24
50-369,restaurant,26743.01
50-370,fast food,13649.96
50-370,restaurant,11970.64
50-375,restaurant,13239.33
50-376,restaurant,21639.29
50-378,restaurant,33051.61
50-379,fast food,10497.95
50-379,restaurant,17253.37
50-380,fast food,31252.54
50-380,restaurant,18987.98
50-381,fast food,15914.07
50-381,restaurant,44921.29
50-382,fast food,19829.87
50-382,restaurant,23634.76
50-383,restaurant,15189.46
50-384,fast food,44456.45
50-384,restaurant,40015.4
50-406,restaurant,15662.19
50-413,restaurant,47497.65
50-414,restaurant,31010.74
50-417,fast food,16861.45
50-417,restaurant,18116.51
50-419,restaurant,20220.42
50-420,restaurant,13229.29
50-421,restaurant,11228.65
50-424,restaurant,17937.85
50-429,restaurant,15481.16
50-437,fast food,11930.22
50-438,restaurant,13113.8
50-442,restaurant,12245.97
50-449,restaurant,14783.73
50-450,restaurant,15009.19
50-451,restaurant,21624.93
50-452,restaurant,24840.2
50-454,restaurant,15288.07
50-455,restaurant,17030.94
50-456,fast food,33125.54
50-456,restaurant,8704.44
50-501,fast food,41482.27
50-501,restaurant,9166.57
50-502,fast food,10918.51
50-502,restaurant,20035.12
50-503,fast food,14723.02
50-505,restaurant,12501.71
50-512,fast food,12789.23
50-512,restaurant,19099.49
50-513,restaurant,10823.49
50-514,restaurant,12680.54
50-516,restaurant,13909.23
50-520,restaurant,9826.04
50-521,restaurant,14433.79
50-525,fast food,9125.17
50-525,restaurant,11396.18
50-527,restaurant,16610.47
50-528,restaurant,15288.07
50-529,fast food,15644.94
50-532,restaurant,15320.34
50-537,fast food,15691.08
50-539,restaurant,12279.06
50-540,fast food,12736.18
50-540,restaurant,29620.54
50-541,fast food,33307.54
50-541,restaurant,11271.41
50-542,restaurant,14792.49
50-543,fast food,12012.29
50-543,restaurant,18389.19
50-545,fast food,14127.85
50-550,restaurant,15232.03
50-551,restaurant,17627.71
50-552,fast food,13540.64
50-555,restaurant,10817.01
50-556,restaurant,19442.07
50-557,fast food,10842.76
50-557,restaurant,10812.58
50-558,fast food,63491.1
50-558,restaurant,50838.49
50-559,fast food,25500.29
50-559,restaurant,48690.24
50-568,restaurant,15186.81
50-570,fast food,17320.39
50-570,restaurant,44925.82
50-571,fast food,14660.52
51-008,restaurant,14269.29
51-109,fast food,11803.15
51-109,restaurant,12032.95
51-112,fast food,12044.66
51-112,restaurant,10367.35
51-114,fast food,20801.75
51-114,restaurant,22070.84
51-116,restaurant,17516.49
51-117,fast food,66816.02
51-117,restaurant,31845.37
51-131,restaurant,16471.82
51-137,restaurant,20089.73
51-147,restaurant,14125.17
51-152,restaurant,15722.81
51-162,fast food,13514.08
51-162,restaurant,19396.19
51-163,restaurant,13995.25
51-165,fast food,16276.19
51-167,restaurant,10883.71
51-168,fast food,61537.22
51-168,restaurant,13947.15
51-169,restaurant,21636.17
51-171,fast food,20337.99
51-180,fast food,31113.42
51-180,restaurant,10257.93
51-200,restaurant,13149.24
51-206,fast food,14531.32
51-210,restaurant,13009.21
51-214,restaurant,13577.28
51-215,restaurant,16724.09
51-216,restaurant,13728.51
51-250,restaurant,19311.74
51-310,restaurant,26258.34
51-311,restaurant,17261.01
51-312,restaurant,15528.64
51-314,restaurant,14211.19
51-315,fast food,16422.91
51-315,restaurant,21491.8
51-317,restaurant,16053.18
51-319,restaurant,19269.68
51-354,fast food,11660.85
51-354,restaurant,10659.69
51-361,fast food,16092.94
51-411,restaurant,15340.55
51-416,restaurant,10460.7
51-421,fast food,40889.74
51-421,restaurant,32749.74
51-424,restaurant,14446.47
51-501,restaurant,15703.44
51-502,restaurant,17543.33
51-503,restaurant,15793.93
51-504,restaurant,11692.89
51-505,restaurant,17164.22
51-518,fast food,15744.11
51-601,restaurant,16297.87
51-608,restaurant,16820.28
51-609,restaurant,16871.42
51-612,fast food,13404.98
51-612,restaurant,16605.38
51-618,fast food,79438.13
51-618,restaurant,62580.79
51-621,restaurant,17484.62
51-627,restaurant,14356.41
51-629,restaurant,15481.16
51-630,restaurant,12517.85
51-637,fast food,20815.26
51-639,fast food,15607.75
51-640,fast food,17530.33
51-640,restaurant,28148.47
51-641,fast food,17256.04
51-644,restaurant,10883.71
51-648,restaurant,12487.02
51-649,fast food,14240.87
51-649,restaurant,11196.96
51-662,restaurant,15732.85
51-665,restaurant,12399.05
51-669,restaurant,14431.71
51-670,restaurant,14724.6
51-671,restaurant,11917.29
51-672,fast food,22514.34
51-672,restaurant,18762.29
51-684,restaurant,14587.96
51-689,restaurant,16871.42
51-692,restaurant,17510.1
52-007,restaurant,16906.31
52-014,fast food,21237.45
52-014,restaurant,14073.9
52-015,restaurant,32248.54
52-019,fast food,28814.65
52-019,restaurant,40860.81
52-110,restaurant,16899.62
52-116,restaurant,17749.72
52-117,restaurant,14740.85
52-129,fast food,25462.9
52-129,restaurant,13766.46
52-131,restaurant,10225.72
52-200,restaurant,16654.48
52-210,fast food,23833.7
52-210,restaurant,22230.79
52-213,restaurant,12692.21
52-214,restaurant,16747.15
52-219,fast food,21076.05
52-219,restaurant,11254.42
52-226,fast food,17138.5
52-232,restaurant,22380.42
52-233,fast food,46125.7
52-233,restaurant,12381.57
52-234,restaurant,30989.71
52-235,restaurant,23665.67
52-311,restaurant,11393.2
52-314,restaurant,23045.95
52-315,restaurant,16957.79
52-316,restaurant,15804.63
52-326,restaurant,29778.0
52-401,fast food,11519.02
52-416,restaurant,18825.46
52-438,restaurant,17754.44
53-006,restaurant,15568.56
53-012,restaurant,17575.48
53-015,restaurant,10314.35
53-019,restaurant,15920.94
53-020,restaurant,16788.66
53-022,restaurant,19550.33
53-024,restaurant,13985.87
53-025,restaurant,11000.86
53-030,fast food,13938.8
53-030,restaurant,13829.4
53-031,restaurant,15930.12
53-033,fast food,35459.3
53-033,restaurant,38791.49
53-034,fast food,15642.86
53-034,restaurant,23456.46
53-110,restaurant,19846.54
53-127,fast food,15544.52
53-135,fast food,33823.17
53-135,restaurant,33591.78
53-137,fast food,22151.83
53-138,restaurant,12800.57
53-140,restaurant,13954.61
53-146,fast food,21845.53
53-148,fast food,69001.24
53-149,restaurant,12349.85
53-203,fast food,15265.84
53-206,restaurant,18152.02
53-228,restaurant,11244.35
53-231,restaurant,28110.21
53-234,fast food,21760.73
53-234,restaurant,31018.5
53-235,restaurant,27500.54
53-238,restaurant,26106.15
53-302,restaurant,14187.8
53-304,restaurant,13176.52
53-310,restaurant,17117.07
53-311,fast food,23452.52
53-312,restaurant,34777.06
53-315,restaurant,12568.8
53-320,fast food,15742.51
53-324,fast food,75367.24
53-324,restaurant,45534.11
53-325,fast food,16282.99
53-325,restaurant,16112.67
53-330,restaurant,12403.48
53-332,fast food,86274.33
53-332,restaurant,37899.56
53-333,restaurant,17860.22
53-336,fast food,13160.46
53-338,restaurant,12200.02
53-339,fast food,12538.57
53-341,restaurant,16401.59
53-342,fast food,25129.69
53-342,restaurant,16146.59
53-343,fast food,18732.42
53-343,restaurant,13247.02
53-344,restaurant,13521.61
53-345,restaurant,14648.87
53-407,restaurant,9692.96
53-413,restaurant,20680.95
53-416,restaurant,15891.84
53-417,fast food,16922.55
53-426,fast food,13659.75
53-434,restaurant,12304.49
53-437,restaurant,19492.9
53-444,restaurant,18028.41
53-504,restaurant,12761.44
53-508,restaurant,14842.93
53-516,restaurant,12486.24
53-519,restaurant,10711.05
53-525,restaurant,16696.15
53-534,restaurant,15318.35
53-601,fast food,11954.48
53-601,restaurant,10332.74
53-602,fast food,9665.8
53-602,restaurant,9462.41
53-603,restaurant,11307.5
53-605,fast food,42588.31
53-605,restaurant,37297.89
53-607,restaurant,14120.33
53-608,restaurant,18415.4
53-609,restaurant,30019.23
53-610,fast food,36078.88
53-610,restaurant,16919.39
53-611,fast food,17103.86
53-611,restaurant,9668.93
53-613,fast food,11574.61
53-613,restaurant,11213.13
53-617,restaurant,15456.64
53-630,fast food,18131.13
53-633,restaurant,10005.25
53-656,fast food,17609.54
53-656,restaurant,35417.62
53-659,restaurant,14485.27
53-671,restaurant,13737.78
53-672,restaurant,15320.34
53-674,restaurant,32486.98
53-676,restaurant,13909.97
53-680,fast food,28227.15
53-680,restaurant,17095.0
54-001,fast food,19967.09
54-001,restaurant,18767.54
54-002,fast food,17370.69
54-002,restaurant,34055.43
54-007,restaurant,13167.62
54-010,restaurant,15490.49
54-017,restaurant,13658.42
54-020,restaurant,18951.39
54-027,restaurant,22636.59
54-029,fast food,13231.8
54-029,restaurant,11138.26
54-046,fast food,51467.8
54-046,restaurant,15083.33
54-049,restaurant,18728.13
54-050,fast food,22820.52
54-054,fast food,13501.85
54-058,fast food,17795.09
54-058,restaurant,18964.29
54-059,restaurant,15008.59
54-062,fast food,18698.08
54-063,fast food,15979.63
54-066,fast food,16896.06
54-067,fast food,13350.57
54-072,fast food,14702.72
54-072,restaurant,11502.26
54-104,fast food,12682.95
54-104,restaurant,12595.71
54-106,fast food,19040.67
54-107,fast food,18807.68
54-109,fast food,18215.75
54-110,restaurant,20637.13
54-115,restaurant,11711.19
54-117,restaurant,33120.65
54-118,fast food,10998.1
54-118,restaurant,11124.53
54-129,fast food,18587.13
54-129,restaurant,10262.9
54-130,fast food,14838.46
54-130,restaurant,15923.21
54-142,fast food,12974.76
54-142,restaurant,13339.38
54-144,restaurant,11959.49
54-150,restaurant,11097.73
54-152,fast food,11242.91
54-152,restaurant,10820.92
54-156,restaurant,14195.75
54-203,restaurant,26946.38
54-204,fast food,47744.28
54-204,restaurant,40542.98
54-206,restaurant,37678.77
54-210,restaurant,14730.12
54-214,restaurant,18063.81
54-215,restaurant,10933.44
54-220,restaurant,51444.48
54-232,restaurant,41136.11
54-234,fast food,19155.04
54-234,restaurant,15951.52
54-235,restaurant,12589.87
54-237,restaurant,32166.52
54-238,fast food,21875.24
54-238,restaurant,8621.17
54-239,fast food,18712.59
54-239,restaurant,12949.76
54-314,fast food,14586.22
54-314,restaurant,8992.2
54-320,restaurant,16747.36
54-401,fast food,14063.82
54-401,restaurant,14557.51
54-402,fast food,13714.07
54-402,restaurant,15414.8
54-405,fast food,27014.79
54-405,restaurant,25225.41
54-412,restaurant,20473.77
54-413,restaurant,16431.06
54-424,restaurant,17879.82
54-432,restaurant,21621.69
54-433,restaurant,9690.1
54-434,restaurant,15413.49
54-436,restaurant,15173.59
54-440,restaurant,13781.99
54-510,restaurant,14195.75
54-512,restaurant,18650.52
54-519,fast food,12104.96
54-530,fast food,15265.39
54-530,restaurant,32439.3
54-608,restaurant,12694.26
54-610,fast food,61196.07
54-610,restaurant,33795.93
54-611,fast food,32160.47
54-611,restaurant,13528.51
54-613,restaurant,15602.17
54-615,fast food,17149.18
54-615,restaurant,12081.71
54-617,restaurant,15804.63
54-620,restaurant,14934.61
55-002,fast food,12033.78
55-002,restaurant,11211.65
55-003,fast food,22849.09
55-003,restaurant,18647.17
55-010,fast food,34823.76
55-010,restaurant,11806.31
55-011,fast food,18572.73
55-011,restaurant,12193.15
55-020,fast food,10720.54
55-020,restaurant,8890.87
55-040,fast food,76056.31
55-040,restaurant,27014.7
55-045,restaurant,15606.27
55-050,fast food,17246.9
55-050,restaurant,18190.21
55-051,fast food,12236.46
55-051,restaurant,22519.29
55-065,restaurant,10357.38
55-070,fast food,12330.89
55-070,restaurant,10947.07
55-080,fast food,28937.32
55-080,restaurant,15179.1
55-081,fast food,24979.3
55-081,restaurant,12192.24
55-090,restaurant,14945.93
55-093,fast food,12835.63
55-093,restaurant,22621.17
55-095,fast food,24683.05
55-095,restaurant,18375.47
55-100,fast food,14095.38
55-100,restaurant,15689.41
55-110,fast food,13876.45
55-110,restaurant,9581.06
55-114,fast food,42175.49
55-114,restaurant,8686.15
55-120,fast food,19288.2
55-120,restaurant,16856.09
55-140,fast food,29376.07
55-140,restaurant,9858.71
55-216,restaurant,14776.48
55-220,fast food,15160.65
55-220,restaurant,14092.67
55-300,fast food,14823.94
55-300,restaurant,11870.72
55-311,fast food,34838.46
55-330,fast food,23989.69
55-330,restaurant,11796.95
55-340,fast food,15138.88
56-100,fast food,14940.87
56-100,restaurant,14571.62
56-120,fast food,12118.69
56-120,restaurant,10609.59
56-160,restaurant,9615.22
56-200,fast food,41424.93
56-200,restaurant,14152.06
56-209,restaurant,14741.37
56-210,fast food,14588.6
56-210,restaurant,13617.52
56-215,restaurant,14848.41
56-300,fast food,14051.56
56-300,restaurant,18523.99
56-320,fast food,11180.81
56-320,restaurant,11097.28
56-330,restaurant,16523.8
56-400,fast food,25548.71
56-400,restaurant,13254.12
56-410,restaurant,9677.82
56-416,fast food,9719.69
56-416,restaurant,10102.8
56-420,fast food,10425.86
56-420,restaurant,8297.62
56-500,fast food,13460.0
56-500,restaurant,15399.49
56-504,restaurant,11193.84
56-513,fast food,11537.29
56-513,restaurant,9758.52
57-100,fast food,18081.63
57-100,restaurant,18348.3
57-120,restaurant,13608.59
57-130,fast food,14588.6
57-150,restaurant,14090.79
57-160,restaurant,12118.46
57-200,fast food,20210.99
57-200,restaurant,11722.3
57-210,fast food,13927.22
57-211,fast food,10599.89
57-215,fast food,17137.54
57-215,restaurant,14897.15
57-220,fast food,11239.06
57-220,restaurant,9658.38
57-222,fast food,15627.04
57-230,fast food,13317.79
57-230,restaurant,11893.07
57-250,fast food,21655.73
57-250,restaurant,12951.32
57-251,restaurant,23214.71
57-256,fast food,12103.69
57-256,restaurant,11886.39
57-300,fast food,19387.42
57-300,restaurant,18016.32
57-320,fast food,13513.4
57-320,restaurant,21388.27
57-330,restaurant,9343.09
57-340,fast food,9002.03
57-340,restaurant,19578.05
57-350,fast food,31207.82
57-350,restaurant,26094.54
57-362,restaurant,14848.41
57-400,fast food,10761.97
57-400,restaurant,11596.63
57-401,restaurant,9638.78
57-402,fast food,11538.29
57-402,restaurant,13263.94
57-410,restaurant,14243.13
57-411,restaurant,12787.77
57-420,fast food,11613.55
57-420,restaurant,14726.58
57-431,restaurant,13240.83
57-441,restaurant,11743.36
57-450,fast food,12252.27
57-450,restaurant,15267.78
57-500,fast food,8998.82
57-500,restaurant,8371.93
57-512,restaurant,12468.89
57-514,fast food,23023.38
57-514,restaurant,42490.38
57-516,restaurant,14151.31
57-522,restaurant,14848.41
57-530,fast food,18218.89
57-530,restaurant,8400.3
57-540,fast food,8315.14
57-540,restaurant,20171.64
57-550,fast food,20594.39
57-550,restaurant,25598.96
58-100,fast food,16774.21
58-100,restaurant,18794.29
58-105,fast food,52240.26
58-105,restaurant,11137.37
58-124,restaurant,10332.72
58-130,fast food,15637.56
58-130,restaurant,11540.45
58-140,restaurant,11586.98
58-150,fast food,26271.57
58-150,restaurant,14411.4
58-160,fast food,18102.37
58-160,restaurant,13095.62
58-173,fast food,13002.15
58-173,restaurant,12228.39
58-200,fast food,17502.77
58-200,restaurant,13559.73
58-210,fast food,11184.7
58-210,restaurant,14822.41
58-217,restaurant,12731.99
58-230,restaurant,26940.06
58-231,restaurant,15721.04
58-240,fast food,11746.61
58-240,restaurant,10218.45
58-250,fast food,9905.44
58-250,restaurant,11509.62
58-260,fast food,9629.22
58-260,restaurant,13667.57
58-300,fast food,37778.71
58-300,restaurant,23078.45
58-301,fast food,13791.45
58-301,restaurant,13719.75
58-302,restaurant,16226.41
58-303,restaurant,11804.41
58-304,fast food,20852.46
58-304,restaurant,14625.14
58-305,fast food,17766.43
58-305,restaurant,18033.84
58-306,restaurant,17924.06
58-307,fast food,24216.55
58-307,restaurant,19546.16
58-308,restaurant,13041.95
58-309,fast food,11345.96
58-309,restaurant,16563.31
58-310,fast food,12034.62
58-310,restaurant,17907.36
58-311,fast food,15610.45
58-312,fast food,14941.26
58-312,restaurant,14992.77
58-316,fast food,10887.13
58-316,restaurant,15312.49
58-320,restaurant,15467.51
58-321,restaurant,38209.27
58-330,fast food,11119.62
58-330,restaurant,10993.93
58-340,restaurant,14629.82
58-350,restaurant,9978.69
58-370,fast food,18157.36
58-370,restaurant,10003.55
58-371,restaurant,11820.39
58-379,restaurant,11764.92
58-400,fast food,11722.44
58-400,restaurant,17622.19
58-405,fast food,16657.27
58-405,restaurant,12406.34
58-407,restaurant,13818.9
58-410,fast food,15044.53
58-420,fast food,12135.24
58-420,restaurant,10242.61
58-500,fast food,21686.18
58-500,restaurant,26915.11
58-506,fast food,21169.22
58-506,restaurant,16109.75
58-508,restaurant,26916.22
58-520,fast food,11331.05
58-520,restaurant,15325.72
58-521,fast food,14076.91
58-521,restaurant,13888.59
58-530,fast food,12483.34
58-530,restaurant,14392.34
58-533,restaurant,22432.92
58-535,fast food,33325.01
58-535,restaurant,14866.73
58-540,fast food,27310.11
58-540,restaurant,34918.14
58-560,fast food,12692.33
58-560,restaurant,22393.7
58-562,restaurant,12569.5
58-564,fast food,15500.45
58-564,restaurant,45849.43
58-570,fast food,13968.1
58-570,restaurant,13525.77
58-573,restaurant,10451.9
58-580,fast food,22427.41
58-580,restaurant,36775.38
59-100,fast food,12054.97
59-100,restaurant,16985.56
59-101,fast food,19966.01
59-101,restaurant,12262.0
59-140,fast food,11088.4
59-140,restaurant,9787.1
59-150,restaurant,14741.37
59-170,fast food,8867.53
59-170,restaurant,9284.11
59-205,fast food,19374.08
59-205,restaurant,14452.16
59-216,fast food,10599.89
59-220,fast food,16167.66
59-220,restaurant,17780.58
59-222,fast food,61526.31
59-222,restaurant,14956.1
59-223,restaurant,21544.54
59-225,fast food,19001.7
59-225,restaurant,18722.02
59-226,fast food,18312.21
59-227,restaurant,14787.85
59-230,fast food,17023.98
59-230,restaurant,15493.35
59-241,fast food,45940.03
59-300,fast food,18622.93
59-300,restaurant,18813.37
59-302,fast food,32404.56
59-302,restaurant,14677.75
59-305,fast food,13205.8
59-305,restaurant,14088.57
59-307,restaurant,14683.77
59-311,fast food,13669.27
59-323,restaurant,14126.59
59-330,fast food,9379.91
59-330,restaurant,7375.86
59-335,fast food,20846.99
59-335,restaurant,23178.46
59-400,fast food,14603.19
59-400,restaurant,12445.86
59-407,fast food,12384.23
59-411,restaurant,21392.31
59-420,fast food,11621.85
59-420,restaurant,11898.8
59-424,restaurant,18236.23
59-500,fast food,14001.91
59-500,restaurant,13807.19
59-516,restaurant,10290.85
59-524,restaurant,13491.97
59-540,fast food,17284.35
59-540,restaurant,19244.39
59-550,restaurant,9848.97
59-600,fast food,13044.22
59-600,restaurant,14556.6
59-610,fast food,5984.37
59-610,restaurant,14597.04
59-620,fast food,7127.78
59-620,restaurant,14534.13
59-630,restaurant,10382.69
59-700,fast food,17437.59
59-700,restaurant,16261.13
59-703,fast food,18656.42
59-703,restaurant,20537.29
59-706,fast food,66614.07
59-706,restaurant,41330.93
59-720,restaurant,11414.52
59-724,restaurant,10389.71
59-726,restaurant,22772.9
59-730,fast food,8409.91
59-730,restaurant,16033.27
59-800,fast food,14553.49
59-800,restaurant,16157.99
59-816,restaurant,10458.08
59-820,fast food,11692.82
59-820,restaurant,13483.47
59-830,fast food,10110.77
59-830,restaurant,12006.88
59-850,fast food,24028.32
59-850,restaurant,25679.01
59-900,fast food,25102.65
59-900,restaurant,21956.76
59-901,fast food,18613.01
59-901,restaurant,16558.59
59-915,restaurant,13584.45
59-916,restaurant,14348.19
59-920,fast food,12542.94
59-920,restaurant,10560.5
59-930,fast food,13599.41
59-930,restaurant,10152.01
59-940,fast food,8469.79
59-940,restaurant,10048.98
59-950,fast food,12463.79
59-950,restaurant,11837.27
59-970,restaurant,13569.17
59-975,restaurant,16850.83
60-002,fast food,12243.64
60-003,restaurant,15182.67
60-004,fast food,69535.39
60-004,restaurant,16962.1
60-012,fast food,17389.14
60-101,fast food,14697.01
60-101,restaurant,13833.15
60-104,fast food,52914.14
60-104,restaurant,20063.94
60-116,restaurant,14605.46
60-122,fast food,16551.74
60-125,restaurant,12550.88
60-126,restaurant,18605.92
60-131,fast food,14561.59
60-136,restaurant,14277.14
60-139,restaurant,16871.42
60-142,restaurant,14460.36
60-143,restaurant,14481.07
60-147,restaurant,11917.29
60-149,restaurant,14899.6
60-158,restaurant,10976.81
60-159,fast food,17472.31
60-159,restaurant,11321.28
60-161,fast food,12249.79
60-161,restaurant,9902.77
60-164,restaurant,13276.22
60-166,fast food,14613.81
60-166,restaurant,16300.57
60-171,restaurant,18188.47
60-175,fast food,12941.48
60-175,restaurant,9278.3
60-178,restaurant,12141.31
60-179,fast food,15249.65
60-179,restaurant,18944.32
60-185,fast food,50405.76
60-185,restaurant,15816.28
60-189,fast food,14504.08
60-189,restaurant,54251.26
60-193,fast food,25726.39
60-194,restaurant,13841.45
60-195,fast food,12412.99
60-195,restaurant,11441.93
60-197,fast food,80334.19
60-197,restaurant,21849.14
60-198,fast food,20721.15
60-198,restaurant,27384.2
60-201,fast food,16500.64
60-201,restaurant,15537.2
60-204,restaurant,11295.08
60-205,fast food,12852.49
60-215,restaurant,15221.57
60-216,restaurant,15481.16
60-218,restaurant,13907.36
60-221,restaurant,11759.76
60-231,fast food,18773.34
60-231,restaurant,14322.21
60-235,restaurant,14240.03
60-241,restaurant,16353.24
60-244,restaurant,13798.59
60-252,restaurant,16146.48
60-256,fast food,25427.9
60-262,restaurant,15771.19
60-263,fast food,12221.68
60-265,fast food,14518.22
60-265,restaurant,38166.25
60-277,restaurant,9129.54
60-279,fast food,14325.15
60-281,fast food,15744.39
60-289,restaurant,18434.25
60-302,fast food,10059.73
60-302,restaurant,25574.32
60-304,fast food,22738.14
60-306,restaurant,15350.59
60-307,fast food,70571.33
60-309,restaurant,23354.08
60-318,restaurant,13038.42
60-320,restaurant,21774.86
60-321,restaurant,17960.0
60-322,restaurant,10265.34
60-324,fast food,13707.62
60-324,restaurant,17572.19
60-327,fast food,22741.88
60-327,restaurant,13791.98
60-335,fast food,15551.5
60-335,restaurant,26489.57
60-348,restaurant,14258.78
60-354,restaurant,11441.88
60-357,restaurant,20640.54
60-361,restaurant,12517.85
60-366,restaurant,15481.16
60-389,fast food,10581.77
60-389,restaurant,12049.55
60-391,restaurant,12892.68
60-397,restaurant,14528.72
60-398,restaurant,15350.59
60-401,restaurant,15350.59
60-406,fast food,15779.66
60-408,fast food,14803.01
60-408,restaurant,16599.27
60-411,restaurant,15387.98
60-413,restaurant,48202.17
60-415,restaurant,17936.84
60-431,restaurant,14864.02
60-432,fast food,11367.98
60-432,restaurant,15320.38
60-439,fast food,12953.54
60-439,restaurant,13585.94
60-449,restaurant,15647.27
60-453,restaurant,15974.98
60-461,restaurant,9705.99
60-462,fast food,15965.32
60-462,restaurant,18103.74
60-465,fast food,19073.33
60-474,fast food,16539.71
60-476,fast food,14016.96
60-476,restaurant,13829.44
60-479,fast food,20124.55
60-479,restaurant,15594.95
60-480,fast food,28047.37
60-480,restaurant,8839.88
60-501,fast food,30794.46
60-501,restaurant,12880.02
60-503,restaurant,14648.28
60-504,restaurant,21083.39
60-506,restaurant,14848.74
60-509,restaurant,16297.87
60-513,restaurant,18158.94
60-514,fast food,13930.56
60-514,restaurant,47160.17
60-518,fast food,22380.09
60-518,restaurant,18410.78
60-519,restaurant,20463.89
60-521,fast food,15579.67
60-522,restaurant,15371.24
60-529,fast food,15573.07
60-529,restaurant,9017.09
60-533,fast food,14173.14
60-533,restaurant,15888.67
60-535,fast food,13706.96
60-536,fast food,18393.77
60-536,restaurant,15100.63
60-537,fast food,14136.01
60-537,restaurant,18453.23
60-538,restaurant,38276.06
60-539,fast food,15517.8
60-541,restaurant,15291.16
60-542,restaurant,16751.62
60-545,restaurant,16837.11
60-551,fast food,12368.03
60-555,restaurant,14375.02
60-567,restaurant,15670.95
60-568,restaurant,23470.27
60-572,restaurant,20759.59
60-573,restaurant,17317.0
60-574,fast food,11321.24
60-576,restaurant,11169.78
60-577,fast food,18803.12
60-578,restaurant,17375.84
60-579,restaurant,15481.16
60-587,restaurant,15320.51
60-589,fast food,15744.39
60-594,restaurant,14481.07
60-595,restaurant,21433.54
60-601,restaurant,11917.29
60-604,restaurant,14258.78
60-608,restaurant,69667.47
60-611,restaurant,12849.03
60-616,restaurant,12450.72
60-618,fast food,17264.13
60-622,restaurant,17597.64
60-624,fast food,17956.87
60-626,restaurant,23242.25
60-628,fast food,11220.04
60-628,restaurant,22935.56
60-631,restaurant,14356.02
60-647,restaurant,20245.38
60-648,restaurant,9893.59
60-649,fast food,11477.28
60-649,restaurant,12952.72
60-650,restaurant,10809.07
60-651,restaurant,12954.04
60-652,restaurant,13303.78
60-658,fast food,27052.3
60-658,restaurant,12048.61
60-663,restaurant,16420.36
60-681,fast food,15804.78
60-681,restaurant,13373.46
60-682,fast food,17958.81
60-682,restaurant,11030.49
60-687,restaurant,14783.81
60-688,restaurant,20229.05
60-689,restaurant,14698.18
60-691,fast food,19303.78
60-692,restaurant,33495.6
60-693,restaurant,16722.09
60-702,fast food,20654.21
60-708,restaurant,17373.33
60-709,restaurant,17371.42
60-710,fast food,13202.16
60-710,restaurant,24068.46
60-711,fast food,15412.09
60-713,restaurant,14757.43
60-715,restaurant,18242.84
60-723,restaurant,16810.35
60-731,restaurant,16292.83
60-733,restaurant,14432.04
60-734,fast food,14175.28
60-736,restaurant,16837.11
60-737,fast food,28039.49
60-737,restaurant,11144.86
60-739,restaurant,15521.0
60-741,fast food,13098.51
60-741,restaurant,22429.4
60-748,restaurant,13190.3
60-749,restaurant,11441.88
60-751,restaurant,28555.72
60-757,restaurant,14489.26
60-766,restaurant,15289.94
60-767,restaurant,38856.23
60-768,restaurant,12954.04
60-770,restaurant,13345.51
60-771,restaurant,12044.18
60-772,restaurant,21717.93
60-780,restaurant,17212.15
60-781,restaurant,15435.35
60-786,restaurant,15481.16
60-792,restaurant,33406.55
60-802,fast food,15068.27
60-806,fast food,35838.74
60-808,restaurant,13530.9
60-809,restaurant,13985.64
60-813,fast food,28402.79
60-813,restaurant,19994.25
60-814,restaurant,17995.69
60-815,restaurant,16207.15
60-817,restaurant,16358.37
60-819,fast food,12932.85
60-820,fast food,13865.82
60-820,restaurant,14038.65
60-822,restaurant,22920.11
60-823,restaurant,15489.96
60-829,fast food,54549.79
60-829,restaurant,14682.44
60-830,fast food,13220.85
60-833,restaurant,10794.91
60-834,restaurant,15935.81
60-835,restaurant,14955.26
60-836,restaurant,54190.89
60-838,fast food,8686.17
60-838,restaurant,22647.69
60-839,fast food,14871.64
60-840,restaurant,15864.55
60-841,restaurant,15350.99
60-842,fast food,23133.36
60-842,restaurant,13142.26
60-843,restaurant,13233.3
60-847,fast food,19161.71
60-847,restaurant,10051.33
60-848,restaurant,33326.42
60-850,restaurant,11970.97
60-851,restaurant,25560.9
60-853,restaurant,15307.75
60-856,restaurant,15962.76
60-860,fast food,10200.11
60-860,restaurant,12267.32
60-867,fast food,16978.77
61-003,restaurant,15340.55
61-005,restaurant,14850.41
61-007,fast food,11317.08
61-007,restaurant,17110.46
61-008,restaurant,21851.02
61-016,restaurant,21228.22
61-017,restaurant,10088.7
61-019,restaurant,10883.71
61-028,fast food,20170.64
61-029,restaurant,16963.93
61-031,fast food,32374.98
61-031,restaurant,13924.94
61-041,restaurant,16982.16
61-044,restaurant,10999.25
61-047,restaurant,21276.35
61-048,restaurant,34775.57
61-055,restaurant,12977.51
61-060,restaurant,15083.03
61-062,restaurant,15804.63
61-063,fast food,17440.37
61-063,restaurant,13566.52
61-064,restaurant,11097.73
61-101,restaurant,13127.83
61-102,restaurant,16802.69
61-104,fast food,20991.96
61-109,restaurant,12550.88
61-111,fast food,14298.58
61-113,fast food,23429.5
61-113,restaurant,16594.18
61-121,restaurant,38591.94
61-123,fast food,19197.71
61-124,restaurant,13871.34
61-125,restaurant,22952.73
61-126,restaurant,24638.28
61-127,restaurant,16001.77
61-129,restaurant,15760.73
61-131,fast food,47509.78
61-131,restaurant,28158.47
61-136,fast food,45749.94
61-136,restaurant,35413.93
61-138,restaurant,18960.53
61-139,restaurant,50114.17
61-142,fast food,17584.23
61-142,restaurant,12722.44
61-144,restaurant,32694.24
61-148,restaurant,11216.94
61-152,fast food,11007.52
61-154,restaurant,13798.59
61-156,fast food,13403.85
61-156,restaurant,7321.33
61-159,restaurant,15288.69
61-160,restaurant,14162.76
61-203,restaurant,17968.15
61-208,restaurant,11393.2
61-211,restaurant,10883.71
61-216,restaurant,11393.2
61-222,restaurant,15964.89
61-223,fast food,14509.21
61-243,restaurant,10849.79
61-244,fast food,11220.62
61-245,fast food,16852.95
61-245,restaurant,10220.43
61-249,fast food,24375.93
61-249,restaurant,14637.64
61-251,fast food,10553.27
61-251,restaurant,11790.45
61-285,fast food,27811.09
61-285,restaurant,34921.41
61-287,restaurant,13595.64
61-289,restaurant,17012.13
61-294,fast food,19714.16
61-294,restaurant,14408.12
61-298,restaurant,15009.33
61-299,restaurant,14809.49
61-304,fast food,20470.66
61-306,fast food,14788.46
61-306,restaurant,29113.51
61-311,restaurant,15931.06
61-312,restaurant,14001.22
61-314,restaurant,15059.86
61-315,fast food,19572.58
61-323,restaurant,14795.71
61-329,restaurant,10980.13
61-332,restaurant,21584.41
61-341,fast food,8953.27
61-341,restaurant,8988.27
61-353,fast food,14355.15
61-359,restaurant,17599.29
61-361,fast food,15153.97
61-361,restaurant,11117.14
61-375,restaurant,11541.28
61-381,fast food,16310.81
61-381,restaurant,13439.24
61-382,restaurant,15538.48
61-406,restaurant,14303.07
61-411,fast food,13237.29
61-412,fast food,15563.04
61-413,restaurant,15354.83
61-418,fast food,14029.14
61-424,fast food,14325.15
61-425,fast food,16801.85
61-441,fast food,15368.04
61-441,restaurant,17083.13
61-448,restaurant,13985.31
61-450,restaurant,13958.84
61-453,fast food,9380.97
61-453,restaurant,9140.69
61-454,restaurant,19875.47
61-469,restaurant,10823.49
61-471,fast food,11787.84
61-471,restaurant,11540.22
61-472,restaurant,15728.07
61-483,restaurant,10823.49
61-485,restaurant,10223.34
61-491,restaurant,22041.02
61-492,restaurant,15397.96
61-493,fast food,20941.14
61-501,fast food,28275.15
61-501,restaurant,18517.28
61-503,restaurant,14240.03
61-514,fast food,8468.17
61-514,restaurant,11306.29
61-515,fast food,14863.03
61-525,restaurant,16558.16
61-526,restaurant,18735.79
61-532,restaurant,15420.0
61-535,restaurant,11169.78
61-538,restaurant,15627.73
61-541,fast food,12968.28
61-541,restaurant,7957.0
61-545,fast food,15191.96
61-552,restaurant,12878.95
61-553,fast food,15579.67
61-553,restaurant,15371.24
61-555,fast food,12874.44
61-555,restaurant,12050.08
61-556,restaurant,16638.46
61-559,restaurant,16691.82
61-562,restaurant,12441.42
61-563,restaurant,16595.62
61-564,restaurant,12723.23
61-567,restaurant,13500.76
61-569,restaurant,19728.12
61-573,restaurant,14100.61
61-575,fast food,16694.07
61-576,restaurant,14907.97
61-577,fast food,54637.46
61-577,restaurant,15416.8
61-578,restaurant,14189.32
61-579,restaurant,14203.99
61-581,fast food,31615.02
61-581,restaurant,25353.24
61-582,restaurant,16453.89
61-583,restaurant,11832.67
61-586,fast food,59588.83
61-586,restaurant,57024.83
61-606,restaurant,13041.8
61-607,restaurant,21043.75
61-608,restaurant,11942.26
61-611,restaurant,13621.97
61-612,restaurant,16441.06
61-614,fast food,11123.74
61-614,restaurant,14668.29
61-616,restaurant,14243.42
61-619,restaurant,29439.97
61-622,restaurant,21417.64
61-623,fast food,12312.58
61-623,restaurant,20843.62
61-625,fast food,17106.0
61-638,fast food,25656.57
61-638,restaurant,13632.75
61-642,restaurant,11744.83
61-651,restaurant,14845.5
61-652,restaurant,10976.81
61-655,fast food,37936.53
61-655,restaurant,29368.53
61-658,restaurant,12598.89
61-663,fast food,16313.41
61-663,restaurant,44533.33
61-664,fast food,9595.99
61-664,restaurant,21716.32
61-672,restaurant,16468.51
61-680,fast food,12973.1
61-680,restaurant,21002.0
61-684,restaurant,12123.94
61-686,restaurant,17209.9
61-689,restaurant,11005.59
61-692,restaurant,16950.03
61-693,fast food,28148.17
61-693,restaurant,40175.76
61-695,restaurant,22053.62
61-696,fast food,41879.87
61-696,restaurant,15086.45
61-697,restaurant,15460.14
61-699,restaurant,11218.9
61-701,fast food,26276.82
61-701,restaurant,13515.94
61-702,fast food,14910.24
61-703,restaurant,34724.8
61-705,restaurant,11480.82
61-706,restaurant,17995.65
61-707,restaurant,14915.6
61-712,fast food,28504.12
61-712,restaurant,16918.79
61-713,restaurant,17722.63
61-714,restaurant,13455.3
61-719,restaurant,18845.68
61-725,fast food,20935.55
61-726,restaurant,19189.04
61-728,fast food,13296.65
61-728,restaurant,23185.84
61-730,restaurant,18876.13
61-731,restaurant,21225.61
61-732,restaurant,15749.79
61-735,fast food,16046.6
61-736,restaurant,14436.5
61-737,fast food,14052.63
61-737,restaurant,11169.44
61-738,fast food,49814.1
61-738,restaurant,26249.23
61-739,restaurant,26430.61
61-741,restaurant,16265.96
61-743,restaurant,16454.74
61-746,restaurant,11944.64
61-749,restaurant,16280.36
61-751,restaurant,11267.4
61-753,restaurant,13845.11
61-754,restaurant,11295.08
61-758,restaurant,20933.53
61-760,restaurant,15181.28
61-761,fast food,21833.73
61-761,restaurant,22433.82
61-762,restaurant,18813.94
61-763,restaurant,17842.05
61-765,fast food,41744.07
61-765,restaurant,37705.58
61-767,restaurant,16941.88
61-768,restaurant,20615.94
61-770,restaurant,23759.46
61-771,restaurant,16403.32
61-772,restaurant,52849.86
61-773,fast food,27515.54
61-773,restaurant,76476.22
61-774,restaurant,42535.54
61-775,restaurant,21143.66
61-776,restaurant,12966.95
61-777,restaurant,21392.72
61-779,restaurant,26527.87
61-781,fast food,43916.53
61-781,restaurant,15066.47
61-782,fast food,18258.07
61-782,restaurant,38550.08
61-801,restaurant,53890.87
61-803,fast food,16228.37
61-803,restaurant,18675.24
61-804,fast food,13840.1
61-804,restaurant,18868.53
61-805,fast food,39851.88
61-805,restaurant,26149.72
61-806,fast food,49159.91
61-806,restaurant,27997.18
61-807,fast food,49263.05
61-807,restaurant,27014.58
61-808,restaurant,16648.16
61-809,fast food,13742.91
61-809,restaurant,25855.48
61-812,restaurant,26656.64
61-813,restaurant,13847.82
61-814,restaurant,17874.97
61-815,fast food,33912.11
61-815,restaurant,23420.39
61-816,fast food,16279.31
61-816,restaurant,28056.39
61-818,restaurant,12452.14
61-819,restaurant,42642.86
61-820,restaurant,15901.92
61-821,restaurant,32970.29
61-823,fast food,13834.21
61-823,restaurant,16563.33
61-825,fast food,83839.62
61-825,restaurant,42851.38
61-826,fast food,16518.86
61-828,fast food,13894.68
61-828,restaurant,14281.47
61-829,restaurant,14572.9
61-831,fast food,15940.74
61-831,restaurant,19812.36
61-832,fast food,28983.68
61-832,restaurant,28617.34
61-833,restaurant,14145.34
61-834,fast food,32960.71
61-834,restaurant,18528.53
61-835,restaurant,13688.81
61-837,fast food,27973.11
61-837,restaurant,49327.37
61-838,fast food,45312.72
61-838,restaurant,46604.41
61-840,restaurant,21105.25
61-841,restaurant,37702.16
61-842,restaurant,14661.24
61-844,restaurant,10823.49
61-845,restaurant,36504.61
61-847,restaurant,18076.67
61-848,restaurant,16495.77
61-850,restaurant,13852.41
61-854,fast food,12128.1
61-854,restaurant,10896.27
61-858,fast food,43341.43
61-858,restaurant,20617.07
61-860,restaurant,16650.34
61-866,restaurant,18229.75
61-869,fast food,9931.21
61-869,restaurant,7419.08
61-871,restaurant,16421.83
61-873,restaurant,13852.41
61-874,restaurant,16111.48
61-875,restaurant,15686.54
61-881,restaurant,19314.09
61-882,restaurant,23745.17
61-883,restaurant,33494.05
61-884,restaurant,14600.9
61-885,fast food,12759.27
61-885,restaurant,28365.12
61-886,fast food,14000.15
61-886,restaurant,40287.49
61-887,fast food,67267.77
61-888,fast food,76529.66
61-888,restaurant,46337.7
61-889,fast food,10395.8
61-889,restaurant,13097.29
61-891,restaurant,15371.24
61-892,restaurant,32323.98
61-893,fast food,24126.85
61-894,restaurant,40328.9
61-895,restaurant,14745.71
61-896,restaurant,17655.53
62-001,restaurant,10700.62
62-002,fast food,22448.65
62-002,restaurant,20401.99
62-003,fast food,17065.78
62-003,restaurant,12033.31
62-004,fast food,12327.68
62-004,restaurant,9720.76
62-005,fast food,18239.92
62-005,restaurant,25681.85
62-006,fast food,16756.54
62-007,restaurant,8694.55
62-010,fast food,9020.0
62-010,restaurant,7699.28
62-020,fast food,21794.75
62-020,restaurant,15561.09
62-022,restaurant,12897.21
62-023,fast food,12414.91
62-023,restaurant,12696.97
62-025,fast food,29362.39
62-025,restaurant,24065.58
62-028,fast food,10814.48
62-028,restaurant,13570.55
62-030,fast food,27743.52
62-030,restaurant,23291.94
62-035,fast food,28143.15
62-035,restaurant,20563.16
62-040,fast food,13977.14
62-040,restaurant,15897.78
62-045,fast food,10082.57
62-045,restaurant,10232.5
62-050,fast food,11200.26
62-050,restaurant,13985.73
62-051,fast food,21228.58
62-051,restaurant,16275.95
62-052,fast food,10250.71
62-052,restaurant,13888.12
62-053,restaurant,15251.09
62-060,fast food,15947.22
62-060,restaurant,15602.17
62-064,fast food,11629.23
62-064,restaurant,16323.96
62-065,fast food,17136.96
62-065,restaurant,19978.81
62-066,fast food,14849.25
62-066,restaurant,11384.0
62-067,fast food,10176.76
62-067,restaurant,9273.35
62-068,fast food,10565.8
62-070,fast food,8795.09
62-070,restaurant,10431.85
62-080,fast food,18607.66
62-080,restaurant,16783.09
62-081,fast food,13443.67
62-081,restaurant,19735.78
62-085,fast food,10627.18
62-085,restaurant,12571.34
62-090,fast food,23500.39
62-090,restaurant,19955.18
62-093,fast food,13927.22
62-095,fast food,13008.01
62-095,restaurant,9168.9
62-097,restaurant,15950.93
62-100,fast food,16542.9
62-100,restaurant,16519.64
62-105,fast food,11505.8
62-110,restaurant,11122.99
62-120,restaurant,14741.37
62-130,fast food,11999.6
62-130,restaurant,10173.91
62-200,fast food,15893.45
62-200,restaurant,14784.41
62-204,fast food,14894.09
62-204,restaurant,16850.74
62-212,fast food,23127.08
62-212,restaurant,10461.77
62-220,fast food,11315.59
62-220,restaurant,12734.55
62-230,fast food,10628.39
62-230,restaurant,16575.49
62-238,restaurant,14749.91
62-240,fast food,9648.02
62-240,restaurant,9499.1
62-250,restaurant,11378.94
62-260,fast food,74573.77
62-260,restaurant,8645.77
62-261,restaurant,19793.24
62-262,restaurant,13889.58
62-270,fast food,13422.6
62-270,restaurant,8830.83
62-280,fast food,16954.95
62-290,fast food,10230.34
62-290,restaurant,10791.75
62-300,fast food,20952.3
62-300,restaurant,16708.24
62-306,fast food,15196.07
62-310,fast food,12300.3
62-310,restaurant,15974.57
62-320,fast food,12168.31
62-320,restaurant,10500.25
62-323,fast food,15057.87
62-330,restaurant,18856.96
62-400,fast food,21033.79
62-400,restaurant,17305.82
62-402,fast food,9621.88
62-402,restaurant,9599.94
62-405,restaurant,15871.19
62-410,fast food,10768.71
62-410,restaurant,7682.62
62-420,restaurant,10862.43
62-430,fast food,31479.62
62-430,restaurant,30363.65
62-436,fast food,9728.82
62-436,restaurant,8556.07
62-500,fast food,16489.65
62-500,restaurant,19913.16
62-510,fast food,22149.67
62-510,restaurant,14578.47
62-511,fast food,10083.11
62-511,restaurant,9520.92
62-513,fast food,14086.34
62-513,restaurant,10072.58
62-530,fast food,10614.76
62-530,restaurant,10496.26
62-540,fast food,14106.54
62-540,restaurant,11270.28
62-541,fast food,12376.18
62-541,restaurant,22676.87
62-550,restaurant,10596.8
62-561,restaurant,9981.94
62-563,fast food,17270.36
62-563,restaurant,22633.29
62-570,restaurant,10039.05
62-571,fast food,47279.21
62-571,restaurant,15846.83
62-580,restaurant,16035.8
62-590,fast food,7698.64
62-590,restaurant,10752.12
62-600,fast food,11370.28
62-600,restaurant,16427.96
62-604,fast food,65263.97
62-604,restaurant,18055.55
62-610,restaurant,16164.35
62-613,fast food,15049.75
62-620,restaurant,12050.5
62-650,fast food,16123.22
62-650,restaurant,9745.82
62-652,restaurant,11727.39
62-700,fast food,10561.08
62-700,restaurant,14742.64
62-704,restaurant,10290.85
62-709,fast food,10342.18
62-709,restaurant,19086.53
62-710,restaurant,9704.42
62-720,fast food,9614.51
62-720,restaurant,12836.39
62-730,restaurant,10917.99
62-731,restaurant,14786.13
62-740,fast food,9664.36
62-740,restaurant,11092.6
62-814,fast food,15385.69
62-814,restaurant,14195.41
62-817,restaurant,14430.58
62-820,fast food,14666.52
62-820,restaurant,12920.93
62-830,fast food,9780.64
62-830,restaurant,11335.58
62-834,fast food,12764.84
62-834,restaurant,13033.44
62-840,fast food,23816.96
62-840,restaurant,9283.91
62-850,restaurant,10298.54
62-860,fast food,15573.43
62-860,restaurant,9527.74
62-862,fast food,15796.48
62-865,restaurant,11569.52
62-872,fast food,12336.82
62-872,restaurant,11398.63
62-874,fast food,10612.58
62-874,restaurant,12202.68
63-000,fast food,10458.14
63-000,restaurant,12398.77
63-004,fast food,9299.69
63-004,restaurant,11744.46
63-011,fast food,14157.18
63-020,fast food,9087.69
63-020,restaurant,18460.6
63-021,restaurant,15232.03
63-023,fast food,11454.82
63-023,restaurant,13920.76
63-025,fast food,11706.54
63-025,restaurant,27554.27
63-040,fast food,11509.83
63-040,restaurant,11892.92
63-041,fast food,12030.0
63-041,restaurant,33389.07
63-100,fast food,10638.87
63-100,restaurant,15388.68
63-112,restaurant,15825.71
63-130,restaurant,13136.4
63-140,restaurant,8683.13
63-200,fast food,18267.3
63-200,restaurant,13893.2
63-210,fast food,17183.71
63-210,restaurant,11626.53
63-220,restaurant,27040.62
63-230,fast food,12790.19
63-230,restaurant,10604.26
63-233,fast food,10790.36
63-233,restaurant,10137.09
63-300,fast food,9300.38
63-300,restaurant,10930.92
63-304,restaurant,10290.85
63-308,restaurant,10963.77
63-313,fast food,11697.63
63-313,restaurant,11710.83
63-322,fast food,17360.53
63-322,restaurant,13568.5
63-330,fast food,11389.2
63-330,restaurant,10727.98
63-400,fast food,33253.56
63-400,restaurant,14399.44
63-410,fast food,11775.54
63-410,restaurant,10045.21
63-421,restaurant,51626.29
63-430,fast food,28092.04
63-430,restaurant,7318.15
63-440,fast food,9516.87
63-440,restaurant,8469.1
63-450,fast food,10983.98
63-450,restaurant,14915.61
63-460,fast food,14693.35
63-460,restaurant,13806.99
63-500,fast food,9906.09
63-500,restaurant,12710.05
63-505,restaurant,7896.82
63-507,fast food,32799.92
63-507,restaurant,33234.1
63-510,fast food,10333.25
63-510,restaurant,8582.21
63-520,fast food,22563.41
63-520,restaurant,10499.07
63-522,fast food,8394.91
63-524,restaurant,14992.77
63-600,fast food,12774.08
63-600,restaurant,15255.5
63-604,fast food,14578.76
63-604,restaurant,9771.13
63-620,fast food,7337.8
63-620,restaurant,10435.46
63-630,restaurant,10290.85
63-640,restaurant,8667.45
63-642,restaurant,13100.82
63-645,fast food,11586.16
63-645,restaurant,10524.98
63-700,fast food,28419.98
63-700,restaurant,19469.03
63-708,fast food,12118.27
63-708,restaurant,12137.04
63-714,fast food,20097.5
63-714,restaurant,11565.08
63-720,restaurant,19871.34
63-740,restaurant,12347.66
63-750,fast food,17223.55
63-750,restaurant,21082.02
63-760,fast food,8644.23
63-760,restaurant,9923.98
63-800,fast food,14104.39
63-800,restaurant,17794.74
63-810,fast food,11026.59
63-810,restaurant,10490.28
63-820,fast food,14022.61
63-820,restaurant,25002.51
63-830,restaurant,13766.42
63-840,fast food,10885.52
63-840,restaurant,10914.45
63-842,restaurant,11305.89
63-860,fast food,12516.33
63-860,restaurant,10878.52
63-900,fast food,16732.27
63-900,restaurant,12234.22
63-910,fast food,9503.62
63-910,restaurant,9376.47
63-920,fast food,11897.13
63-920,restaurant,11197.02
63-930,fast food,12438.66
63-930,restaurant,12062.09
63-940,fast food,14734.65
63-940,restaurant,12050.75
64-000,fast food,10942.9
64-000,restaurant,14093.48
64-010,fast food,17105.94
64-010,restaurant,9880.92
64-020,fast food,15837.06
64-020,restaurant,15700.73
64-030,fast food,9995.35
64-030,restaurant,15294.06
64-050,fast food,13538.38
64-050,restaurant,11101.71
64-061,restaurant,14935.07
64-111,fast food,8753.59
64-111,restaurant,11244.83
64-113,fast food,12485.59
64-113,restaurant,9879.37
64-115,fast food,9411.04
64-115,restaurant,17109.99
64-117,fast food,15196.07
64-120,fast food,34044.59
64-120,restaurant,11682.3
64-125,fast food,11520.44
64-125,restaurant,11388.85
64-130,fast food,37911.15
64-130,restaurant,11009.27
64-140,fast food,15064.08
64-140,restaurant,24151.71
64-150,fast food,16798.03
64-150,restaurant,19398.98
64-200,fast food,14073.84
64-200,restaurant,13066.48
64-211,fast food,13375.71
64-211,restaurant,11751.36
64-212,restaurant,19178.29
64-214,restaurant,16541.34
64-223,restaurant,15104.99
64-224,fast food,12531.92
64-224,restaurant,18604.19
64-225,fast food,15196.07
64-231,restaurant,20247.85
64-234,fast food,14490.62
64-234,restaurant,10935.02
64-300,fast food,14879.43
64-300,restaurant,13503.54
64-305,restaurant,10971.51
64-308,fast food,15749.32
64-308,restaurant,15538.62
64-310,fast food,15010.46
64-310,restaurant,9992.14
64-320,fast food,13743.25
64-320,restaurant,18785.24
64-330,fast food,12503.72
64-330,restaurant,18892.92
64-360,fast food,21524.96
64-360,restaurant,17311.0
64-361,fast food,12650.49
64-361,restaurant,25599.67
64-400,fast food,11809.4
64-400,restaurant,9843.31
64-410,fast food,33606.63
64-410,restaurant,13400.46
64-412,restaurant,13496.15
64-420,fast food,9804.3
64-420,restaurant,8488.57
64-423,restaurant,16800.38
64-426,restaurant,15001.34
64-500,fast food,16466.71
64-500,restaurant,14236.03
64-510,fast food,14155.86
64-510,restaurant,17630.21
64-514,fast food,11367.73
64-514,restaurant,10424.98
64-520,fast food,14968.7
64-520,restaurant,12930.39
64-530,fast food,11485.25
64-530,restaurant,11295.74
64-541,restaurant,18066.32
64-560,fast food,16693.95
64-600,fast food,13304.59
64-600,restaurant,16458.91
64-610,fast food,17123.44
64-610,restaurant,8329.92
64-630,fast food,9371.32
64-630,restaurant,13103.0
64-700,fast food,9552.45
64-700,restaurant,11746.89
64-705,restaurant,14205.98
64-708,restaurant,16470.61
64-710,restaurant,10110.44
64-720,fast food,12952.63
64-720,restaurant,14972.77
64-730,fast food,11085.83
64-730,restaurant,12988.66
64-731,restaurant,12820.5
64-733,fast food,18551.1
64-733,restaurant,12614.58
64-761,fast food,11404.12
64-761,restaurant,13006.88
64-800,fast food,13199.8
64-800,restaurant,14722.72
64-810,fast food,10184.13
64-810,restaurant,15270.9
64-813,fast food,22111.94
64-813,restaurant,12006.92
64-820,fast food,19242.04
64-820,restaurant,11210.7
64-830,fast food,12099.38
64-830,restaurant,12213.78
64-840,fast food,10972.01
64-840,restaurant,10264.96
64-850,fast food,11396.35
64-850,restaurant,9553.75
64-915,fast food,10802.46
64-915,restaurant,17748.5
64-917,restaurant,14819.32
64-930,restaurant,14857.05
64-965,fast food,9855.02
64-965,restaurant,14916.69
64-970,fast food,21818.13
64-970,restaurant,14596.74
64-980,fast food,9670.04
64-980,restaurant,12221.54
65-012,restaurant,15887.45
65-014,restaurant,15539.61
65-018,restaurant,11306.34
65-019,restaurant,28703.65
65-021,fast food,20619.54
65-021,restaurant,15568.14
65-022,fast food,52809.24
65-031,fast food,13559.13
65-031,restaurant,15072.3
65-034,restaurant,13211.34
65-039,restaurant,17067.06
65-044,restaurant,10922.95
65-046,restaurant,20796.09
65-047,fast food,16694.83
65-048,restaurant,35508.52
65-052,restaurant,16471.48
65-053,restaurant,15910.46
65-054,restaurant,18378.79
65-058,restaurant,23683.4
65-060,fast food,11272.22
65-060,restaurant,35802.22
65-064,restaurant,55911.82
65-066,restaurant,19982.09
65-067,restaurant,17026.75
65-068,restaurant,16394.79
65-069,restaurant,14259.65
65-071,fast food,80009.88
65-071,restaurant,15845.89
65-075,fast food,23295.21
65-075,restaurant,18724.37
65-076,restaurant,15445.4
65-077,restaurant,23061.26
65-078,restaurant,13215.52
65-085,fast food,19371.77
65-085,restaurant,15033.85
65-086,restaurant,13683.24
65-109,restaurant,18999.5
65-119,fast food,10521.74
65-119,restaurant,12262.17
65-120,restaurant,14062.76
65-127,restaurant,11229.0
65-138,restaurant,20958.4
65-140,fast food,11741.13
65-140,restaurant,21561.3
65-147,fast food,17811.98
65-155,fast food,16018.94
65-175,restaurant,11768.23
65-181,restaurant,15498.17
65-211,restaurant,15533.72
65-213,restaurant,27113.46
65-225,restaurant,23472.0
65-229,fast food,15708.32
65-246,fast food,15839.65
65-247,fast food,11528.64
65-247,restaurant,12725.96
65-255,restaurant,17031.1
65-268,restaurant,15528.59
65-301,fast food,13484.55
65-301,restaurant,14794.53
65-305,restaurant,23461.37
65-328,restaurant,15539.61
65-331,fast food,14829.8
65-364,fast food,14986.5
65-366,fast food,44173.95
65-366,restaurant,17785.69
65-371,restaurant,15528.59
65-382,fast food,16438.52
65-382,restaurant,16378.22
65-384,fast food,17389.14
65-385,fast food,14567.38
65-385,restaurant,15299.73
65-392,fast food,16130.8
65-392,restaurant,24808.14
65-401,restaurant,16333.71
65-411,restaurant,13832.48
65-415,restaurant,17067.06
65-418,restaurant,22280.36
65-419,restaurant,16662.22
65-426,restaurant,23101.12
65-427,fast food,62585.97
65-427,restaurant,37919.35
65-443,restaurant,10926.13
65-450,fast food,17298.49
65-454,restaurant,14379.96
65-461,fast food,13761.4
65-461,restaurant,14545.66
65-512,fast food,12272.14
65-516,restaurant,18428.37
65-520,restaurant,11254.11
65-525,fast food,13184.77
65-525,restaurant,14751.53
65-536,fast food,13160.52
65-536,restaurant,11252.52
65-547,fast food,10489.62
65-547,restaurant,10955.52
65-548,fast food,14613.4
65-609,restaurant,14839.14
65-713,restaurant,24447.97
65-729,restaurant,19260.52
65-730,fast food,15934.86
65-735,fast food,15264.07
65-755,fast food,15708.32
65-762,restaurant,28605.34
65-767,restaurant,11997.92
65-775,fast food,31303.7
65-775,restaurant,11839.79
65-780,restaurant,14837.84
65-783,restaurant,15528.59
65-794,restaurant,11759.96
65-803,restaurant,31894.91
65-805,restaurant,15655.62
65-943,fast food,10980.33
65-943,restaurant,11294.08
65-945,restaurant,16956.63
66-002,restaurant,10109.74
66-004,fast food,10849.19
66-004,restaurant,9098.47
66-008,fast food,11201.36
66-008,restaurant,15972.61
66-010,fast food,12384.75
66-010,restaurant,10560.53
66-015,restaurant,12764.23
66-016,restaurant,10598.6
66-100,fast food,18927.82
66-100,restaurant,16539.36
66-110,restaurant,9236.38
66-111,restaurant,15633.72
66-120,fast food,11028.63
66-120,restaurant,13425.53
66-130,fast food,19038.09
66-130,restaurant,11702.19
66-132,restaurant,10902.43
66-200,fast food,16747.19
66-200,restaurant,14924.16
66-210,fast food,34745.81
66-210,restaurant,8614.66
66-213,restaurant,20482.86
66-218,restaurant,10718.65
66-220,fast food,11485.59
66-220,restaurant,14471.54
66-225,restaurant,12166.83
66-235,fast food,21462.76
66-235,restaurant,59049.78
66-300,fast food,19189.38
66-300,restaurant,15280.8
66-320,restaurant,7422.12
66-330,fast food,13002.15
66-330,restaurant,8675.09
66-340,fast food,15063.11
66-340,restaurant,10894.36
66-350,restaurant,10458.08
66-415,fast food,15642.85
66-415,restaurant,18919.01
66-432,fast food,14285.67
66-435,fast food,8784.5
66-435,restaurant,9829.86
66-436,fast food,17342.37
66-436,restaurant,16054.65
66-440,fast food,15345.63
66-440,restaurant,10107.58
66-446,fast food,12467.25
66-446,restaurant,9873.58
66-450,fast food,23642.84
66-450,restaurant,18735.46
66-460,fast food,12109.89
66-460,restaurant,13933.43
66-470,fast food,21647.6
66-470,restaurant,16204.07
66-500,fast food,10414.73
66-500,restaurant,10540.44
66-510,restaurant,15465.87
66-520,fast food,12470.03
66-520,restaurant,12337.79
66-530,fast food,12145.79
66-530,restaurant,10845.58
66-540,restaurant,7980.31
66-600,fast food,14569.09
66-600,restaurant,11321.7
66-615,fast food,14862.21
66-615,restaurant,20667.56
66-620,fast food,18815.56
66-620,restaurant,11223.99
67-100,fast food,14628.29
67-100,restaurant,13679.03
67-106,fast food,18520.89
67-108,restaurant,12819.04
67-115,fast food,15196.07
67-120,fast food,12195.92
67-120,restaurant,12568.57
67-124,fast food,12207.58
67-124,restaurant,12044.26
67-128,restaurant,15053.92
67-200,fast food,14791.21
67-200,restaurant,12775.78
67-210,fast food,13688.34
67-210,restaurant,13505.21
67-221,restaurant,14304.7
67-222,fast food,10516.73
67-222,restaurant,15244.89
67-231,restaurant,10287.28
67-240,restaurant,10290.85
67-300,fast food,12310.85
67-300,restaurant,11929.11
67-400,fast food,9964.06
67-400,restaurant,11895.28
67-407,restaurant,11251.12
67-410,fast food,14022.63
67-410,restaurant,23901.82
67-415,restaurant,14538.81
68-100,fast food,14582.95
68-100,restaurant,15909.45
68-113,restaurant,14848.41
68-114,restaurant,17210.99
68-120,fast food,12061.65
68-120,restaurant,18840.7
68-131,restaurant,11414.17
68-132,restaurant,14368.68
68-200,fast food,15786.13
68-200,restaurant,15056.91
68-208,restaurant,11242.53
68-210,restaurant,12846.6
68-212,fast food,10101.1
68-212,restaurant,22020.98
68-213,restaurant,13226.98
68-219,restaurant,10921.05
68-300,fast food,10169.21
68-300,restaurant,10686.25
68-320,fast food,16372.19
68-320,restaurant,12293.28
69-100,fast food,20050.2
69-100,restaurant,20739.65
69-108,fast food,8147.78
69-108,restaurant,6977.26
69-110,fast food,15179.88
69-110,restaurant,13879.01
69-113,fast food,7992.8
69-113,restaurant,7311.39
69-200,fast food,12693.56
69-200,restaurant,11175.03
69-210,fast food,17580.02
69-210,restaurant,13589.56
69-220,fast food,12528.77
69-220,restaurant,12477.09
70-001,fast food,32133.89
70-001,restaurant,13717.02
70-023,restaurant,14746.75
70-028,restaurant,16159.93
70-035,restaurant,11050.48
70-100,fast food,15916.38
70-106,fast food,14740.71
70-106,restaurant,37495.39
70-107,fast food,47200.91
70-107,restaurant,10147.22
70-110,restaurant,14628.97
70-111,restaurant,14236.37
70-116,fast food,14734.47
70-117,fast food,17420.95
70-123,fast food,19458.23
70-131,fast food,15649.49
70-136,restaurant,16670.02
70-200,fast food,37286.11
70-201,fast food,23900.14
70-202,fast food,17053.46
70-202,restaurant,16825.31
70-203,restaurant,15827.46
70-205,restaurant,16957.79
70-206,restaurant,11956.37
70-207,restaurant,29599.76
70-214,restaurant,14639.25
70-215,restaurant,22091.85
70-222,restaurant,15165.68
70-223,fast food,12104.96
70-225,restaurant,68682.68
70-226,restaurant,11943.02
70-231,restaurant,14865.41
70-233,fast food,12786.04
70-233,restaurant,8896.64
70-238,fast food,11765.32
70-240,restaurant,15055.49
70-246,fast food,17105.39
70-251,restaurant,12715.73
70-253,restaurant,13958.84
70-254,restaurant,16005.2
70-300,fast food,12414.3
70-300,restaurant,12496.89
70-303,fast food,15749.18
70-311,restaurant,9638.12
70-315,restaurant,14340.83
70-316,fast food,14329.51
70-317,restaurant,19270.75
70-325,restaurant,17194.02
70-326,restaurant,11541.28
70-333,restaurant,14137.8
70-335,restaurant,16082.82
70-342,fast food,27106.76
70-342,restaurant,16485.93
70-343,fast food,14749.0
70-344,restaurant,18278.55
70-348,restaurant,20494.95
70-353,fast food,11547.69
70-362,restaurant,16917.28
70-376,restaurant,15766.2
70-382,restaurant,15602.17
70-402,restaurant,19296.63
70-404,fast food,39628.91
70-404,restaurant,41873.15
70-407,restaurant,12617.05
70-412,fast food,11768.04
70-412,restaurant,32670.03
70-414,restaurant,15538.48
70-415,restaurant,52752.15
70-419,fast food,16098.93
70-419,restaurant,32458.1
70-426,restaurant,12123.65
70-427,restaurant,24339.22
70-431,fast food,13993.84
70-431,restaurant,12612.87
70-432,restaurant,46455.56
70-434,fast food,12482.06
70-434,restaurant,12890.64
70-435,fast food,11421.25
70-435,restaurant,14635.7
70-437,fast food,29020.62
70-437,restaurant,18220.55
70-440,fast food,19095.06
70-440,restaurant,42660.49
70-442,fast food,11537.15
70-442,restaurant,31526.38
70-445,restaurant,11541.28
70-450,restaurant,11943.02
70-451,fast food,12566.13
70-451,restaurant,11604.79
70-453,restaurant,15242.3
70-461,restaurant,15538.48
70-464,restaurant,23263.46
70-465,restaurant,16876.54
70-470,restaurant,24165.99
70-471,restaurant,12181.97
70-473,restaurant,13722.05
70-475,restaurant,13722.05
70-481,fast food,17214.9
70-500,restaurant,16828.71
70-503,restaurant,11943.02
70-513,restaurant,14877.56
70-514,restaurant,13025.28
70-515,restaurant,18242.66
70-521,restaurant,12605.19
70-531,fast food,15631.35
70-531,restaurant,8938.49
70-532,fast food,27086.0
70-532,restaurant,25637.26
70-533,fast food,40962.99
70-533,restaurant,43385.4
70-535,restaurant,40714.28
70-541,restaurant,19892.12
70-542,restaurant,35611.63
70-543,fast food,18615.6
70-546,restaurant,14384.01
70-550,restaurant,16486.03
70-551,fast food,14247.52
70-551,restaurant,20596.29
70-554,fast food,37470.89
70-554,restaurant,30689.73
70-555,fast food,22963.64
70-555,restaurant,20242.02
70-556,restaurant,29268.12
70-562,restaurant,16101.17
70-566,restaurant,15398.94
70-631,restaurant,13791.99
70-642,fast food,13747.18
70-653,fast food,24943.11
70-653,restaurant,17924.04
70-655,restaurant,16957.79
70-656,fast food,11903.46
70-656,restaurant,22789.1
70-713,restaurant,15968.48
70-742,restaurant,14289.46
70-744,fast food,10784.4
70-744,restaurant,10640.12
70-752,restaurant,11870.51
70-766,fast food,22036.1
70-766,restaurant,13132.24
70-772,restaurant,19655.76
70-774,fast food,11589.21
70-774,restaurant,12766.82
70-777,fast food,11063.24
70-777,restaurant,10830.21
70-780,restaurant,12064.64
70-781,fast food,8893.89
70-781,restaurant,11993.29
70-783,fast food,14701.64
70-783,restaurant,22543.26
70-784,fast food,74598.37
70-784,restaurant,27817.17
70-785,restaurant,11112.46
70-786,restaurant,11989.77
70-789,fast food,20546.06
70-800,restaurant,19117.87
70-807,fast food,40394.89
70-807,restaurant,17546.43
70-809,restaurant,16220.83
70-811,restaurant,15467.46
70-812,restaurant,12677.64
70-820,restaurant,11069.73
70-825,fast food,18054.61
70-825,restaurant,11462.29
70-830,fast food,19450.03
70-830,restaurant,14131.75
70-832,fast food,15249.1
70-833,restaurant,13508.36
70-840,fast food,16957.48
70-840,restaurant,13435.2
70-842,restaurant,18081.09
70-885,restaurant,11171.29
70-892,fast food,15057.87
70-892,restaurant,13615.93
70-893,fast food,13229.67
70-893,restaurant,10711.33
71-001,fast food,79941.42
71-001,restaurant,26589.72
71-004,fast food,19529.01
71-004,restaurant,19755.0
71-006,restaurant,11189.31
71-010,fast food,21204.03
71-011,fast food,19262.98
71-011,restaurant,32672.96
71-012,restaurant,14344.67
71-017,restaurant,16676.11
71-022,restaurant,12252.36
71-027,fast food,21954.69
71-027,restaurant,38823.39
71-034,fast food,17297.7
71-043,fast food,55213.72
71-043,restaurant,11639.67
71-044,fast food,17187.74
71-047,fast food,69367.41
71-047,restaurant,14163.48
71-050,fast food,28098.17
71-052,fast food,20681.73
71-062,fast food,12104.96
71-064,restaurant,14188.46
71-065,fast food,13212.25
71-066,restaurant,18555.1
71-072,restaurant,16707.29
71-073,fast food,18995.76
71-080,restaurant,11546.65
71-083,fast food,12624.96
71-083,restaurant,11425.14
71-101,fast food,18019.95
71-102,fast food,32555.38
71-110,restaurant,14355.37
71-113,fast food,13674.39
71-113,restaurant,15772.46
71-122,restaurant,11017.38
71-126,fast food,18599.84
71-126,restaurant,50386.66
71-132,fast food,19202.67
71-142,fast food,30239.73
71-142,restaurant,17637.98
71-181,fast food,19083.29
71-206,fast food,13385.68
71-206,restaurant,13431.82
71-209,restaurant,16461.34
71-210,fast food,13243.75
71-211,restaurant,15028.69
71-215,fast food,11350.33
71-215,restaurant,11787.48
71-218,fast food,11375.05
71-218,restaurant,7965.6
71-220,fast food,15662.76
71-220,restaurant,7918.2
71-240,fast food,17248.5
71-245,restaurant,9839.48
71-246,fast food,10243.06
71-246,restaurant,16193.21
71-252,restaurant,23936.57
71-254,restaurant,15288.69
71-256,restaurant,16749.69
71-276,fast food,16281.41
71-276,restaurant,23794.94
71-297,restaurant,14099.03
71-325,restaurant,18376.24
71-335,fast food,21150.04
71-335,restaurant,18497.99
71-337,restaurant,14814.71
71-370,restaurant,13641.89
71-417,restaurant,12558.88
71-420,restaurant,14843.6
71-422,restaurant,18026.07
71-424,restaurant,15325.16
71-434,restaurant,52769.86
71-435,restaurant,11000.07
71-437,restaurant,10811.04
71-441,fast food,15733.46
71-441,restaurant,9778.4
71-450,fast food,18873.15
71-455,restaurant,15915.02
71-460,restaurant,11943.02
71-467,fast food,15601.03
71-470,restaurant,17335.54
71-471,restaurant,16604.03
71-472,restaurant,18141.27
71-490,restaurant,13268.49
71-497,restaurant,15765.85
71-500,restaurant,15293.69
71-515,fast food,17198.09
71-515,restaurant,10640.2
71-516,fast food,14799.75
71-516,restaurant,9485.2
71-524,restaurant,15026.51
71-534,restaurant,15429.18
71-537,fast food,23039.83
71-541,restaurant,12692.21
71-600,restaurant,10999.25
71-601,fast food,17187.74
71-603,fast food,13956.6
71-612,restaurant,15732.85
71-621,restaurant,12290.08
71-627,restaurant,11207.92
71-630,restaurant,14812.47
71-635,restaurant,10999.25
71-636,restaurant,14287.9
71-637,restaurant,14865.41
71-642,restaurant,12948.47
71-643,restaurant,12892.68
71-670,fast food,51898.28
71-670,restaurant,12044.23
71-680,restaurant,14107.04
71-685,fast food,10472.7
71-685,restaurant,10756.43
71-711,restaurant,12362.06
71-730,fast food,16977.06
71-771,restaurant,11070.5
71-773,fast food,17187.74
71-774,fast food,20809.83
71-774,restaurant,43549.97
71-784,fast food,26916.16
71-784,restaurant,14719.0
71-787,restaurant,18853.99
71-791,fast food,16982.54
71-791,restaurant,16721.85
71-804,restaurant,15877.64
71-806,restaurant,15889.51
71-811,fast food,16206.89
71-833,restaurant,9477.69
71-837,fast food,30549.36
71-837,restaurant,13624.99
72-001,fast food,31202.4
72-001,restaurant,13853.33
72-002,fast food,49773.93
72-002,restaurant,12845.36
72-003,fast food,12664.6
72-003,restaurant,10141.31
72-004,fast food,12526.76
72-004,restaurant,15410.03
72-005,restaurant,13459.56
72-006,fast food,20958.13
72-006,restaurant,18014.37
72-010,fast food,11104.47
72-010,restaurant,14618.76
72-011,fast food,11125.12
72-011,restaurant,15190.61
72-020,fast food,10001.4
72-020,restaurant,10039.53
72-022,fast food,14578.59
72-022,restaurant,13016.59
72-100,fast food,30080.12
72-100,restaurant,13634.19
72-105,restaurant,13019.2
72-110,restaurant,15404.83
72-111,fast food,14903.79
72-111,restaurant,16150.5
72-112,fast food,11823.43
72-112,restaurant,11051.4
72-113,fast food,19766.45
72-123,restaurant,9896.11
72-130,fast food,10925.36
72-130,restaurant,10313.39
72-132,fast food,22381.02
72-132,restaurant,13386.29
72-200,fast food,17486.86
72-200,restaurant,19264.16
72-210,fast food,15049.75
72-221,restaurant,15395.36
72-300,fast food,13720.0
72-300,restaurant,14784.3
72-304,fast food,27492.91
72-310,fast food,8395.16
72-310,restaurant,13098.76
72-315,fast food,13036.79
72-315,restaurant,12764.35
72-320,fast food,14618.31
72-320,restaurant,9191.32
72-330,fast food,24828.83
72-330,restaurant,24146.76
72-342,restaurant,15370.52
72-344,fast food,15230.6
72-344,restaurant,25592.37
72-345,restaurant,17428.09
72-346,fast food,18226.95
72-346,restaurant,23189.14
72-350,fast food,13041.21
72-350,restaurant,26669.65
72-351,fast food,12251.64
72-351,restaurant,13949.2
72-400,fast food,10438.69
72-400,restaurant,13337.86
72-410,restaurant,17681.02
72-415,fast food,17081.26
72-415,restaurant,19994.35
72-420,fast food,12486.31
72-420,restaurant,16338.22
72-500,fast food,38781.62
72-500,restaurant,32585.12
72-510,fast food,10010.12
72-510,restaurant,8668.61
72-511,restaurant,15780.91
72-514,fast food,23857.54
72-514,restaurant,11244.71
72-602,fast food,42934.27
72-602,restaurant,12518.76
72-605,fast food,16308.37
72-605,restaurant,37467.72
73-102,restaurant,13283.35
73-108,fast food,9222.96
73-108,restaurant,6715.09
73-120,restaurant,11312.01
73-121,fast food,14690.53
73-121,restaurant,14494.0
73-130,restaurant,14848.41
73-131,restaurant,9775.41
73-132,restaurant,11866.22
73-140,fast food,24352.29
73-140,restaurant,16613.73
73-150,fast food,10744.4
73-150,restaurant,8089.01
73-155,fast food,15173.94
73-200,fast food,12106.13
73-200,restaurant,9776.05
73-210,fast food,13483.38
73-210,restaurant,11420.38
73-220,fast food,12565.5
73-220,restaurant,12117.68
73-260,fast food,10395.45
73-260,restaurant,9565.91
74-100,fast food,6900.53
74-100,restaurant,13340.77
74-106,restaurant,14393.43
74-107,fast food,26116.18
74-110,restaurant,12710.45
74-120,restaurant,11481.01
74-200,fast food,10957.25
74-200,restaurant,9658.45
74-202,fast food,11345.62
74-202,restaurant,14522.91
74-210,restaurant,17921.26
74-240,restaurant,10480.48
74-300,fast food,26605.1
74-300,restaurant,16710.69
74-304,restaurant,10458.08
74-311,restaurant,14502.07
74-320,fast food,12881.62
74-320,restaurant,11328.79
74-400,fast food,10081.52
74-400,restaurant,8841.69
74-500,fast food,11362.74
74-500,restaurant,17101.95
74-503,restaurant,9800.3
74-505,restaurant,10892.82
74-510,restaurant,16470.61
74-520,fast food,54042.61
74-520,restaurant,14939.0
75-001,restaurant,18285.26
75-003,restaurant,14379.96
75-004,restaurant,11097.73
75-005,fast food,16887.05
75-005,restaurant,9940.65
75-007,restaurant,16009.95
75-012,restaurant,14496.15
75-020,restaurant,19100.52
75-021,restaurant,13215.52
75-022,restaurant,14945.09
75-025,fast food,36761.77
75-025,restaurant,15922.01
75-031,restaurant,12107.96
75-034,restaurant,16224.86
75-035,restaurant,18046.84
75-036,restaurant,13323.52
75-037,fast food,27554.32
75-037,restaurant,11132.79
75-056,restaurant,15106.04
75-063,fast food,24926.29
75-065,restaurant,14154.2
75-072,restaurant,13011.6
75-074,fast food,11927.81
75-105,restaurant,18799.35
75-109,restaurant,16333.71
75-135,restaurant,15486.54
75-202,fast food,24043.85
75-204,restaurant,17341.29
75-211,restaurant,11709.41
75-212,fast food,12417.23
75-222,fast food,60812.2
75-222,restaurant,19430.27
75-233,restaurant,15528.59
75-240,restaurant,15083.03
75-244,restaurant,14531.92
75-256,fast food,14652.53
75-332,restaurant,11097.73
75-338,fast food,20462.87
75-342,restaurant,18280.39
75-348,restaurant,16048.79
75-355,fast food,11927.81
75-360,restaurant,15804.63
75-396,restaurant,18904.84
75-400,fast food,19369.35
75-401,restaurant,14062.91
75-412,fast food,21275.42
75-426,fast food,17298.49
75-430,restaurant,14949.72
75-436,restaurant,14598.91
75-437,restaurant,15779.68
75-452,fast food,42456.94
75-452,restaurant,24773.45
75-453,restaurant,16773.45
75-503,restaurant,16473.51
75-507,restaurant,15539.61
75-540,restaurant,14611.01
75-557,restaurant,18941.96
75-563,fast food,16532.62
75-581,fast food,20155.62
75-581,restaurant,13330.18
75-586,fast food,21173.14
75-586,restaurant,22287.34
75-603,restaurant,16050.41
75-611,fast food,12757.24
75-611,restaurant,12483.0
75-613,restaurant,12995.28
75-644,restaurant,15804.63
75-664,fast food,24695.68
75-664,restaurant,15957.31
75-671,restaurant,15541.68
75-685,fast food,32371.44
75-686,restaurant,17067.06
75-707,fast food,13862.48
75-707,restaurant,20404.13
75-720,fast food,11927.81
75-736,fast food,31423.0
75-736,restaurant,45023.98
75-800,restaurant,12657.19
75-801,restaurant,17234.55
75-815,restaurant,16649.43
75-900,fast food,13827.0
75-900,restaurant,12943.82
76-002,fast food,12969.16
76-002,restaurant,14175.09
76-004,fast food,9346.67
76-004,restaurant,11416.74
76-010,fast food,14822.9
76-010,restaurant,10974.66
76-015,restaurant,14513.75
76-020,fast food,10143.96
76-020,restaurant,9299.15
76-023,fast food,11827.54
76-023,restaurant,13895.53
76-024,fast food,15049.75
76-032,fast food,24460.95
76-032,restaurant,29517.63
76-034,fast food,19108.38
76-034,restaurant,23811.35
76-037,restaurant,12615.63
76-038,fast food,14710.49
76-039,fast food,11144.54
76-039,restaurant,20893.88
76-042,fast food,11218.19
76-042,restaurant,11477.92
76-100,restaurant,10490.12
76-113,restaurant,12070.87
76-142,fast food,12394.64
76-142,restaurant,8891.71
76-150,fast food,17875.82
76-150,restaurant,16778.58
76-156,fast food,12875.38
76-156,restaurant,20225.93
76-212,fast food,20747.41
76-212,restaurant,29115.28
76-214,fast food,11105.79
76-214,restaurant,10929.04
76-220,fast food,7092.93
76-220,restaurant,19455.76
76-230,restaurant,24589.72
76-231,fast food,18183.74
76-231,restaurant,16343.34
76-248,fast food,21785.21
76-248,restaurant,16067.23
76-251,fast food,15955.68
76-251,restaurant,12663.68
76-270,fast food,42182.17
76-270,restaurant,27294.31
77-100,fast food,16014.04
77-100,restaurant,14653.5
77-116,fast food,16874.98
77-116,restaurant,12872.13
77-122,restaurant,17011.43
77-124,fast food,11953.59
77-124,restaurant,11793.67
77-133,restaurant,12862.57
77-138,fast food,13705.62
77-138,restaurant,13522.26
77-140,restaurant,12391.24
77-141,restaurant,16470.61
77-143,fast food,19279.88
77-143,restaurant,10648.82
77-200,fast food,11849.26
77-200,restaurant,10816.45
77-220,fast food,9314.45
77-220,restaurant,9974.5
77-230,fast food,10133.42
77-230,restaurant,11811.9
77-235,restaurant,11540.32
77-300,fast food,16161.22
77-300,restaurant,14112.5
77-304,fast food,10436.97
77-304,restaurant,23890.98
77-310,restaurant,10425.58
77-320,restaurant,14162.71
77-330,fast food,10331.86
77-330,restaurant,10019.07
77-400,fast food,12777.42
77-400,restaurant,14216.18
77-420,restaurant,12610.41
77-424,fast food,17774.44
77-424,restaurant,11192.35
77-430,fast food,11939.35
77-430,restaurant,13018.22
78-102,fast food,49090.72
78-102,restaurant,33252.61
78-104,restaurant,17915.73
78-111,fast food,15561.1
78-111,restaurant,21801.55
78-113,fast food,18227.4
78-113,restaurant,10959.45
78-114,restaurant,14654.86
78-120,fast food,13642.6
78-120,restaurant,9944.27
78-123,restaurant,14992.77
78-125,fast food,41235.83
78-125,restaurant,10042.29
78-131,fast food,12969.34
78-131,restaurant,24236.18
78-132,fast food,13167.13
78-132,restaurant,22596.37
78-200,fast food,10181.14
78-200,restaurant,9161.91
78-220,fast food,13597.63
78-230,fast food,13233.39
78-230,restaurant,11654.11
78-300,fast food,13234.43
78-300,restaurant,11275.16
78-311,fast food,29125.91
78-311,restaurant,17566.97
78-314,fast food,12089.14
78-316,fast food,12781.26
78-316,restaurant,12697.73
78-320,fast food,11116.39
78-320,restaurant,7462.92
78-400,fast food,17597.32
78-400,restaurant,15683.97
78-421,restaurant,17011.43
78-422,restaurant,15179.86
78-446,fast food,19997.12
78-446,restaurant,10889.24
78-449,fast food,9743.59
78-449,restaurant,14552.24
78-450,fast food,13489.53
78-450,restaurant,13320.23
78-460,restaurant,10781.69
78-500,fast food,23231.64
78-500,restaurant,26124.31
78-506,fast food,14098.81
78-506,restaurant,11204.76
78-520,fast food,15709.82
78-520,restaurant,12283.69
78-540,fast food,16059.47
78-540,restaurant,24655.98
78-550,fast food,11227.85
78-550,restaurant,11836.19
78-551,restaurant,15465.87
78-552,restaurant,13574.38
78-553,restaurant,13180.02
78-600,fast food,19616.61
78-600,restaurant,10899.91
78-607,restaurant,15233.88
78-611,restaurant,15825.71
78-630,fast food,11752.11
78-630,restaurant,10794.83
78-640,fast food,12579.05
78-640,restaurant,11382.04
78-641,restaurant,14157.76
78-642,restaurant,16366.26
78-650,fast food,11335.26
78-650,restaurant,12276.17
80-001,fast food,12494.34
80-001,restaurant,13529.44
80-020,restaurant,21784.17
80-027,restaurant,14327.7
80-032,restaurant,13539.18
80-034,fast food,14606.84
80-034,restaurant,12577.16
80-041,restaurant,23060.86
80-043,restaurant,15692.26
80-044,restaurant,17819.87
80-057,restaurant,11607.92
80-103,restaurant,13985.87
80-112,fast food,12078.88
80-113,fast food,15975.75
80-113,restaurant,20679.42
80-116,restaurant,12531.82
80-122,restaurant,12956.97
80-126,fast food,13141.27
80-126,restaurant,13962.68
80-138,restaurant,11516.42
80-141,fast food,20539.13
80-141,restaurant,26315.72
80-142,fast food,26320.86
80-152,restaurant,11453.57
80-156,restaurant,10860.26
80-170,fast food,14143.83
80-170,restaurant,16539.66
80-171,restaurant,16000.31
80-172,fast food,25466.06
80-172,restaurant,11954.74
80-174,fast food,78114.17
80-174,restaurant,20146.3
80-175,fast food,29149.61
80-175,restaurant,25039.26
80-176,fast food,30767.47
80-176,restaurant,25443.44
80-177,fast food,10808.55
80-177,restaurant,18439.46
80-180,fast food,14538.56
80-180,restaurant,22010.32
80-204,restaurant,15533.76
80-205,fast food,23061.55
80-205,restaurant,15693.45
80-208,restaurant,14133.51
80-209,fast food,11859.94
80-209,restaurant,16203.3
80-210,restaurant,23366.19
80-211,fast food,23956.82
80-211,restaurant,39854.59
80-214,restaurant,44338.26
80-215,fast food,14167.84
80-215,restaurant,22767.76
80-219,restaurant,20795.3
80-222,restaurant,24646.97
80-227,restaurant,11827.08
80-229,fast food,19525.84
80-229,restaurant,19283.76
80-230,restaurant,17128.82
80-231,restaurant,17017.25
80-233,fast food,17824.01
80-233,restaurant,16113.7
80-237,restaurant,16610.33
80-239,fast food,25695.27
80-239,restaurant,21678.36
80-241,restaurant,14491.31
80-243,fast food,40985.31
80-243,restaurant,15147.32
80-244,fast food,35879.07
80-244,restaurant,26561.75
80-246,fast food,33229.23
80-246,restaurant,36005.32
80-254,fast food,15663.8
80-254,restaurant,29013.81
80-257,fast food,18852.44
80-257,restaurant,22235.18
80-260,restaurant,13798.59
80-264,fast food,54164.94
80-264,restaurant,34009.76
80-266,fast food,40620.47
80-266,restaurant,36330.13
80-268,restaurant,17534.96
80-275,fast food,46503.69
80-275,restaurant,32491.62
80-276,restaurant,13038.42
80-278,restaurant,14728.97
80-280,fast food,38669.67
80-280,restaurant,35232.46
80-283,fast food,14298.77
80-283,restaurant,13316.59
80-286,restaurant,15012.69
80-287,restaurant,15533.76
80-288,fast food,32711.38
80-288,restaurant,15330.74
80-289,restaurant,21454.69
80-292,fast food,14853.76
80-292,restaurant,14655.04
80-297,fast food,19399.16
80-297,restaurant,27634.95
80-298,fast food,11323.47
80-298,restaurant,13312.64
80-299,fast food,22623.93
80-299,restaurant,19768.53
80-306,restaurant,10898.44
80-307,fast food,15979.63
80-308,restaurant,19424.21
80-309,fast food,46833.08
80-309,restaurant,20560.52
80-313,fast food,24569.69
80-313,restaurant,18507.87
80-314,restaurant,83271.17
80-316,fast food,33673.08
80-316,restaurant,55301.27
80-317,fast food,15763.01
80-317,restaurant,15838.72
80-320,fast food,79605.7
80-320,restaurant,22176.11
80-321,restaurant,15635.61
80-324,fast food,12935.26
80-324,restaurant,19267.82
80-328,fast food,55939.62
80-328,restaurant,48167.62
80-330,restaurant,14313.64
80-331,restaurant,16023.86
80-333,fast food,18595.21
80-335,restaurant,13060.2
80-339,fast food,11005.2
80-339,restaurant,13951.17
80-340,fast food,12931.3
80-340,restaurant,13674.03
80-341,fast food,22710.9
80-341,restaurant,51193.49
80-342,fast food,61611.33
80-342,restaurant,19506.41
80-344,restaurant,11502.56
80-345,restaurant,37431.17
80-350,fast food,18430.73
80-350,restaurant,12844.12
80-351,restaurant,14851.26
80-354,fast food,9429.19
80-354,restaurant,9217.79
80-360,fast food,16426.92
80-360,restaurant,21308.59
80-363,restaurant,22846.22
80-365,restaurant,15338.57
80-367,restaurant,19862.46
80-368,restaurant,15584.13
80-369,fast food,17455.23
80-369,restaurant,28787.41
80-371,restaurant,19320.34
80-376,restaurant,21583.99
80-377,restaurant,11070.5
80-381,fast food,13529.54
80-381,restaurant,11343.84
80-384,restaurant,31223.38
80-390,restaurant,14007.15
80-391,fast food,23140.47
80-391,restaurant,22066.62
80-392,restaurant,15173.59
80-393,restaurant,12859.67
80-394,restaurant,13533.23
80-396,fast food,14656.66
80-398,fast food,29719.96
80-398,restaurant,14690.78
80-404,restaurant,11917.29
80-414,fast food,46679.0
80-414,restaurant,17492.37
80-416,restaurant,14150.58
80-426,restaurant,15320.51
80-427,fast food,14619.49
80-427,restaurant,10832.13
80-432,restaurant,12677.55
80-434,fast food,14180.76
80-434,restaurant,15384.79
80-437,fast food,16673.37
80-437,restaurant,17218.88
80-438,restaurant,31344.53
80-444,restaurant,16625.68
80-452,fast food,31626.85
80-452,restaurant,37576.68
80-454,restaurant,16943.87
80-460,restaurant,37784.98
80-461,fast food,15941.9
80-462,fast food,12775.02
80-462,restaurant,18201.41
80-463,fast food,29653.19
80-463,restaurant,16081.29
80-464,restaurant,14458.05
80-465,fast food,24300.17
80-465,restaurant,17326.87
80-502,restaurant,53846.46
80-506,fast food,16558.16
80-508,restaurant,18236.2
80-512,fast food,12529.22
80-512,restaurant,25205.01
80-513,restaurant,18568.07
80-515,fast food,13193.05
80-515,restaurant,30820.59
80-516,fast food,20251.67
80-516,restaurant,13535.96
80-518,restaurant,19233.41
80-519,fast food,17256.04
80-524,fast food,12678.98
80-524,restaurant,12374.16
80-531,fast food,12280.64
80-531,restaurant,12115.82
80-534,fast food,10203.36
80-534,restaurant,10066.86
80-536,fast food,15293.01
80-537,restaurant,12151.94
80-538,restaurant,18241.46
80-554,fast food,15749.18
80-557,restaurant,14411.64
80-560,fast food,28086.25
80-560,restaurant,22267.14
80-601,fast food,15670.3
80-601,restaurant,22484.5
80-605,fast food,15563.46
80-626,restaurant,16512.09
80-631,fast food,19060.18
80-642,restaurant,16875.33
80-656,restaurant,23080.68
80-680,fast food,12780.9
80-680,restaurant,28181.37
80-690,fast food,16065.65
80-690,restaurant,12502.64
80-717,restaurant,10946.55
80-718,restaurant,12991.53
80-734,fast food,14398.99
80-736,fast food,21507.07
80-740,restaurant,16945.72
80-742,restaurant,16486.83
80-743,restaurant,11087.75
80-744,fast food,16974.45
80-748,restaurant,68352.96
80-749,fast food,21444.56
80-749,restaurant,33240.25
80-750,fast food,21158.75
80-750,restaurant,81613.5
80-751,fast food,36277.67
80-751,restaurant,20929.28
80-754,fast food,16341.15
80-755,fast food,40996.61
80-755,restaurant,48975.73
80-759,restaurant,13025.28
80-761,restaurant,16683.2
80-765,restaurant,35948.24
80-767,restaurant,13461.45
80-769,restaurant,16509.54
80-802,restaurant,13390.85
80-803,restaurant,12998.05
80-806,fast food,86345.26
80-806,restaurant,57424.92
80-807,fast food,19516.5
80-807,restaurant,9501.82
80-808,restaurant,13574.66
80-809,fast food,16045.38
80-809,restaurant,21165.04
80-819,restaurant,33564.57
80-822,restaurant,16115.43
80-824,restaurant,14546.73
80-826,fast food,24846.43
80-826,restaurant,29024.17
80-827,restaurant,76103.77
80-828,restaurant,56710.5
80-830,fast food,15375.37
80-830,restaurant,70934.06
80-831,fast food,87794.99
80-831,restaurant,45870.56
80-833,restaurant,85843.2
80-834,fast food,15358.2
80-834,restaurant,25727.11
80-835,fast food,56581.09
80-835,restaurant,92301.92
80-836,fast food,20830.84
80-836,restaurant,76959.0
80-837,restaurant,13700.56
80-838,restaurant,56970.17
80-839,restaurant,14471.28
80-840,restaurant,17365.06
80-841,restaurant,53756.59
80-843,restaurant,17387.97
80-844,fast food,39437.97
80-844,restaurant,40408.58
80-850,fast food,67859.21
80-850,restaurant,20836.76
80-851,fast food,17568.09
80-851,restaurant,16137.0
80-852,restaurant,11917.29
80-853,restaurant,67926.86
80-858,restaurant,11805.29
80-860,restaurant,61587.44
80-861,restaurant,35208.84
80-862,fast food,14035.25
80-862,restaurant,30539.27
80-863,fast food,15077.8
80-863,restaurant,17732.52
80-864,fast food,16851.42
80-864,restaurant,10141.24
80-867,restaurant,11917.29
80-870,restaurant,10860.26
80-873,fast food,13857.1
80-873,restaurant,12018.97
80-885,fast food,14327.88
80-886,restaurant,28984.7
80-887,restaurant,15568.56
80-888,restaurant,49802.13
80-890,fast food,32631.59
80-890,restaurant,22828.04
80-894,fast food,43747.68
80-894,restaurant,64542.49
80-895,fast food,88263.63
80-895,restaurant,49030.45
81-001,restaurant,16063.28
81-002,fast food,49947.12
81-005,fast food,64865.46
81-006,restaurant,11170.46
81-007,restaurant,17701.0
81-009,restaurant,14197.94
81-035,restaurant,18755.7
81-041,fast food,11981.26
81-041,restaurant,13595.94
81-044,restaurant,17185.39
81-061,restaurant,13411.38
81-076,restaurant,11617.24
81-087,restaurant,17067.06
81-106,fast food,15286.49
81-108,fast food,15492.34
81-116,fast food,18750.01
81-122,restaurant,14810.79
81-123,restaurant,15609.97
81-127,restaurant,17488.11
81-155,restaurant,14602.11
81-156,restaurant,12107.96
81-167,fast food,14839.31
81-167,restaurant,19394.23
81-171,fast food,13930.84
81-173,restaurant,15430.25
81-174,restaurant,13915.6
81-181,fast food,11501.36
81-181,restaurant,11083.45
81-185,restaurant,14515.39
81-198,fast food,26199.71
81-198,restaurant,23806.29
81-222,fast food,19033.53
81-222,restaurant,18924.39
81-225,fast food,18241.82
81-225,restaurant,13283.92
81-231,restaurant,17025.18
81-232,restaurant,15229.95
81-290,restaurant,15871.42
81-302,fast food,19010.02
81-303,restaurant,20543.76
81-304,fast food,55191.23
81-304,restaurant,46020.28
81-305,fast food,18935.72
81-310,fast food,13470.04
81-310,restaurant,22159.93
81-313,fast food,14574.95
81-314,restaurant,15804.63
81-319,restaurant,17582.78
81-323,restaurant,15674.14
81-324,restaurant,11484.21
81-327,fast food,17184.21
81-334,restaurant,16979.26
81-336,restaurant,14669.93
81-340,restaurant,19336.65
81-345,fast food,28407.87
81-345,restaurant,33481.3
81-347,restaurant,15969.0
81-348,restaurant,42607.96
81-350,restaurant,32046.17
81-352,fast food,17777.5
81-352,restaurant,24452.19
81-354,fast food,116054.83
81-354,restaurant,15835.49
81-355,fast food,11144.05
81-355,restaurant,15586.31
81-356,fast food,18328.01
81-356,restaurant,41720.46
81-361,restaurant,23140.55
81-363,restaurant,29641.65
81-364,fast food,13708.65
81-364,restaurant,18987.96
81-366,fast food,50709.6
81-366,restaurant,19006.07
81-368,fast food,15631.25
81-368,restaurant,23433.58
81-370,restaurant,37972.11
81-371,restaurant,78478.53
81-372,fast food,33727.55
81-372,restaurant,17803.95
81-374,fast food,13910.9
81-374,restaurant,52286.25
81-378,restaurant,18550.67
81-380,restaurant,15804.63
81-381,fast food,13713.05
81-381,restaurant,19004.11
81-383,restaurant,11512.2
81-384,fast food,25669.6
81-384,restaurant,22397.12
81-385,restaurant,15589.34
81-387,restaurant,17725.49
81-388,fast food,14974.78
81-388,restaurant,28428.24
81-389,restaurant,17466.8
81-391,fast food,36601.0
81-391,restaurant,30139.67
81-392,fast food,17298.49
81-393,fast food,15373.48
81-393,restaurant,29421.2
81-395,restaurant,65061.38
81-401,restaurant,14733.58
81-404,restaurant,10479.72
81-406,fast food,17172.53
81-409,restaurant,16858.7
81-417,restaurant,17067.06
81-423,restaurant,16412.67
81-424,fast food,29247.01
81-424,restaurant,33444.61
81-426,restaurant,19820.06
81-431,restaurant,24589.79
81-434,restaurant,15589.34
81-451,restaurant,15073.67
81-455,restaurant,10062.0
81-463,restaurant,22518.39
81-464,restaurant,23304.33
81-466,restaurant,12718.16
81-472,restaurant,16147.68
81-502,restaurant,15125.53
81-509,restaurant,10478.66
81-514,fast food,16635.23
81-519,fast food,43327.23
81-519,restaurant,29117.82
81-521,restaurant,23719.76
81-522,fast food,33493.27
81-522,restaurant,29234.92
81-525,fast food,30645.32
81-525,restaurant,17931.95
81-526,restaurant,13232.93
81-528,restaurant,15106.04
81-531,fast food,14947.73
81-531,restaurant,13045.27
81-537,restaurant,14733.58
81-538,restaurant,28735.95
81-540,restaurant,13683.24
81-542,fast food,15708.32
81-543,restaurant,16200.31
81-545,restaurant,34264.49
81-549,fast food,30207.43
81-549,restaurant,13665.72
81-552,fast food,15581.52
81-552,restaurant,11379.31
81-572,restaurant,10709.35
81-575,restaurant,16222.47
81-577,fast food,15942.86
81-577,restaurant,15686.81
81-578,restaurant,12198.58
81-583,restaurant,13044.86
81-586,fast food,16018.94
81-587,restaurant,13865.97
81-589,fast food,11325.55
81-589,restaurant,26056.61
81-590,restaurant,8794.5
81-591,fast food,13797.57
81-591,restaurant,11318.6
81-598,restaurant,29438.71
81-602,restaurant,16491.85
81-603,restaurant,10857.11
81-611,fast food,11774.77
81-614,restaurant,21122.81
81-615,fast food,8996.47
81-615,restaurant,11020.35
81-624,restaurant,15125.53
81-650,fast food,24396.5
81-650,restaurant,27597.87
81-653,restaurant,15804.63
81-654,fast food,16104.2
81-703,restaurant,16157.47
81-704,fast food,35747.88
81-704,restaurant,23156.93
81-706,fast food,79301.96
81-706,restaurant,14603.18
81-708,restaurant,18561.46
81-712,restaurant,65516.47
81-713,fast food,16910.81
81-713,restaurant,85810.67
81-715,restaurant,17043.57
81-717,fast food,35749.51
81-717,restaurant,27352.22
81-718,fast food,72785.73
81-718,restaurant,47452.48
81-719,restaurant,21233.5
81-720,fast food,21219.61
81-720,restaurant,24178.58
81-731,fast food,22814.08
81-731,restaurant,18429.26
81-737,restaurant,15125.53
81-740,restaurant,17997.99
81-741,restaurant,19062.81
81-742,restaurant,12757.63
81-743,restaurant,18318.47
81-745,fast food,19367.47
81-745,restaurant,18352.3
81-753,fast food,59578.62
81-753,restaurant,15192.36
81-754,restaurant,26014.01
81-757,restaurant,16372.33
81-758,restaurant,16019.06
81-759,fast food,20730.1
81-759,restaurant,44885.87
81-760,restaurant,18620.81
81-762,restaurant,17511.94
81-764,fast food,21580.44
81-764,restaurant,25460.02
81-765,restaurant,14522.14
81-767,fast food,56508.3
81-767,restaurant,47616.64
81-769,restaurant,69528.29
81-771,fast food,11799.18
81-771,restaurant,43005.47
81-777,fast food,56175.87
81-777,restaurant,39124.03
81-805,fast food,13977.99
81-805,restaurant,29956.73
81-807,restaurant,14816.99
81-816,fast food,11028.35
81-816,restaurant,10915.47
81-820,restaurant,14900.58
81-824,restaurant,14509.76
81-826,restaurant,16315.48
81-827,restaurant,15453.62
81-829,restaurant,12723.68
81-836,restaurant,15708.44
81-838,fast food,27414.58
81-838,restaurant,13145.6
81-849,restaurant,12923.45
81-850,restaurant,16972.15
81-853,restaurant,21463.36
81-855,restaurant,40245.97
81-861,restaurant,38291.07
81-881,restaurant,11302.22
82-100,fast food,42865.7
82-100,restaurant,12547.52
82-103,fast food,43324.99
82-103,restaurant,22205.97
82-110,fast food,9381.83
82-110,restaurant,16450.03
82-120,fast food,28159.49
82-120,restaurant,29096.45
82-200,fast food,27800.34
82-200,restaurant,19999.34
82-220,fast food,13044.61
82-220,restaurant,11608.29
82-224,restaurant,10458.08
82-230,fast food,11684.59
82-230,restaurant,8497.79
82-308,fast food,13192.33
82-308,restaurant,13322.6
82-310,fast food,15326.6
82-316,restaurant,10623.51
82-335,restaurant,10554.56
82-340,fast food,16131.21
82-340,restaurant,12723.44
82-400,fast food,11506.24
82-400,restaurant,11126.98
82-420,fast food,10908.77
82-433,restaurant,15416.07
82-440,fast food,18329.92
82-440,restaurant,11394.91
82-450,restaurant,15312.5
82-500,fast food,14459.7
82-500,restaurant,15886.34
82-520,fast food,11964.57
82-520,restaurant,12540.43
82-522,fast food,13752.42
82-550,fast food,11321.76
82-550,restaurant,8526.36
83-000,fast food,28552.2
83-000,restaurant,12377.44
83-010,fast food,18446.2
83-010,restaurant,22864.18
83-011,restaurant,22747.79
83-020,fast food,14790.17
83-020,restaurant,14592.3
83-022,restaurant,12291.32
83-031,fast food,14866.19
83-031,restaurant,12976.35
83-032,fast food,56342.84
83-032,restaurant,9374.88
83-034,fast food,18204.01
83-034,restaurant,18097.36
83-042,restaurant,14856.43
83-047,fast food,15219.44
83-047,restaurant,11188.07
83-050,fast food,16391.58
83-050,restaurant,13711.27
83-110,fast food,15553.66
83-110,restaurant,16173.14
83-113,fast food,20986.03
83-113,restaurant,16402.16
83-115,restaurant,11116.61
83-120,fast food,18107.3
83-121,fast food,9060.44
83-121,restaurant,10276.51
83-130,fast food,10308.64
83-130,restaurant,7622.34
83-132,fast food,13480.88
83-132,restaurant,13731.36
83-135,fast food,27041.2
83-135,restaurant,17127.53
83-140,fast food,7516.18
83-140,restaurant,17704.54
83-200,fast food,17232.96
83-200,restaurant,17855.82
83-210,fast food,19596.1
83-210,restaurant,12448.99
83-212,restaurant,15825.71
83-220,fast food,16360.57
83-220,restaurant,12568.36
83-224,restaurant,15557.4
83-230,fast food,10522.84
83-230,restaurant,11307.36
83-240,fast food,10376.56
83-240,restaurant,9893.37
83-250,fast food,24906.5
83-250,restaurant,13268.66
83-251,restaurant,14684.44
83-260,fast food,10717.88
83-260,restaurant,10574.5
83-262,restaurant,14745.6
83-300,fast food,11152.13
83-300,restaurant,14549.02
83-304,fast food,11107.29
83-304,restaurant,17023.38
83-305,restaurant,10230.79
83-307,fast food,22378.77
83-307,restaurant,13682.47
83-311,fast food,10887.02
83-311,restaurant,11919.53
83-312,restaurant,38654.14
83-314,fast food,8921.62
83-314,restaurant,8445.76
83-315,restaurant,12611.17
83-316,restaurant,22036.51
83-320,fast food,11393.76
83-320,restaurant,11386.74
83-322,restaurant,10671.23
83-328,restaurant,14879.22
83-330,fast food,22771.79
83-330,restaurant,21146.16
83-331,restaurant,14020.45
83-332,restaurant,15355.85
83-333,fast food,12248.52
83-333,restaurant,11640.36
83-334,fast food,13063.99
83-334,restaurant,17558.91
83-340,fast food,11521.41
83-340,restaurant,18330.79
83-341,fast food,12093.47
83-341,restaurant,11931.68
83-400,fast food,24568.99
83-400,restaurant,12795.5
83-404,fast food,11349.56
83-406,restaurant,15067.99
83-407,restaurant,10769.14
83-412,restaurant,16962.24
83-420,restaurant,15520.28
83-423,fast food,13073.83
83-424,fast food,11200.0
83-424,restaurant,7680.58
83-425,restaurant,15470.17
83-430,fast food,13433.01
83-430,restaurant,15288.14
83-440,restaurant,9749.53
83-441,restaurant,21519.63
83-442,fast food,17629.02
83-442,restaurant,26793.12
84-100,fast food,22367.43
84-100,restaurant,14063.16
84-103,fast food,20772.41
84-103,restaurant,13404.23
84-104,fast food,25882.07
84-104,restaurant,35709.89
84-105,fast food,25260.59
84-105,restaurant,28733.59
84-106,restaurant,19750.82
84-107,fast food,15292.83
84-107,restaurant,13363.69
84-110,fast food,26010.42
84-110,restaurant,15261.95
84-113,fast food,19281.77
84-113,restaurant,19687.83
84-120,fast food,26055.45
84-120,restaurant,26678.07
84-140,fast food,42727.7
84-140,restaurant,34872.32
84-150,fast food,25184.56
84-150,restaurant,38608.0
84-200,fast food,25302.91
84-200,restaurant,17852.19
84-206,fast food,14048.62
84-206,restaurant,11785.05
84-207,fast food,16332.85
84-207,restaurant,9906.94
84-208,fast food,10393.28
84-208,restaurant,23317.81
84-210,fast food,12170.78
84-210,restaurant,22843.64
84-214,restaurant,16040.17
84-217,fast food,10094.33
84-217,restaurant,14592.59
84-218,fast food,13691.53
84-218,restaurant,13087.78
84-220,restaurant,18222.02
84-223,restaurant,10458.08
84-230,fast food,28041.39
84-230,restaurant,17171.18
84-239,fast food,11857.05
84-239,restaurant,14763.59
84-240,fast food,42986.63
84-240,restaurant,25613.19
84-241,fast food,11829.64
84-241,restaurant,13653.5
84-242,fast food,9581.12
84-242,restaurant,10000.11
84-250,fast food,8716.89
84-250,restaurant,10990.7
84-252,restaurant,13457.69
84-300,fast food,16928.45
84-300,restaurant,12655.43
84-351,fast food,17950.09
84-351,restaurant,14848.41
84-352,fast food,14452.14
84-352,restaurant,11967.76
84-353,fast food,13649.65
84-353,restaurant,14899.28
84-360,fast food,12246.45
84-360,restaurant,25661.24
85-004,restaurant,63420.13
85-005,fast food,13665.76
85-005,restaurant,16149.56
85-006,restaurant,36246.93
85-007,fast food,14373.95
85-007,restaurant,15294.08
85-009,fast food,10959.27
85-009,restaurant,16299.07
85-010,fast food,10894.54
85-010,restaurant,11302.62
85-011,restaurant,29385.3
85-014,restaurant,17221.27
85-015,restaurant,12631.39
85-016,fast food,17113.12
85-018,fast food,17105.39
85-021,restaurant,13071.92
85-022,restaurant,18546.46
85-023,fast food,13663.46
85-023,restaurant,10988.32
85-024,restaurant,16593.56
85-027,fast food,40308.7
85-027,restaurant,11739.15
85-030,restaurant,10946.55
85-034,fast food,11830.91
85-034,restaurant,27999.62
85-035,restaurant,11064.03
85-036,restaurant,14636.34
85-038,fast food,13563.16
85-039,restaurant,10649.65
85-046,fast food,16064.68
85-046,restaurant,11468.61
85-050,restaurant,13269.84
85-054,restaurant,14315.1
85-056,restaurant,16647.1
85-057,restaurant,28377.07
85-058,fast food,17105.39
85-059,restaurant,11943.02
85-062,fast food,12661.98
85-062,restaurant,30040.72
85-065,restaurant,14684.98
85-066,restaurant,12821.61
85-067,restaurant,14043.42
85-068,restaurant,36727.99
85-070,fast food,15625.65
85-070,restaurant,52475.18
85-071,restaurant,15355.25
85-078,restaurant,11432.94
85-079,fast food,14412.25
85-080,restaurant,14219.44
85-082,fast food,94314.72
85-082,restaurant,37908.3
85-085,restaurant,28213.28
85-087,restaurant,18713.8
85-088,fast food,13215.48
85-088,restaurant,17538.54
85-089,restaurant,15167.98
85-090,fast food,10370.57
85-090,restaurant,12739.74
85-091,restaurant,15522.31
85-092,fast food,14753.78
85-092,restaurant,24816.66
85-094,restaurant,24548.25
85-097,fast food,65265.04
85-097,restaurant,32075.47
85-098,fast food,18261.5
85-099,restaurant,32229.32
85-100,restaurant,11663.8
85-103,restaurant,18333.04
85-104,restaurant,52471.98
85-105,fast food,20998.89
85-105,restaurant,31707.92
85-109,restaurant,14617.49
85-110,fast food,14765.71
85-110,restaurant,36679.49
85-111,fast food,9406.89
85-111,restaurant,19647.16
85-112,fast food,37363.34
85-112,restaurant,16044.08
85-116,restaurant,16151.38
85-117,fast food,21984.71
85-117,restaurant,18080.12
85-121,restaurant,13593.01
85-124,restaurant,17770.89
85-125,restaurant,13850.32
85-127,fast food,21362.65
85-129,restaurant,28390.54
85-130,fast food,14886.59
85-130,restaurant,68441.05
85-131,restaurant,15730.47
85-132,fast food,15417.46
85-135,restaurant,15575.86
85-151,restaurant,18592.98
85-154,restaurant,16832.34
85-163,restaurant,15628.2
85-168,fast food,11875.98
85-168,restaurant,21454.77
85-171,fast food,70750.16
85-171,restaurant,33129.27
85-174,restaurant,13791.99
85-179,fast food,13293.34
85-207,restaurant,20430.1
85-213,fast food,19355.92
85-213,restaurant,20742.57
85-224,fast food,29881.76
85-231,restaurant,14772.85
85-303,fast food,16627.28
85-307,restaurant,27783.05
85-308,restaurant,13871.34
85-309,restaurant,15703.44
85-312,restaurant,10071.51
85-315,restaurant,16240.01
85-316,fast food,16725.29
85-319,restaurant,11891.45
85-320,restaurant,17244.48
85-322,fast food,17247.32
85-347,restaurant,14446.47
85-358,restaurant,17586.09
85-387,fast food,12733.04
85-387,restaurant,18116.22
85-391,restaurant,13915.47
85-401,fast food,17256.04
85-413,fast food,12641.4
85-413,restaurant,10711.42
85-433,fast food,11422.7
85-435,fast food,13471.12
85-435,restaurant,12775.54
85-467,fast food,19315.17
85-467,restaurant,20641.57
85-502,restaurant,17146.77
85-569,fast food,12770.39
85-569,restaurant,12599.54
85-604,restaurant,16137.34
85-636,fast food,20445.57
85-642,restaurant,15791.85
85-643,restaurant,12044.11
85-667,restaurant,13381.71
85-674,fast food,36720.29
85-674,restaurant,27062.1
85-675,restaurant,14219.44
85-676,restaurant,11064.03
85-681,restaurant,14654.37
85-687,restaurant,33430.41
85-704,restaurant,13446.14
85-707,fast food,12864.31
85-711,fast food,10504.52
85-711,restaurant,10363.99
85-717,restaurant,19046.62
85-733,fast food,9631.92
85-733,restaurant,16673.88
85-737,restaurant,15799.55
85-738,fast food,15979.63
85-739,fast food,42360.87
85-739,restaurant,27305.53
85-752,restaurant,14678.01
85-758,restaurant,12331.07
85-766,restaurant,10500.67
85-776,fast food,21902.03
85-778,restaurant,11302.22
85-790,fast food,13181.44
85-790,restaurant,18403.07
85-791,fast food,12832.36
85-791,restaurant,15485.48
85-792,fast food,13881.29
85-792,restaurant,12710.68
85-793,fast food,10300.52
85-793,restaurant,8641.38
85-794,fast food,16386.56
85-794,restaurant,9115.67
85-795,restaurant,15352.47
85-796,fast food,13228.47
85-796,restaurant,22082.73
85-804,restaurant,15765.85
85-819,restaurant,12000.52
85-825,fast food,13187.16
85-825,restaurant,25898.52
85-826,restaurant,26081.88
85-828,fast food,17256.04
85-834,restaurant,12317.91
85-840,restaurant,14292.6
85-856,fast food,13713.9
85-858,restaurant,14840.16
85-861,fast food,10695.4
85-861,restaurant,13925.81
85-862,restaurant,16197.55
85-863,restaurant,14434.97
85-864,restaurant,13711.85
85-870,restaurant,11206.43
85-893,restaurant,15667.66
86-005,fast food,11667.7
86-005,restaurant,13018.12
86-010,fast food,13427.41
86-010,restaurant,19020.69
86-011,fast food,9682.14
86-011,restaurant,19318.49
86-013,fast food,13605.06
86-013,restaurant,21794.84
86-014,fast food,39362.43
86-014,restaurant,15531.89
86-017,restaurant,14992.77
86-021,fast food,17837.7
86-021,restaurant,29069.85
86-022,restaurant,16345.16
86-031,fast food,9701.33
86-031,restaurant,21034.69
86-032,fast food,44368.08
86-032,restaurant,11009.43
86-050,fast food,8555.79
86-050,restaurant,14421.27
86-060,fast food,10840.43
86-060,restaurant,11441.76
86-061,fast food,15299.17
86-061,restaurant,11032.2
86-065,fast food,12887.64
86-065,restaurant,15495.7
86-070,fast food,11540.99
86-070,restaurant,10741.44
86-100,fast food,23183.13
86-100,restaurant,14904.88
86-105,restaurant,11197.79
86-111,restaurant,13094.02
86-120,fast food,14387.78
86-120,restaurant,12595.41
86-122,fast food,15335.01
86-122,restaurant,15678.23
86-130,fast food,10894.43
86-130,restaurant,14918.44
86-131,fast food,13711.91
86-131,restaurant,13528.47
86-134,fast food,12705.44
86-134,restaurant,27381.81
86-140,restaurant,11197.72
86-141,restaurant,20781.23
86-150,fast food,25090.22
86-150,restaurant,24097.87
86-160,restaurant,9117.77
86-170,fast food,9014.65
86-170,restaurant,9291.78
86-182,fast food,11345.75
86-182,restaurant,11301.39
86-200,fast food,14568.81
86-200,restaurant,19153.59
86-202,fast food,11652.39
86-202,restaurant,10999.17
86-212,restaurant,12358.0
86-221,fast food,11608.5
86-221,restaurant,9592.74
86-230,fast food,31390.34
86-253,fast food,10430.39
86-260,fast food,10744.7
86-260,restaurant,9065.28
86-302,fast food,19509.53
86-302,restaurant,15506.49
86-318,fast food,10742.67
86-318,restaurant,11822.62
86-320,fast food,9978.78
86-320,restaurant,9366.28
86-330,fast food,12590.55
86-330,restaurant,11874.52
87-103,fast food,80851.76
87-103,restaurant,29336.85
87-106,fast food,87844.4
87-106,restaurant,30231.59
87-110,restaurant,16655.18
87-123,fast food,11927.81
87-125,fast food,11763.28
87-125,restaurant,21988.13
87-134,fast food,20606.69
87-134,restaurant,9825.01
87-140,fast food,16993.81
87-140,restaurant,14095.52
87-148,fast food,9947.27
87-148,restaurant,9965.22
87-152,fast food,11978.4
87-152,restaurant,8691.08
87-162,fast food,9484.83
87-162,restaurant,12854.36
87-165,fast food,31609.76
87-165,restaurant,11957.86
87-200,fast food,15283.15
87-200,restaurant,15947.54
87-207,restaurant,13679.16
87-213,restaurant,17771.4
87-214,fast food,13452.3
87-214,restaurant,13840.39
87-222,fast food,12101.7
87-222,restaurant,10873.37
87-300,fast food,22027.85
87-300,restaurant,8857.79
87-301,restaurant,16111.87
87-305,restaurant,15337.37
87-313,restaurant,17486.75
87-320,fast food,18542.93
87-320,restaurant,10672.72
87-321,restaurant,12156.26
87-330,fast food,9760.53
87-330,restaurant,9108.38
87-335,restaurant,12748.51
87-337,restaurant,16645.11
87-340,restaurant,11087.31
87-400,fast food,9742.57
87-400,restaurant,16927.5
87-404,fast food,15604.12
87-408,fast food,13190.25
87-408,restaurant,28748.15
87-410,fast food,10198.08
87-410,restaurant,7107.39
87-423,restaurant,10553.91
87-500,fast food,10274.63
87-500,restaurant,13745.26
87-510,fast food,11071.43
87-510,restaurant,11500.56
87-600,fast food,13391.33
87-600,restaurant,11232.81
87-602,fast food,10475.82
87-602,restaurant,13552.39
87-603,restaurant,10445.0
87-605,fast food,9706.72
87-610,restaurant,12050.25
87-615,restaurant,12845.73
87-617,fast food,15196.07
87-620,restaurant,11448.31
87-630,fast food,9567.7
87-630,restaurant,9651.24
87-640,fast food,9001.16
87-640,restaurant,9436.76
87-645,restaurant,14249.89
87-700,fast food,20593.96
87-700,restaurant,11520.27
87-704,fast food,13793.86
87-704,restaurant,12786.57
87-710,fast food,16296.88
87-720,fast food,15300.12
87-720,restaurant,21098.15
87-731,fast food,12032.27
87-731,restaurant,12070.93
87-732,fast food,10026.73
87-732,restaurant,10532.35
87-811,fast food,10456.68
87-811,restaurant,10705.99
87-815,restaurant,11159.61
87-820,fast food,11752.4
87-820,restaurant,14678.51
87-821,fast food,9768.79
87-821,restaurant,10956.4
87-840,fast food,30908.25
87-840,restaurant,9818.12
87-850,fast food,12757.81
87-850,restaurant,10444.63
87-853,restaurant,12595.49
87-860,fast food,14359.85
87-860,restaurant,15830.25
87-865,fast food,15896.76
87-875,restaurant,12424.99
87-880,fast food,31993.12
87-880,restaurant,8591.0
87-890,fast food,15921.88
87-890,restaurant,12174.92
88-100,fast food,14340.11
88-100,restaurant,14818.92
88-101,restaurant,12456.54
88-111,restaurant,8174.21
88-133,fast food,15049.75
88-140,fast food,8668.62
88-140,restaurant,13701.06
88-150,fast food,15528.24
88-150,restaurant,11496.11
88-160,restaurant,9540.62
88-170,fast food,10835.14
88-170,restaurant,11176.93
88-180,fast food,14895.13
88-180,restaurant,10761.41
88-190,fast food,10621.28
88-190,restaurant,10290.52
88-192,fast food,7963.67
88-192,restaurant,9899.86
88-200,fast food,7373.1
88-200,restaurant,11777.38
88-210,restaurant,13740.9
88-220,fast food,10120.58
88-220,restaurant,9985.19
88-230,fast food,7985.58
88-230,restaurant,10494.93
88-300,fast food,11898.31
88-300,restaurant,16770.99
88-306,restaurant,12938.2
88-320,fast food,11323.59
88-320,restaurant,11173.31
88-321,restaurant,14265.28
88-324,fast food,15101.87
88-324,restaurant,10207.43
88-330,restaurant,13608.59
88-400,fast food,24438.49
88-400,restaurant,17468.67
88-410,fast food,28505.73
88-410,restaurant,20844.61
88-420,fast food,17798.32
88-420,restaurant,13242.88
88-430,fast food,10748.07
88-430,restaurant,10397.2
89-100,fast food,15220.69
89-100,restaurant,12997.18
89-110,fast food,8307.18
89-110,restaurant,16318.89
89-115,fast food,6293.35
89-115,restaurant,10525.06
89-200,fast food,11982.39
89-200,restaurant,13670.38
89-210,fast food,9336.37
89-210,restaurant,12260.81
89-240,fast food,8158.77
89-240,restaurant,9190.31
89-300,fast food,13886.08
89-300,restaurant,13191.35
89-310,fast food,14153.46
89-310,restaurant,13471.79
89-320,fast food,16440.49
89-320,restaurant,11842.5
89-333,fast food,12080.19
89-333,restaurant,11469.78
89-340,restaurant,8886.67
89-350,restaurant,14848.41
89-400,fast food,11344.9
89-400,restaurant,7850.08
89-410,fast food,10927.77
89-410,restaurant,8907.94
89-413,restaurant,15139.61
89-422,restaurant,12313.1
89-430,restaurant,10381.74
89-500,fast food,19392.46
89-500,restaurant,10391.35
89-502,fast food,13018.51
89-502,restaurant,16226.74
89-504,fast food,21529.57
89-504,restaurant,14391.05
89-506,restaurant,14412.66
89-510,fast food,11758.03
89-510,restaurant,11221.45
89-511,fast food,11759.06
89-511,restaurant,11032.5
89-512,restaurant,14282.27
89-520,fast food,11170.42
89-525,restaurant,15825.71
89-526,fast food,15049.75
89-530,fast food,14212.26
89-530,restaurant,16002.86
89-600,fast food,14452.0
89-600,restaurant,16208.58
89-606,fast food,10988.4
89-606,restaurant,21816.37
89-607,fast food,19362.81
89-607,restaurant,28101.47
89-608,fast food,15709.91
89-608,restaurant,24997.73
89-620,fast food,8713.3
89-620,restaurant,31251.03
89-632,restaurant,13272.94
89-642,restaurant,12257.97
89-650,fast food,10482.43
89-650,restaurant,12415.24
89-652,restaurant,17581.48
90-002,restaurant,12692.21
90-004,fast food,66260.91
90-004,restaurant,34861.22
90-006,fast food,81565.83
90-006,restaurant,26497.5
90-007,restaurant,12731.05
90-009,restaurant,20472.4
90-011,restaurant,15775.29
90-026,restaurant,15351.48
90-031,restaurant,16832.72
90-032,restaurant,14384.01
90-042,restaurant,14026.05
90-043,fast food,50117.05
90-043,restaurant,17401.17
90-047,fast food,16502.14
90-051,restaurant,37000.28
90-054,restaurant,42938.04
90-055,fast food,22673.67
90-056,restaurant,30764.01
90-057,fast food,11997.18
90-057,restaurant,17378.82
90-060,restaurant,17095.18
90-062,fast food,28927.23
90-062,restaurant,36983.55
90-063,restaurant,13129.48
90-101,restaurant,10999.25
90-102,fast food,10757.66
90-102,restaurant,19148.61
90-103,fast food,69669.27
90-103,restaurant,36801.82
90-105,fast food,19103.14
90-105,restaurant,18517.66
90-106,restaurant,14501.57
90-107,restaurant,45875.62
90-110,fast food,15825.0
90-113,restaurant,19012.07
90-114,restaurant,18105.02
90-117,restaurant,14724.92
90-119,restaurant,12465.6
90-125,restaurant,17259.08
90-127,restaurant,14081.87
90-130,fast food,13424.5
90-130,restaurant,13833.81
90-132,restaurant,15351.6
90-135,fast food,15929.89
90-135,restaurant,25963.87
90-138,restaurant,14244.96
90-139,restaurant,20599.68
90-142,restaurant,18923.52
90-146,restaurant,18316.22
90-153,restaurant,15585.12
90-156,fast food,23390.52
90-156,restaurant,15251.49
90-201,fast food,22546.48
90-202,restaurant,19252.73
90-212,restaurant,13058.02
90-213,restaurant,13358.78
90-215,fast food,17187.74
90-225,restaurant,11189.31
90-232,restaurant,16838.92
90-233,restaurant,13533.23
90-236,restaurant,16676.49
90-237,fast food,15846.35
90-237,restaurant,23855.26
90-248,fast food,12601.92
90-248,restaurant,15023.93
90-249,restaurant,14812.47
90-254,fast food,68640.24
90-254,restaurant,13445.88
90-261,fast food,17187.74
90-265,fast food,15779.66
90-266,restaurant,14942.41
90-269,fast food,19699.05
90-269,restaurant,11157.5
90-270,fast food,13363.77
90-270,restaurant,13184.99
90-272,restaurant,12556.73
90-273,restaurant,14499.41
90-301,restaurant,9423.11
90-302,restaurant,12839.83
90-303,restaurant,13703.9
90-306,restaurant,32957.34
90-307,fast food,76520.31
90-307,restaurant,57215.33
90-312,restaurant,20285.49
90-323,restaurant,14402.96
90-329,fast food,10187.74
90-329,restaurant,14414.21
90-330,restaurant,12808.76
90-337,restaurant,15613.29
90-338,restaurant,15398.94
90-344,restaurant,15398.94
90-345,fast food,22145.33
90-345,restaurant,19085.71
90-349,restaurant,14555.74
90-350,fast food,19450.66
90-350,restaurant,19617.4
90-355,fast food,19119.34
90-357,restaurant,14137.8
90-360,fast food,19354.43
90-368,fast food,14808.7
90-368,restaurant,12228.25
90-369,fast food,39777.99
90-369,restaurant,29736.82
90-401,restaurant,16945.72
90-402,fast food,10758.3
90-402,restaurant,18021.52
90-404,restaurant,15568.56
90-406,restaurant,18669.58
90-407,restaurant,14869.19
90-408,restaurant,15568.56
90-410,fast food,23854.81
90-410,restaurant,22042.1
90-413,fast food,25647.66
90-413,restaurant,22808.83
90-414,restaurant,21086.49
90-418,restaurant,10936.1
90-419,restaurant,18496.1
90-420,fast food,8617.72
90-420,restaurant,12610.25
90-422,restaurant,36074.89
90-423,restaurant,16320.64
90-425,fast food,34821.0
90-425,restaurant,48752.93
90-426,fast food,21440.38
90-426,restaurant,10644.74
90-427,restaurant,16229.14
90-430,fast food,15372.28
90-430,restaurant,16273.39
90-431,restaurant,14191.55
90-434,fast food,18303.45
90-436,restaurant,12000.52
90-440,restaurant,14886.04
90-442,restaurant,20295.54
90-443,fast food,55326.15
90-443,restaurant,14015.81
90-450,restaurant,11596.84
90-451,fast food,14670.79
90-451,restaurant,15695.91
90-456,restaurant,15680.34
90-458,restaurant,16673.44
90-503,restaurant,12744.38
90-536,restaurant,16224.96
90-537,restaurant,19166.17
90-542,fast food,30735.78
90-542,restaurant,12270.25
90-545,restaurant,12744.38
90-549,restaurant,15288.69
90-552,restaurant,15613.29
90-553,fast food,17191.65
90-553,restaurant,17064.2
90-554,restaurant,11100.95
90-556,restaurant,15568.56
90-563,restaurant,15384.97
90-606,restaurant,49198.97
90-609,restaurant,18000.03
90-613,restaurant,11261.3
90-615,restaurant,15245.72
90-623,restaurant,13079.33
90-624,restaurant,9765.74
90-635,restaurant,12556.73
90-644,fast food,16475.66
90-646,restaurant,15307.5
90-703,restaurant,15602.17
90-707,fast food,16575.25
90-708,restaurant,11643.76
90-715,fast food,11125.65
90-730,restaurant,10860.26
90-739,fast food,16851.12
90-752,fast food,20827.68
90-752,restaurant,18011.38
90-753,restaurant,15833.92
90-764,restaurant,14245.44
90-960,restaurant,18346.78
91-001,restaurant,16945.72
91-002,fast food,72655.88
91-002,restaurant,33235.87
91-006,restaurant,16945.72
91-009,fast food,15414.8
91-017,restaurant,16565.81
91-020,fast food,23593.88
91-022,restaurant,13304.88
91-025,fast food,13278.13
91-030,restaurant,15355.25
91-032,restaurant,12084.21
91-039,restaurant,16205.49
91-041,restaurant,13718.25
91-042,restaurant,15278.64
91-050,restaurant,14171.34
91-055,fast food,18017.72
91-055,restaurant,15642.19
91-058,fast food,15496.0
91-062,restaurant,19282.68
91-063,restaurant,12526.03
91-065,restaurant,45451.56
91-066,restaurant,14454.94
91-071,fast food,50124.41
91-071,restaurant,28451.39
91-073,fast food,17303.01
91-078,restaurant,10441.32
91-085,restaurant,16223.1
91-087,restaurant,15602.17
91-089,restaurant,17940.53
91-103,restaurant,14569.11
91-116,fast food,17011.06
91-117,fast food,60769.26
91-117,restaurant,19698.49
91-120,restaurant,17660.9
91-128,restaurant,13993.51
91-134,fast food,14863.8
91-134,restaurant,17877.85
91-142,restaurant,13114.23
91-150,restaurant,56156.76
91-155,fast food,20331.66
91-157,restaurant,47723.87
91-174,fast food,12915.05
91-174,restaurant,12742.27
91-180,restaurant,20805.29
91-202,fast food,16983.43
91-202,restaurant,18695.72
91-203,restaurant,16372.4
91-204,restaurant,15995.62
91-205,fast food,49860.52
91-205,restaurant,9132.5
91-211,fast food,25345.47
91-211,restaurant,16499.4
91-212,fast food,11341.03
91-213,fast food,15933.9
91-214,restaurant,18877.14
91-224,restaurant,11588.74
91-232,restaurant,16780.88
91-303,restaurant,9176.83
91-321,fast food,13707.05
91-323,restaurant,11895.62
91-327,restaurant,12518.21
91-329,fast food,14206.12
91-329,restaurant,13968.24
91-334,restaurant,15277.93
91-341,fast food,12651.15
91-341,restaurant,16128.7
91-342,restaurant,12747.39
91-347,restaurant,12558.88
91-351,fast food,16370.39
91-357,restaurant,16145.06
91-358,restaurant,11971.16
91-362,fast food,13806.11
91-362,restaurant,17511.23
91-364,restaurant,15765.85
91-365,fast food,13079.67
91-365,restaurant,10958.84
91-370,fast food,14658.94
91-371,restaurant,18418.81
91-402,restaurant,17740.01
91-403,fast food,22564.7
91-403,restaurant,15372.04
91-404,fast food,32783.67
91-404,restaurant,27304.44
91-408,restaurant,14662.73
91-409,restaurant,15765.85
91-415,restaurant,16647.14
91-416,restaurant,14195.75
91-421,fast food,21044.92
91-425,restaurant,17025.18
91-432,restaurant,15602.17
91-445,fast food,12598.88
91-445,restaurant,13849.21
91-449,restaurant,15056.78
91-456,fast food,14391.32
91-456,restaurant,9121.65
91-458,restaurant,19973.8
91-463,fast food,15756.51
91-463,restaurant,14855.7
91-464,fast food,15749.18
91-471,restaurant,25268.98
91-474,restaurant,15355.25
91-487,fast food,11192.7
91-495,fast food,10432.51
91-495,restaurant,11743.85
91-496,fast food,12758.76
91-496,restaurant,11989.11
91-497,restaurant,11980.81
91-498,restaurant,13665.98
91-503,fast food,17241.12
91-512,fast food,18847.72
91-513,fast food,26032.09
91-513,restaurant,18921.15
91-520,restaurant,14215.61
91-526,restaurant,14375.43
91-531,restaurant,17179.93
91-610,fast food,13099.7
91-610,restaurant,12291.51
91-613,restaurant,19950.02
91-711,restaurant,15125.53
91-725,restaurant,14455.32
91-734,restaurant,20007.93
91-735,restaurant,15871.42
91-738,restaurant,14595.12
91-754,restaurant,15498.17
91-805,restaurant,11943.02
91-833,restaurant,19245.29
91-839,fast food,15225.1
91-845,fast food,12194.59
91-845,restaurant,11761.94
91-848,restaurant,12506.27
91-849,restaurant,11617.24
91-850,fast food,15048.28
91-850,restaurant,11712.4
91-852,restaurant,15108.91
91-857,restaurant,15140.38
91-859,fast food,17389.14
91-865,fast food,16779.81
92-103,restaurant,29591.35
92-109,restaurant,16690.4
92-202,restaurant,23223.45
92-207,fast food,13766.99
92-207,restaurant,26239.03
92-213,fast food,25487.85
92-213,restaurant,18321.0
92-216,restaurant,18236.2
92-230,restaurant,16268.88
92-236,restaurant,11026.68
92-302,restaurant,15148.16
92-305,restaurant,19592.76
92-306,fast food,9968.75
92-306,restaurant,19947.04
92-312,restaurant,15490.49
92-315,fast food,17256.04
92-316,restaurant,14724.92
92-320,restaurant,15572.79
92-332,fast food,51473.35
92-332,restaurant,19426.78
92-402,fast food,14423.15
92-402,restaurant,13715.7
92-410,restaurant,17418.38
92-412,restaurant,11203.09
92-413,fast food,11248.85
92-413,restaurant,11318.83
92-414,restaurant,13873.34
92-417,fast food,11172.6
92-417,restaurant,13513.38
92-431,restaurant,11043.19
92-444,restaurant,14581.4
92-504,restaurant,17086.89
92-511,fast food,16892.38
92-511,restaurant,13184.7
92-513,restaurant,9434.9
92-515,restaurant,23706.45
92-516,restaurant,11704.63
92-521,restaurant,17010.46
92-525,restaurant,16279.78
92-531,fast food,14395.75
92-531,restaurant,27924.9
92-540,restaurant,11216.83
92-541,restaurant,14115.19
92-542,restaurant,17156.48
92-544,restaurant,12329.08
92-546,restaurant,12078.25
92-547,restaurant,17153.68
92-548,restaurant,15457.79
92-550,restaurant,16293.64
92-551,fast food,9695.78
92-551,restaurant,14042.67
92-620,restaurant,14067.65
92-701,restaurant,14436.66
92-703,fast food,12905.66
92-720,restaurant,14268.51
92-735,fast food,11661.12
92-735,restaurant,9145.83
92-776,restaurant,11734.71
92-780,restaurant,13853.78
93-004,restaurant,18046.45
93-005,fast food,8449.31
93-005,restaurant,20245.96
93-008,restaurant,11301.34
93-029,restaurant,15703.44
93-034,restaurant,13304.88
93-036,fast food,15532.97
93-102,restaurant,15936.47
93-110,restaurant,15388.67
93-113,restaurant,12675.95
93-115,restaurant,11218.06
93-120,restaurant,14436.73
93-126,restaurant,14287.9
93-142,fast food,17115.66
93-142,restaurant,12596.21
93-148,restaurant,15538.48
93-153,restaurant,14621.74
93-157,restaurant,10883.71
93-161,restaurant,11883.93
93-162,fast food,9355.43
93-162,restaurant,11150.42
93-172,fast food,21849.3
93-172,restaurant,9767.47
93-181,fast food,18689.9
93-184,fast food,15801.86
93-188,restaurant,15277.93
93-189,restaurant,20413.8
93-192,fast food,11670.29
93-193,restaurant,14654.51
93-202,fast food,14981.89
93-202,restaurant,11814.54
93-203,fast food,14310.24
93-203,restaurant,14851.18
93-208,restaurant,11560.96
93-213,fast food,26706.41
93-213,restaurant,23038.1
93-219,fast food,8549.09
93-219,restaurant,10992.64
93-231,restaurant,11561.28
93-232,restaurant,15595.72
93-239,restaurant,13060.2
93-252,restaurant,18907.15
93-253,restaurant,13033.95
93-258,restaurant,20583.58
93-266,fast food,15669.78
93-271,fast food,12500.84
93-271,restaurant,13190.13
93-272,restaurant,13638.28
93-279,restaurant,18120.94
93-286,fast food,12686.74
93-286,restaurant,11231.03
93-310,restaurant,12709.41
93-311,restaurant,16651.84
93-317,fast food,19286.0
93-317,restaurant,28952.16
93-318,fast food,11718.73
93-318,restaurant,25999.07
93-323,restaurant,15278.62
93-331,restaurant,15343.44
93-338,restaurant,27092.86
93-355,restaurant,22743.09
93-364,restaurant,15398.94
93-377,restaurant,13418.97
93-379,restaurant,18734.81
93-408,restaurant,15765.85
93-418,restaurant,30417.47
93-423,fast food,15395.29
93-423,restaurant,11637.8
93-424,fast food,15964.23
93-424,restaurant,11936.29
93-428,fast food,16173.68
93-451,fast food,17423.13
93-452,fast food,12365.92
93-452,restaurant,13820.27
93-457,fast food,35946.75
93-457,restaurant,23842.68
93-466,fast food,12882.28
93-466,restaurant,13601.18
93-472,restaurant,14908.42
93-479,restaurant,13917.0
93-485,restaurant,10999.25
93-491,restaurant,12078.25
93-504,restaurant,10883.71
93-509,restaurant,14406.31
93-510,restaurant,15216.27
93-513,restaurant,14814.71
93-521,restaurant,13066.57
93-523,restaurant,15703.44
93-530,restaurant,24630.68
93-545,restaurant,13722.05
93-548,fast food,30740.88
93-548,restaurant,16498.19
93-557,restaurant,16876.54
93-558,fast food,10092.93
93-558,restaurant,10691.45
93-569,restaurant,23328.94
93-590,fast food,59743.57
93-590,restaurant,28142.83
93-610,fast food,10822.73
93-610,restaurant,9685.64
93-614,restaurant,11247.07
93-642,fast food,14502.89
93-642,restaurant,9729.69
93-645,fast food,20419.95
94-003,restaurant,10883.71
94-004,fast food,45683.49
94-004,restaurant,15744.18
94-012,restaurant,13276.22
94-015,restaurant,13184.31
94-016,restaurant,15245.72
94-020,fast food,10819.38
94-020,restaurant,12887.58
94-029,restaurant,10910.66
94-035,fast food,13267.9
94-036,restaurant,17013.27
94-039,restaurant,15023.66
94-042,restaurant,12087.24
94-046,fast food,18692.4
94-046,restaurant,15789.74
94-047,restaurant,11790.68
94-048,restaurant,18389.39
94-050,restaurant,11460.01
94-051,fast food,12635.59
94-051,restaurant,9495.73
94-052,fast food,14301.13
94-054,restaurant,13075.8
94-056,fast food,14661.39
94-056,restaurant,22152.73
94-102,fast food,55622.39
94-102,restaurant,13423.38
94-104,fast food,18447.25
94-108,restaurant,35441.29
94-109,restaurant,17910.78
94-128,restaurant,19196.07
94-221,restaurant,13313.13
94-227,restaurant,15501.48
94-230,fast food,23237.53
94-231,restaurant,14344.67
94-234,restaurant,14801.44
94-244,restaurant,12774.42
94-279,restaurant,12078.25
94-302,restaurant,11943.02
94-303,fast food,36508.35
94-303,restaurant,25965.94
94-311,restaurant,13167.62
94-328,restaurant,28644.59
94-406,restaurant,12161.95
94-409,fast food,15979.63
95-001,fast food,13518.1
95-001,restaurant,14629.23
95-002,fast food,39166.26
95-002,restaurant,11210.35
95-006,restaurant,15671.17
95-010,fast food,47786.36
95-010,restaurant,11481.86
95-011,fast food,13252.8
95-015,fast food,10400.65
95-015,restaurant,7643.21
95-020,fast food,17378.8
95-020,restaurant,11253.56
95-030,fast food,26473.12
95-030,restaurant,19924.83
95-035,fast food,7894.38
95-035,restaurant,12436.41
95-039,fast food,14025.32
95-040,fast food,13535.92
95-040,restaurant,14407.68
95-041,restaurant,13448.98
95-043,restaurant,12814.03
95-045,fast food,36714.86
95-047,restaurant,11777.01
95-050,fast food,10705.58
95-050,restaurant,12031.94
95-054,fast food,12722.32
95-054,restaurant,13761.45
95-060,fast food,10830.91
95-060,restaurant,11117.94
95-061,fast food,54295.05
95-063,restaurant,9956.96
95-070,fast food,18916.92
95-070,restaurant,19311.09
95-073,restaurant,15005.0
95-080,fast food,9600.74
95-080,restaurant,16210.93
95-081,restaurant,13625.83
95-082,fast food,19590.11
95-082,restaurant,8632.93
95-083,fast food,9870.86
95-083,restaurant,9359.36
95-100,fast food,14928.78
95-100,restaurant,17793.2
95-200,fast food,14444.15
95-200,restaurant,15288.15
95-201,fast food,23704.99
95-201,restaurant,15665.66
95-204,fast food,17193.17
95-204,restaurant,18285.0
96-111,restaurant,13275.18
96-124,restaurant,13603.46
96-127,fast food,10820.56
96-127,restaurant,10193.17
96-130,fast food,12502.42
96-130,restaurant,13975.78
96-200,fast food,14952.96
96-200,restaurant,15544.64
96-214,restaurant,13740.9
96-230,fast food,9430.38
96-230,restaurant,8645.07
96-232,restaurant,25151.35
96-313,fast food,9510.31
96-313,restaurant,6978.01
96-314,fast food,36961.59
96-314,restaurant,12988.16
96-315,fast food,17803.28
96-315,restaurant,7926.39
96-316,fast food,16015.8
96-320,fast food,32510.45
96-320,restaurant,11529.1
96-321,restaurant,19658.69
96-325,fast food,46726.42
96-325,restaurant,10881.36
96-330,fast food,10704.42
96-330,restaurant,20404.15
96-500,fast food,17919.93
96-500,restaurant,13378.27
96-503,restaurant,11241.29
96-512,restaurant,12818.29
96-513,restaurant,14848.41
96-514,restaurant,14992.77
96-515,fast food,13517.89
96-515,restaurant,9878.96
96-520,fast food,36701.21
96-521,fast food,11874.98
96-521,restaurant,11137.78
97-200,fast food,15088.54
97-200,restaurant,16558.24
97-203,fast food,11458.35
97-203,restaurant,14043.82
97-212,fast food,10977.96
97-212,restaurant,10475.79
97-213,fast food,17787.92
97-213,restaurant,14536.26
97-215,fast food,23433.19
97-215,restaurant,15020.72
97-216,fast food,13945.06
97-216,restaurant,12742.92
97-217,restaurant,9434.07
97-220,fast food,13821.89
97-220,restaurant,21170.56
97-225,fast food,13468.5
97-225,restaurant,13644.38
97-300,fast food,17356.61
97-300,restaurant,15628.42
97-310,fast food,13185.93
97-310,restaurant,9690.51
97-318,fast food,11278.88
97-319,fast food,16595.51
97-320,fast food,45261.03
97-320,restaurant,20503.15
97-330,fast food,17833.2
97-330,restaurant,11569.76
97-340,fast food,10279.31
97-340,restaurant,9848.57
97-350,fast food,9302.19
97-350,restaurant,9350.9
97-352,restaurant,15825.71
97-360,restaurant,13235.68
97-371,restaurant,11265.54
97-400,fast food,17605.87
97-400,restaurant,17900.77
97-403,restaurant,12156.26
97-410,fast food,37683.92
97-410,restaurant,14383.05
97-415,fast food,11575.64
97-415,restaurant,14250.46
97-420,restaurant,9746.29
97-425,fast food,10686.54
97-425,restaurant,7602.88
97-427,restaurant,11821.68
97-438,fast food,10614.95
97-438,restaurant,11290.9
97-500,fast food,9756.71
97-500,restaurant,14760.73
97-512,restaurant,20153.14
97-524,restaurant,10287.9
97-525,restaurant,14992.77
97-532,restaurant,14265.83
97-540,fast food,11601.75
97-540,restaurant,13018.37
97-545,fast food,10314.4
97-545,restaurant,10113.23
97-561,fast food,34389.9
97-570,fast food,8388.26
97-570,restaurant,10773.94
98-100,fast food,35210.66
98-100,restaurant,14239.15
98-105,restaurant,10432.14
98-113,fast food,16724.29
98-113,restaurant,16580.54
98-160,fast food,14493.27
98-170,fast food,12913.36
98-170,restaurant,9931.96
98-200,fast food,13486.06
98-200,restaurant,15738.47
98-215,restaurant,11077.34
98-220,fast food,15434.24
98-220,restaurant,16672.63
98-235,fast food,13862.55
98-235,restaurant,14044.13
98-240,restaurant,8856.47
98-260,restaurant,9018.09
98-270,fast food,10206.62
98-270,restaurant,10222.53
98-273,restaurant,17858.04
98-275,fast food,11358.5
98-275,restaurant,10828.21
98-277,fast food,10599.89
98-290,fast food,13280.41
98-290,restaurant,19467.33
98-300,fast food,15427.14
98-300,restaurant,16172.6
98-311,restaurant,12538.12
98-313,restaurant,17639.28
98-320,fast food,11023.01
98-320,restaurant,10246.98
98-324,restaurant,15394.43
98-330,fast food,13082.26
98-330,restaurant,16148.24
98-331,fast food,12632.61
98-331,restaurant,15274.27
98-332,restaurant,13486.4
98-335,restaurant,13546.27
98-338,fast food,13029.4
98-338,restaurant,10680.56
98-345,restaurant,14843.26
98-346,fast food,11115.76
98-350,fast food,14345.05
98-355,fast food,9650.1
98-355,restaurant,10878.48
98-360,fast food,10387.39
98-360,restaurant,10372.25
98-400,fast food,16192.96
98-400,restaurant,13860.82
98-405,restaurant,13054.97
98-410,restaurant,14848.41
98-420,fast food,20768.16
98-420,restaurant,24150.97
99-100,fast food,12225.33
99-100,restaurant,16567.31
99-120,restaurant,8962.37
99-122,restaurant,13617.52
99-150,restaurant,9319.02
99-200,fast food,10976.75
99-200,restaurant,22951.33
99-210,fast food,13618.29
99-210,restaurant,22727.12
99-220,fast food,11729.51
99-220,restaurant,7427.98
99-235,restaurant,17525.28
99-300,fast food,13489.31
99-300,restaurant,11780.56
99-307,fast food,15397.85
99-307,restaurant,10406.85
99-311,restaurant,11991.11
99-320,fast food,7238.58
99-320,restaurant,9678.76
99-322,fast food,18042.58
99-340,restaurant,14340.02
99-350,restaurant,10458.08
99-352,fast food,13495.22
99-352,restaurant,26067.18
99-400,fast food,12695.61
99-400,restaurant,15412.17
99-413,restaurant,14254.84
99-416,fast food,19132.55
99-416,restaurant,26415.99
99-417,fast food,12015.38
99-417,restaurant,17759.69
99-418,fast food,70139.04
99-418,restaurant,15246.84
99-420,fast food,9390.7
99-420,restaurant,6815.44
99-423,restaurant,14820.18
99-434,fast food,18194.35
99-434,restaurant,10526.08
99-440,fast food,9483.29
99-440,restaurant,9130.94
